country_code,year_data,incgroup_historical,fcv,ssa_subregion_code,year,income_group,income_group_code
AGO,2001,Low income,Yes,Eastern and Southern Africa,2001,Low income,LIC
BDI,2016,Low income,Yes,Eastern and Southern Africa,2016,Low income,LIC
BEN,1991,Low income,,Western and Central Africa,1991,Low income,LIC
BFA,2017,Low income,No,Western and Central Africa,2017,Low income,LIC
BWA,1990,Lower middle income,,Eastern and Southern Africa,1990,Lower middle income,LMIC
CAF,1994,Low income,,Western and Central Africa,1994,Low income,LIC
CIV,2015,Lower middle income,Yes,Western and Central Africa,2015,Lower middle income,LMIC
CMR,2022,Lower middle income,Yes,Western and Central Africa,2022,Lower middle income,LMIC
COD,1989,Low income,,Eastern and Southern Africa,1989,Low income,LIC
COG,2024,Lower middle income,Yes,Western and Central Africa,2024,Lower middle income,LMIC
COM,2023,Lower middle income,Yes,Eastern and Southern Africa,2023,Lower middle income,LMIC
CPV,2000,Lower middle income,No,Western and Central Africa,2000,Lower middle income,LMIC
ERI,1994,Low income,,Eastern and Southern Africa,1994,Low income,LIC
ETH,1998,Low income,No,Eastern and Southern Africa,1998,Low income,LIC
GAB,2004,Upper middle income,No,Western and Central Africa,2004,Upper middle income,UMIC
GHA,2002,Low income,No,Western and Central Africa,2002,Low income,LIC
GIN,1994,Low income,,Western and Central Africa,1994,Low income,LIC
GMB,2014,Low income,Yes,Western and Central Africa,2014,Low income,LIC
GNB,2011,Low income,Yes,Western and Central Africa,2011,Low income,LIC
GNQ,2010,High income,No,Western and Central Africa,2010,High income,HIC
KEN,1991,Low income,,Eastern and Southern Africa,1991,Low income,LIC
LBR,1995,Low income,,Western and Central Africa,1995,Low income,LIC
LSO,1997,Low income,,Eastern and Southern Africa,1997,Low income,LIC
MDG,2019,Low income,No,Eastern and Southern Africa,2019,Low income,LIC
MLI,1995,Low income,,Western and Central Africa,1995,Low income,LIC
MOZ,2009,Low income,No,Eastern and Southern Africa,2009,Low income,LIC
MRT,2007,Low income,No,Western and Central Africa,2007,Low income,LIC
MUS,2019,High income,No,Eastern and Southern Africa,2019,High income,HIC
MWI,1994,Low income,,Eastern and Southern Africa,1994,Low income,LIC
NAM,1992,Lower middle income,,Eastern and Southern Africa,1992,Lower middle income,LMIC
NER,1991,Low income,,Western and Central Africa,1991,Low income,LIC
NGA,1992,Low income,,Western and Central Africa,1992,Low income,LIC
RWA,2024,Low income,No,Eastern and Southern Africa,2024,Low income,LIC
SDN,2018,Lower middle income,Yes,Eastern and Southern Africa,2018,Lower middle income,LMIC
SEN,2022,Lower middle income,No,Western and Central Africa,2022,Lower middle income,LMIC
SLE,2019,Low income,No,Western and Central Africa,2019,Low income,LIC
SOM,1998,Low income,Yes,Eastern and Southern Africa,1998,Low income,LIC
SSD,2004,Lower middle income,No,Eastern and Southern Africa,2004,Lower middle income,LMIC
STP,1990,Low income,,Eastern and Southern Africa,1990,Low income,LIC
SWZ,2022,Lower middle income,No,Eastern and Southern Africa,2022,Lower middle income,LMIC
SYC,2020,High income,No,Eastern and Southern Africa,2020,High income,HIC
TCD,2020,Low income,Yes,Western and Central Africa,2020,Low income,LIC
TGO,1998,Low income,No,Western and Central Africa,1998,Low income,LIC
TZA,2006,Low income,No,Eastern and Southern Africa,2006,Low income,LIC
UGA,1987,Low income,,Eastern and Southern Africa,1987,Low income,LIC
ZAF,2014,Upper middle income,No,Eastern and Southern Africa,2014,Upper middle income,UMIC
ZMB,2007,Low income,No,Eastern and Southern Africa,2007,Low income,LIC
ZWE,1999,Low income,No,Eastern and Southern Africa,1999,Low income,LIC
ABW,2024,High income,No,,2024,High income,HIC
ABW,1987,High income,,,1987,High income,HIC
ABW,2019,High income,No,,2019,High income,HIC
ABW,1995,High income,,,1995,High income,HIC
ABW,1992,Upper middle income,,,1992,Upper middle income,UMIC
ABW,2013,High income,No,,2013,High income,HIC
ABW,2021,High income,No,,2021,High income,HIC
ABW,2000,High income,No,,2000,High income,HIC
ABW,2003,High income,No,,2003,High income,HIC
ABW,2004,High income,No,,2004,High income,HIC
ABW,1994,High income,,,1994,High income,HIC
ABW,2006,High income,No,,2006,High income,HIC
ABW,2011,High income,No,,2011,High income,HIC
ABW,2017,High income,No,,2017,High income,HIC
ABW,2008,High income,No,,2008,High income,HIC
ABW,1991,Upper middle income,,,1991,Upper middle income,UMIC
ABW,2010,High income,No,,2010,High income,HIC
ABW,2001,High income,No,,2001,High income,HIC
ABW,1993,Upper middle income,,,1993,Upper middle income,UMIC
ABW,1998,High income,No,,1998,High income,HIC
ABW,2005,High income,No,,2005,High income,HIC
ABW,1997,High income,,,1997,High income,HIC
ABW,1999,High income,No,,1999,High income,HIC
ABW,2012,High income,No,,2012,High income,HIC
ABW,1989,High income,,,1989,High income,HIC
ABW,2007,High income,No,,2007,High income,HIC
ABW,1996,High income,,,1996,High income,HIC
ABW,1990,High income,,,1990,High income,HIC
ABW,2018,High income,No,,2018,High income,HIC
ABW,1988,High income,,,1988,High income,HIC
ABW,2020,High income,No,,2020,High income,HIC
ABW,2002,High income,No,,2002,High income,HIC
ABW,2022,High income,No,,2022,High income,HIC
ABW,2009,High income,No,,2009,High income,HIC
ABW,2023,High income,No,,2023,High income,HIC
ABW,2016,High income,No,,2016,High income,HIC
ABW,2014,High income,No,,2014,High income,HIC
ABW,2015,High income,No,,2015,High income,HIC
AFG,1991,Low income,,,1991,Low income,LIC
AFG,1998,Low income,Yes,,1998,Low income,LIC
AFG,2014,Low income,Yes,,2014,Low income,LIC
AFG,2000,Low income,Yes,,2000,Low income,LIC
AFG,2010,Low income,Yes,,2010,Low income,LIC
AFG,2002,Low income,Yes,,2002,Low income,LIC
AFG,1990,Low income,,,1990,Low income,LIC
AFG,1994,Low income,,,1994,Low income,LIC
AFG,1996,Low income,,,1996,Low income,LIC
AFG,2001,Low income,Yes,,2001,Low income,LIC
AFG,2020,Low income,Yes,,2020,Low income,LIC
AFG,2009,Low income,Yes,,2009,Low income,LIC
AFG,2017,Low income,Yes,,2017,Low income,LIC
AFG,1995,Low income,,,1995,Low income,LIC
AFG,2024,Low income,Yes,,2024,Low income,LIC
AFG,2021,Low income,Yes,,2021,Low income,LIC
AFG,1987,Low income,,,1987,Low income,LIC
AFG,2018,Low income,Yes,,2018,Low income,LIC
AFG,2005,Low income,Yes,,2005,Low income,LIC
AFG,2008,Low income,Yes,,2008,Low income,LIC
AFG,2022,Low income,Yes,,2022,Low income,LIC
AFG,1992,Low income,,,1992,Low income,LIC
AFG,2004,Low income,Yes,,2004,Low income,LIC
AFG,1997,Low income,,,1997,Low income,LIC
AFG,2007,Low income,Yes,,2007,Low income,LIC
AFG,1999,Low income,Yes,,1999,Low income,LIC
AFG,1989,Low income,,,1989,Low income,LIC
AFG,2011,Low income,Yes,,2011,Low income,LIC
AFG,1988,Low income,,,1988,Low income,LIC
AFG,2003,Low income,Yes,,2003,Low income,LIC
AFG,2006,Low income,Yes,,2006,Low income,LIC
AFG,2015,Low income,Yes,,2015,Low income,LIC
AFG,2016,Low income,Yes,,2016,Low income,LIC
AFG,2023,Low income,Yes,,2023,Low income,LIC
AFG,2013,Low income,Yes,,2013,Low income,LIC
AFG,2012,Low income,Yes,,2012,Low income,LIC
AFG,2019,Low income,Yes,,2019,Low income,LIC
AFG,1993,Low income,,,1993,Low income,LIC
AGO,2023,Lower middle income,No,Eastern and Southern Africa,2023,Lower middle income,LMIC
AGO,2011,Upper middle income,Yes,Eastern and Southern Africa,2011,Upper middle income,UMIC
AGO,2008,Lower middle income,Yes,Eastern and Southern Africa,2008,Lower middle income,LMIC
AGO,1999,Low income,Yes,Eastern and Southern Africa,1999,Low income,LIC
AGO,1993,Lower middle income,,Eastern and Southern Africa,1993,Lower middle income,LMIC
AGO,1989,Lower middle income,,Eastern and Southern Africa,1989,Lower middle income,LMIC
AGO,2015,Upper middle income,No,Eastern and Southern Africa,2015,Upper middle income,UMIC
AGO,1991,Lower middle income,,Eastern and Southern Africa,1991,Lower middle income,LMIC
AGO,2007,Lower middle income,Yes,Eastern and Southern Africa,2007,Lower middle income,LMIC
AGO,1996,Low income,,Eastern and Southern Africa,1996,Low income,LIC
AGO,1990,Lower middle income,,Eastern and Southern Africa,1990,Lower middle income,LMIC
AGO,1998,Low income,Yes,Eastern and Southern Africa,1998,Low income,LIC
AGO,2012,Upper middle income,No,Eastern and Southern Africa,2012,Upper middle income,UMIC
AGO,2003,Low income,Yes,Eastern and Southern Africa,2003,Low income,LIC
AGO,1994,Lower middle income,,Eastern and Southern Africa,1994,Lower middle income,LMIC
AGO,1997,Low income,,Eastern and Southern Africa,1997,Low income,LIC
AGO,2017,Lower middle income,No,Eastern and Southern Africa,2017,Lower middle income,LMIC
AGO,1988,Lower middle income,,Eastern and Southern Africa,1988,Lower middle income,LMIC
AGO,2002,Low income,Yes,Eastern and Southern Africa,2002,Low income,LIC
AGO,2013,Upper middle income,No,Eastern and Southern Africa,2013,Upper middle income,UMIC
AGO,2014,Upper middle income,No,Eastern and Southern Africa,2014,Upper middle income,UMIC
AGO,2004,Lower middle income,Yes,Eastern and Southern Africa,2004,Lower middle income,LMIC
AGO,2009,Lower middle income,Yes,Eastern and Southern Africa,2009,Lower middle income,LMIC
AGO,2021,Lower middle income,No,Eastern and Southern Africa,2021,Lower middle income,LMIC
AGO,1987,Lower middle income,,Eastern and Southern Africa,1987,Lower middle income,LMIC
AGO,1995,Low income,,Eastern and Southern Africa,1995,Low income,LIC
AGO,2020,Lower middle income,No,Eastern and Southern Africa,2020,Lower middle income,LMIC
AGO,2006,Lower middle income,Yes,Eastern and Southern Africa,2006,Lower middle income,LMIC
AGO,2022,Lower middle income,No,Eastern and Southern Africa,2022,Lower middle income,LMIC
AGO,2016,Lower middle income,No,Eastern and Southern Africa,2016,Lower middle income,LMIC
AGO,2010,Lower middle income,Yes,Eastern and Southern Africa,2010,Lower middle income,LMIC
AGO,2005,Lower middle income,Yes,Eastern and Southern Africa,2005,Lower middle income,LMIC
AGO,2024,Lower middle income,No,Eastern and Southern Africa,2024,Lower middle income,LMIC
AGO,2018,Lower middle income,No,Eastern and Southern Africa,2018,Lower middle income,LMIC
AGO,2019,Lower middle income,No,Eastern and Southern Africa,2019,Lower middle income,LMIC
AGO,1992,Lower middle income,,Eastern and Southern Africa,1992,Lower middle income,LMIC
AGO,2000,Low income,Yes,Eastern and Southern Africa,2000,Low income,LIC
ALB,2017,Upper middle income,No,,2017,Upper middle income,UMIC
ALB,2015,Upper middle income,No,,2015,Upper middle income,UMIC
ALB,2006,Lower middle income,No,,2006,Lower middle income,LMIC
ALB,1989,Lower middle income,,,1989,Lower middle income,LMIC
ALB,2021,Upper middle income,No,,2021,Upper middle income,UMIC
ALB,2003,Lower middle income,No,,2003,Lower middle income,LMIC
ALB,2002,Lower middle income,No,,2002,Lower middle income,LMIC
ALB,1999,Lower middle income,No,,1999,Lower middle income,LMIC
ALB,2010,Upper middle income,No,,2010,Upper middle income,UMIC
ALB,1988,Lower middle income,,,1988,Lower middle income,LMIC
ALB,1997,Low income,,,1997,Low income,LIC
ALB,2023,Upper middle income,No,,2023,Upper middle income,UMIC
ALB,2007,Lower middle income,No,,2007,Lower middle income,LMIC
ALB,2011,Lower middle income,No,,2011,Lower middle income,LMIC
ALB,1998,Lower middle income,No,,1998,Lower middle income,LMIC
ALB,1992,Lower middle income,,,1992,Lower middle income,LMIC
ALB,2004,Lower middle income,No,,2004,Lower middle income,LMIC
ALB,2019,Upper middle income,No,,2019,Upper middle income,UMIC
ALB,2001,Lower middle income,No,,2001,Lower middle income,LMIC
ALB,2009,Upper middle income,No,,2009,Upper middle income,UMIC
ALB,1994,Low income,,,1994,Low income,LIC
ALB,1987,Lower middle income,,,1987,Lower middle income,LMIC
ALB,1995,Low income,,,1995,Low income,LIC
ALB,1990,Lower middle income,,,1990,Lower middle income,LMIC
ALB,2022,Upper middle income,No,,2022,Upper middle income,UMIC
ALB,1996,Lower middle income,,,1996,Lower middle income,LMIC
ALB,2020,Upper middle income,No,,2020,Upper middle income,UMIC
ALB,2024,Upper middle income,No,,2024,Upper middle income,UMIC
ALB,1991,Lower middle income,,,1991,Lower middle income,LMIC
ALB,1993,Low income,,,1993,Low income,LIC
ALB,2016,Upper middle income,No,,2016,Upper middle income,UMIC
ALB,2013,Upper middle income,No,,2013,Upper middle income,UMIC
ALB,2000,Lower middle income,No,,2000,Lower middle income,LMIC
ALB,2018,Upper middle income,No,,2018,Upper middle income,UMIC
ALB,2012,Upper middle income,No,,2012,Upper middle income,UMIC
ALB,2014,Upper middle income,No,,2014,Upper middle income,UMIC
ALB,2005,Lower middle income,No,,2005,Lower middle income,LMIC
ALB,2008,Lower middle income,No,,2008,Lower middle income,LMIC
AND,1992,High income,,,1992,High income,HIC
AND,2003,High income,No,,2003,High income,HIC
AND,1999,High income,No,,1999,High income,HIC
AND,2002,High income,No,,2002,High income,HIC
AND,1995,High income,,,1995,High income,HIC
AND,2007,High income,No,,2007,High income,HIC
AND,1993,High income,,,1993,High income,HIC
AND,1989,High income,,,1989,High income,HIC
AND,2020,High income,No,,2020,High income,HIC
AND,1996,High income,,,1996,High income,HIC
AND,2017,High income,No,,2017,High income,HIC
AND,2023,High income,No,,2023,High income,HIC
AND,2012,High income,No,,2012,High income,HIC
AND,2022,High income,No,,2022,High income,HIC
AND,2011,High income,No,,2011,High income,HIC
AND,2021,High income,No,,2021,High income,HIC
AND,1987,High income,,,1987,High income,HIC
AND,2024,High income,No,,2024,High income,HIC
AND,2015,High income,No,,2015,High income,HIC
AND,2006,High income,No,,2006,High income,HIC
AND,1994,High income,,,1994,High income,HIC
AND,2014,High income,No,,2014,High income,HIC
AND,2009,High income,No,,2009,High income,HIC
AND,1997,High income,,,1997,High income,HIC
AND,2000,High income,No,,2000,High income,HIC
AND,2004,High income,No,,2004,High income,HIC
AND,1988,High income,,,1988,High income,HIC
AND,2013,High income,No,,2013,High income,HIC
AND,2016,High income,No,,2016,High income,HIC
AND,1998,High income,No,,1998,High income,HIC
AND,2008,High income,No,,2008,High income,HIC
AND,2019,High income,No,,2019,High income,HIC
AND,1990,High income,,,1990,High income,HIC
AND,2001,High income,No,,2001,High income,HIC
AND,2010,High income,No,,2010,High income,HIC
AND,1991,High income,,,1991,High income,HIC
AND,2005,High income,No,,2005,High income,HIC
AND,2018,High income,No,,2018,High income,HIC
ARE,2004,High income,No,,2004,High income,HIC
ARE,1990,High income,,,1990,High income,HIC
ARE,2020,High income,No,,2020,High income,HIC
ARE,1997,High income,,,1997,High income,HIC
ARE,1989,High income,,,1989,High income,HIC
ARE,2002,High income,No,,2002,High income,HIC
ARE,2017,High income,No,,2017,High income,HIC
ARE,1987,High income,,,1987,High income,HIC
ARE,2003,High income,No,,2003,High income,HIC
ARE,2015,High income,No,,2015,High income,HIC
ARE,2019,High income,No,,2019,High income,HIC
ARE,2018,High income,No,,2018,High income,HIC
ARE,2012,High income,No,,2012,High income,HIC
ARE,2000,High income,No,,2000,High income,HIC
ARE,1995,High income,,,1995,High income,HIC
ARE,2024,High income,No,,2024,High income,HIC
ARE,1998,High income,No,,1998,High income,HIC
ARE,2010,High income,No,,2010,High income,HIC
ARE,1992,High income,,,1992,High income,HIC
ARE,2008,High income,No,,2008,High income,HIC
ARE,2014,High income,No,,2014,High income,HIC
ARE,2007,High income,No,,2007,High income,HIC
ARE,2022,High income,No,,2022,High income,HIC
ARE,2001,High income,No,,2001,High income,HIC
ARE,1993,High income,,,1993,High income,HIC
ARE,2005,High income,No,,2005,High income,HIC
ARE,2021,High income,No,,2021,High income,HIC
ARE,2009,High income,No,,2009,High income,HIC
ARE,1999,High income,No,,1999,High income,HIC
ARE,2011,High income,No,,2011,High income,HIC
ARE,2013,High income,No,,2013,High income,HIC
ARE,1994,High income,,,1994,High income,HIC
ARE,2006,High income,No,,2006,High income,HIC
ARE,2023,High income,No,,2023,High income,HIC
ARE,1996,High income,,,1996,High income,HIC
ARE,2016,High income,No,,2016,High income,HIC
ARE,1991,High income,,,1991,High income,HIC
ARE,1988,High income,,,1988,High income,HIC
ARG,1996,Upper middle income,,,1996,Upper middle income,UMIC
ARG,2003,Upper middle income,No,,2003,Upper middle income,UMIC
ARG,2022,Upper middle income,No,,2022,Upper middle income,UMIC
ARG,1987,Upper middle income,,,1987,Upper middle income,UMIC
ARG,2020,Upper middle income,No,,2020,Upper middle income,UMIC
ARG,2008,Upper middle income,No,,2008,Upper middle income,UMIC
ARG,2005,Upper middle income,No,,2005,Upper middle income,UMIC
ARG,2013,Upper middle income,No,,2013,Upper middle income,UMIC
ARG,1992,Upper middle income,,,1992,Upper middle income,UMIC
ARG,2016,Upper middle income,No,,2016,Upper middle income,UMIC
ARG,2017,High income,No,,2017,High income,HIC
ARG,2018,Upper middle income,No,,2018,Upper middle income,UMIC
ARG,1990,Lower middle income,,,1990,Lower middle income,LMIC
ARG,2009,Upper middle income,No,,2009,Upper middle income,UMIC
ARG,2015,Upper middle income,No,,2015,Upper middle income,UMIC
ARG,1989,Lower middle income,,,1989,Lower middle income,LMIC
ARG,2019,Upper middle income,No,,2019,Upper middle income,UMIC
ARG,1988,Upper middle income,,,1988,Upper middle income,UMIC
ARG,2021,Upper middle income,No,,2021,Upper middle income,UMIC
ARG,2006,Upper middle income,No,,2006,Upper middle income,UMIC
ARG,2011,Upper middle income,No,,2011,Upper middle income,UMIC
ARG,2007,Upper middle income,No,,2007,Upper middle income,UMIC
ARG,2002,Upper middle income,No,,2002,Upper middle income,UMIC
ARG,1994,Upper middle income,,,1994,Upper middle income,UMIC
ARG,1993,Upper middle income,,,1993,Upper middle income,UMIC
ARG,1997,Upper middle income,,,1997,Upper middle income,UMIC
ARG,1991,Upper middle income,,,1991,Upper middle income,UMIC
ARG,2012,Upper middle income,No,,2012,Upper middle income,UMIC
ARG,1998,Upper middle income,No,,1998,Upper middle income,UMIC
ARG,2004,Upper middle income,No,,2004,Upper middle income,UMIC
ARG,2024,Upper middle income,No,,2024,Upper middle income,UMIC
ARG,2023,Upper middle income,No,,2023,Upper middle income,UMIC
ARG,1999,Upper middle income,No,,1999,Upper middle income,UMIC
ARG,1995,Upper middle income,,,1995,Upper middle income,UMIC
ARG,2001,Upper middle income,No,,2001,Upper middle income,UMIC
ARG,2000,Upper middle income,No,,2000,Upper middle income,UMIC
ARG,2010,Upper middle income,No,,2010,Upper middle income,UMIC
ARG,2014,High income,No,,2014,High income,HIC
ARM,2016,Lower middle income,No,,2016,Lower middle income,LMIC
ARM,2015,Lower middle income,No,,2015,Lower middle income,LMIC
ARM,2008,Lower middle income,No,,2008,Lower middle income,LMIC
ARM,2003,Lower middle income,No,,2003,Lower middle income,LMIC
ARM,2000,Low income,No,,2000,Low income,LIC
ARM,1999,Low income,No,,1999,Low income,LIC
ARM,1998,Low income,No,,1998,Low income,LIC
ARM,1993,Low income,,,1993,Low income,LIC
ARM,2020,Upper middle income,Yes,,2020,Upper middle income,UMIC
ARM,2018,Upper middle income,No,,2018,Upper middle income,UMIC
ARM,2004,Lower middle income,No,,2004,Lower middle income,LMIC
ARM,2017,Upper middle income,No,,2017,Upper middle income,UMIC
ARM,2021,Upper middle income,No,,2021,Upper middle income,UMIC
ARM,1995,Low income,,,1995,Low income,LIC
ARM,2007,Lower middle income,No,,2007,Lower middle income,LMIC
ARM,2009,Lower middle income,No,,2009,Lower middle income,LMIC
ARM,2012,Lower middle income,No,,2012,Lower middle income,LMIC
ARM,2002,Lower middle income,No,,2002,Lower middle income,LMIC
ARM,2006,Lower middle income,No,,2006,Lower middle income,LMIC
ARM,1997,Low income,,,1997,Low income,LIC
ARM,1990,Lower middle income,,,1990,Lower middle income,LMIC
ARM,1994,Low income,,,1994,Low income,LIC
ARM,2005,Lower middle income,No,,2005,Lower middle income,LMIC
ARM,2013,Lower middle income,No,,2013,Lower middle income,LMIC
ARM,1988,Lower middle income,,,1988,Lower middle income,LMIC
ARM,2010,Lower middle income,No,,2010,Lower middle income,LMIC
ARM,1987,Lower middle income,,,1987,Lower middle income,LMIC
ARM,2019,Upper middle income,No,,2019,Upper middle income,UMIC
ARM,1991,Lower middle income,,,1991,Lower middle income,LMIC
ARM,2024,Upper middle income,No,,2024,Upper middle income,UMIC
ARM,2022,Upper middle income,No,,2022,Upper middle income,UMIC
ARM,1996,Low income,,,1996,Low income,LIC
ARM,1992,Lower middle income,,,1992,Lower middle income,LMIC
ARM,2011,Lower middle income,No,,2011,Lower middle income,LMIC
ARM,2001,Low income,No,,2001,Low income,LIC
ARM,2014,Lower middle income,No,,2014,Lower middle income,LMIC
ARM,1989,Lower middle income,,,1989,Lower middle income,LMIC
ARM,2023,Upper middle income,No,,2023,Upper middle income,UMIC
ASM,2019,Upper middle income,No,,2019,Upper middle income,UMIC
ASM,2008,Upper middle income,No,,2008,Upper middle income,UMIC
ASM,2005,Upper middle income,No,,2005,Upper middle income,UMIC
ASM,1995,Upper middle income,,,1995,Upper middle income,UMIC
ASM,2024,High income,No,,2024,High income,HIC
ASM,1996,Upper middle income,,,1996,Upper middle income,UMIC
ASM,2018,Upper middle income,No,,2018,Upper middle income,UMIC
ASM,2021,Upper middle income,No,,2021,Upper middle income,UMIC
ASM,1987,High income,,,1987,High income,HIC
ASM,2007,Upper middle income,No,,2007,Upper middle income,UMIC
ASM,1994,Upper middle income,,,1994,Upper middle income,UMIC
ASM,2000,Upper middle income,No,,2000,Upper middle income,UMIC
ASM,2001,Upper middle income,No,,2001,Upper middle income,UMIC
ASM,2014,Upper middle income,No,,2014,Upper middle income,UMIC
ASM,1991,Upper middle income,,,1991,Upper middle income,UMIC
ASM,2022,High income,No,,2022,High income,HIC
ASM,2011,Upper middle income,No,,2011,Upper middle income,UMIC
ASM,2016,Upper middle income,No,,2016,Upper middle income,UMIC
ASM,2006,Upper middle income,No,,2006,Upper middle income,UMIC
ASM,1990,Upper middle income,,,1990,Upper middle income,UMIC
ASM,2012,Upper middle income,No,,2012,Upper middle income,UMIC
ASM,1998,Upper middle income,No,,1998,Upper middle income,UMIC
ASM,2009,Upper middle income,No,,2009,Upper middle income,UMIC
ASM,2023,High income,No,,2023,High income,HIC
ASM,2020,Upper middle income,No,,2020,Upper middle income,UMIC
ASM,1999,Upper middle income,No,,1999,Upper middle income,UMIC
ASM,1993,Upper middle income,,,1993,Upper middle income,UMIC
ASM,1997,Upper middle income,,,1997,Upper middle income,UMIC
ASM,2013,Upper middle income,No,,2013,Upper middle income,UMIC
ASM,2002,Upper middle income,No,,2002,Upper middle income,UMIC
ASM,1989,High income,,,1989,High income,HIC
ASM,2015,Upper middle income,No,,2015,Upper middle income,UMIC
ASM,2003,Upper middle income,No,,2003,Upper middle income,UMIC
ASM,2004,Upper middle income,No,,2004,Upper middle income,UMIC
ASM,1992,Upper middle income,,,1992,Upper middle income,UMIC
ASM,1988,High income,,,1988,High income,HIC
ASM,2010,Upper middle income,No,,2010,Upper middle income,UMIC
ASM,2017,Upper middle income,No,,2017,Upper middle income,UMIC
ATG,2018,High income,No,,2018,High income,HIC
ATG,2000,Upper middle income,No,,2000,Upper middle income,UMIC
ATG,1992,Upper middle income,,,1992,Upper middle income,UMIC
ATG,2017,High income,No,,2017,High income,HIC
ATG,2005,High income,No,,2005,High income,HIC
ATG,2022,High income,No,,2022,High income,HIC
ATG,1995,Upper middle income,,,1995,Upper middle income,UMIC
ATG,2023,High income,No,,2023,High income,HIC
ATG,1987,Upper middle income,,,1987,Upper middle income,UMIC
ATG,2016,High income,No,,2016,High income,HIC
ATG,1998,Upper middle income,No,,1998,Upper middle income,UMIC
ATG,2010,Upper middle income,No,,2010,Upper middle income,UMIC
ATG,1994,Upper middle income,,,1994,Upper middle income,UMIC
ATG,2003,Upper middle income,No,,2003,Upper middle income,UMIC
ATG,2009,Upper middle income,No,,2009,Upper middle income,UMIC
ATG,2024,High income,No,,2024,High income,HIC
ATG,2011,Upper middle income,No,,2011,Upper middle income,UMIC
ATG,1996,Upper middle income,,,1996,Upper middle income,UMIC
ATG,2008,High income,No,,2008,High income,HIC
ATG,2021,High income,No,,2021,High income,HIC
ATG,1990,Upper middle income,,,1990,Upper middle income,UMIC
ATG,2006,High income,No,,2006,High income,HIC
ATG,2012,High income,No,,2012,High income,HIC
ATG,1989,Upper middle income,,,1989,Upper middle income,UMIC
ATG,2001,Upper middle income,No,,2001,Upper middle income,UMIC
ATG,2015,High income,No,,2015,High income,HIC
ATG,1991,Upper middle income,,,1991,Upper middle income,UMIC
ATG,2002,High income,No,,2002,High income,HIC
ATG,1997,Upper middle income,,,1997,Upper middle income,UMIC
ATG,2004,Upper middle income,No,,2004,Upper middle income,UMIC
ATG,2013,High income,No,,2013,High income,HIC
ATG,2020,High income,No,,2020,High income,HIC
ATG,2014,High income,No,,2014,High income,HIC
ATG,2007,High income,No,,2007,High income,HIC
ATG,2019,High income,No,,2019,High income,HIC
ATG,1999,Upper middle income,No,,1999,Upper middle income,UMIC
ATG,1993,Upper middle income,,,1993,Upper middle income,UMIC
ATG,1988,Upper middle income,,,1988,Upper middle income,UMIC
AUS,2020,High income,No,,2020,High income,HIC
AUS,1992,High income,,,1992,High income,HIC
AUS,2015,High income,No,,2015,High income,HIC
AUS,2008,High income,No,,2008,High income,HIC
AUS,2012,High income,No,,2012,High income,HIC
AUS,2024,High income,No,,2024,High income,HIC
AUS,2000,High income,No,,2000,High income,HIC
AUS,1987,High income,,,1987,High income,HIC
AUS,2016,High income,No,,2016,High income,HIC
AUS,1988,High income,,,1988,High income,HIC
AUS,1989,High income,,,1989,High income,HIC
AUS,1991,High income,,,1991,High income,HIC
AUS,1993,High income,,,1993,High income,HIC
AUS,2009,High income,No,,2009,High income,HIC
AUS,2021,High income,No,,2021,High income,HIC
AUS,2019,High income,No,,2019,High income,HIC
AUS,2010,High income,No,,2010,High income,HIC
AUS,2023,High income,No,,2023,High income,HIC
AUS,2006,High income,No,,2006,High income,HIC
AUS,2007,High income,No,,2007,High income,HIC
AUS,2011,High income,No,,2011,High income,HIC
AUS,1999,High income,No,,1999,High income,HIC
AUS,1998,High income,No,,1998,High income,HIC
AUS,2017,High income,No,,2017,High income,HIC
AUS,1996,High income,,,1996,High income,HIC
AUS,2013,High income,No,,2013,High income,HIC
AUS,2001,High income,No,,2001,High income,HIC
AUS,1995,High income,,,1995,High income,HIC
AUS,2018,High income,No,,2018,High income,HIC
AUS,2005,High income,No,,2005,High income,HIC
AUS,2003,High income,No,,2003,High income,HIC
AUS,1990,High income,,,1990,High income,HIC
AUS,2014,High income,No,,2014,High income,HIC
AUS,2002,High income,No,,2002,High income,HIC
AUS,1994,High income,,,1994,High income,HIC
AUS,2022,High income,No,,2022,High income,HIC
AUS,2004,High income,No,,2004,High income,HIC
AUS,1997,High income,,,1997,High income,HIC
AUT,1987,High income,,,1987,High income,HIC
AUT,2010,High income,No,,2010,High income,HIC
AUT,2006,High income,No,,2006,High income,HIC
AUT,1999,High income,No,,1999,High income,HIC
AUT,1988,High income,,,1988,High income,HIC
AUT,2011,High income,No,,2011,High income,HIC
AUT,1994,High income,,,1994,High income,HIC
AUT,2017,High income,No,,2017,High income,HIC
AUT,2007,High income,No,,2007,High income,HIC
AUT,1990,High income,,,1990,High income,HIC
AUT,1996,High income,,,1996,High income,HIC
AUT,1998,High income,No,,1998,High income,HIC
AUT,1995,High income,,,1995,High income,HIC
AUT,1993,High income,,,1993,High income,HIC
AUT,2024,High income,No,,2024,High income,HIC
AUT,2021,High income,No,,2021,High income,HIC
AUT,2020,High income,No,,2020,High income,HIC
AUT,2015,High income,No,,2015,High income,HIC
AUT,2019,High income,No,,2019,High income,HIC
AUT,1991,High income,,,1991,High income,HIC
AUT,2004,High income,No,,2004,High income,HIC
AUT,2013,High income,No,,2013,High income,HIC
AUT,1997,High income,,,1997,High income,HIC
AUT,1992,High income,,,1992,High income,HIC
AUT,2009,High income,No,,2009,High income,HIC
AUT,2003,High income,No,,2003,High income,HIC
AUT,2000,High income,No,,2000,High income,HIC
AUT,2016,High income,No,,2016,High income,HIC
AUT,2001,High income,No,,2001,High income,HIC
AUT,2008,High income,No,,2008,High income,HIC
AUT,2018,High income,No,,2018,High income,HIC
AUT,2023,High income,No,,2023,High income,HIC
AUT,2002,High income,No,,2002,High income,HIC
AUT,1989,High income,,,1989,High income,HIC
AUT,2012,High income,No,,2012,High income,HIC
AUT,2005,High income,No,,2005,High income,HIC
AUT,2022,High income,No,,2022,High income,HIC
AUT,2014,High income,No,,2014,High income,HIC
AZE,2012,Upper middle income,No,,2012,Upper middle income,UMIC
AZE,2008,Lower middle income,No,,2008,Lower middle income,LMIC
AZE,2005,Lower middle income,No,,2005,Lower middle income,LMIC
AZE,2010,Upper middle income,No,,2010,Upper middle income,UMIC
AZE,2021,Upper middle income,No,,2021,Upper middle income,UMIC
AZE,1995,Low income,,,1995,Low income,LIC
AZE,1993,Lower middle income,,,1993,Lower middle income,LMIC
AZE,1991,Lower middle income,,,1991,Lower middle income,LMIC
AZE,2011,Upper middle income,No,,2011,Upper middle income,UMIC
AZE,1998,Low income,No,,1998,Low income,LIC
AZE,1999,Low income,No,,1999,Low income,LIC
AZE,1989,Lower middle income,,,1989,Lower middle income,LMIC
AZE,1990,Lower middle income,,,1990,Lower middle income,LMIC
AZE,1994,Low income,,,1994,Low income,LIC
AZE,1992,Lower middle income,,,1992,Lower middle income,LMIC
AZE,1988,Lower middle income,,,1988,Lower middle income,LMIC
AZE,2020,Upper middle income,Yes,,2020,Upper middle income,UMIC
AZE,2024,Upper middle income,No,,2024,Upper middle income,UMIC
AZE,2017,Upper middle income,No,,2017,Upper middle income,UMIC
AZE,1987,Lower middle income,,,1987,Lower middle income,LMIC
AZE,2019,Upper middle income,No,,2019,Upper middle income,UMIC
AZE,1996,Low income,,,1996,Low income,LIC
AZE,2018,Upper middle income,No,,2018,Upper middle income,UMIC
AZE,2000,Low income,No,,2000,Low income,LIC
AZE,2001,Low income,No,,2001,Low income,LIC
AZE,2016,Upper middle income,No,,2016,Upper middle income,UMIC
AZE,2007,Lower middle income,No,,2007,Lower middle income,LMIC
AZE,2013,Upper middle income,No,,2013,Upper middle income,UMIC
AZE,1997,Low income,,,1997,Low income,LIC
AZE,2004,Lower middle income,No,,2004,Lower middle income,LMIC
AZE,2023,Upper middle income,No,,2023,Upper middle income,UMIC
AZE,2009,Upper middle income,No,,2009,Upper middle income,UMIC
AZE,2015,Upper middle income,No,,2015,Upper middle income,UMIC
AZE,2002,Low income,No,,2002,Low income,LIC
AZE,2003,Lower middle income,No,,2003,Lower middle income,LMIC
AZE,2006,Lower middle income,No,,2006,Lower middle income,LMIC
AZE,2014,Upper middle income,No,,2014,Upper middle income,UMIC
AZE,2022,Upper middle income,No,,2022,Upper middle income,UMIC
BDI,2021,Low income,Yes,Eastern and Southern Africa,2021,Low income,LIC
BDI,2008,Low income,Yes,Eastern and Southern Africa,2008,Low income,LIC
BDI,2022,Low income,Yes,Eastern and Southern Africa,2022,Low income,LIC
BDI,2013,Low income,Yes,Eastern and Southern Africa,2013,Low income,LIC
BDI,1990,Low income,,Eastern and Southern Africa,1990,Low income,LIC
BDI,1998,Low income,Yes,Eastern and Southern Africa,1998,Low income,LIC
BDI,1997,Low income,,Eastern and Southern Africa,1997,Low income,LIC
BDI,2019,Low income,Yes,Eastern and Southern Africa,2019,Low income,LIC
BDI,2002,Low income,Yes,Eastern and Southern Africa,2002,Low income,LIC
BDI,2001,Low income,Yes,Eastern and Southern Africa,2001,Low income,LIC
BDI,1991,Low income,,Eastern and Southern Africa,1991,Low income,LIC
BDI,2000,Low income,Yes,Eastern and Southern Africa,2000,Low income,LIC
BDI,1989,Low income,,Eastern and Southern Africa,1989,Low income,LIC
BDI,2012,Low income,Yes,Eastern and Southern Africa,2012,Low income,LIC
BDI,1999,Low income,Yes,Eastern and Southern Africa,1999,Low income,LIC
BDI,2018,Low income,Yes,Eastern and Southern Africa,2018,Low income,LIC
BDI,1996,Low income,,Eastern and Southern Africa,1996,Low income,LIC
BDI,2023,Low income,Yes,Eastern and Southern Africa,2023,Low income,LIC
BDI,2011,Low income,Yes,Eastern and Southern Africa,2011,Low income,LIC
BDI,2006,Low income,Yes,Eastern and Southern Africa,2006,Low income,LIC
BDI,2017,Low income,Yes,Eastern and Southern Africa,2017,Low income,LIC
BDI,2015,Low income,Yes,Eastern and Southern Africa,2015,Low income,LIC
BDI,1987,Low income,,Eastern and Southern Africa,1987,Low income,LIC
BDI,2020,Low income,Yes,Eastern and Southern Africa,2020,Low income,LIC
BDI,2010,Low income,Yes,Eastern and Southern Africa,2010,Low income,LIC
BDI,2005,Low income,Yes,Eastern and Southern Africa,2005,Low income,LIC
BDI,1994,Low income,,Eastern and Southern Africa,1994,Low income,LIC
BDI,2024,Low income,Yes,Eastern and Southern Africa,2024,Low income,LIC
BDI,1992,Low income,,Eastern and Southern Africa,1992,Low income,LIC
BDI,2007,Low income,Yes,Eastern and Southern Africa,2007,Low income,LIC
BDI,2014,Low income,Yes,Eastern and Southern Africa,2014,Low income,LIC
BDI,2009,Low income,Yes,Eastern and Southern Africa,2009,Low income,LIC
BDI,2003,Low income,Yes,Eastern and Southern Africa,2003,Low income,LIC
BDI,2004,Low income,Yes,Eastern and Southern Africa,2004,Low income,LIC
BDI,1995,Low income,,Eastern and Southern Africa,1995,Low income,LIC
BDI,1988,Low income,,Eastern and Southern Africa,1988,Low income,LIC
BDI,1993,Low income,,Eastern and Southern Africa,1993,Low income,LIC
BEL,2008,High income,No,,2008,High income,HIC
BEL,1992,High income,,,1992,High income,HIC
BEL,1991,High income,,,1991,High income,HIC
BEL,2007,High income,No,,2007,High income,HIC
BEL,2020,High income,No,,2020,High income,HIC
BEL,1989,High income,,,1989,High income,HIC
BEL,2006,High income,No,,2006,High income,HIC
BEL,2023,High income,No,,2023,High income,HIC
BEL,2024,High income,No,,2024,High income,HIC
BEL,2009,High income,No,,2009,High income,HIC
BEL,1999,High income,No,,1999,High income,HIC
BEL,2018,High income,No,,2018,High income,HIC
BEL,2004,High income,No,,2004,High income,HIC
BEL,2001,High income,No,,2001,High income,HIC
BEL,1994,High income,,,1994,High income,HIC
BEL,2022,High income,No,,2022,High income,HIC
BEL,2017,High income,No,,2017,High income,HIC
BEL,2003,High income,No,,2003,High income,HIC
BEL,1987,High income,,,1987,High income,HIC
BEL,2021,High income,No,,2021,High income,HIC
BEL,2011,High income,No,,2011,High income,HIC
BEL,2016,High income,No,,2016,High income,HIC
BEL,2005,High income,No,,2005,High income,HIC
BEL,2010,High income,No,,2010,High income,HIC
BEL,1997,High income,,,1997,High income,HIC
BEL,1990,High income,,,1990,High income,HIC
BEL,1995,High income,,,1995,High income,HIC
BEL,2002,High income,No,,2002,High income,HIC
BEL,2012,High income,No,,2012,High income,HIC
BEL,1996,High income,,,1996,High income,HIC
BEL,2013,High income,No,,2013,High income,HIC
BEL,2014,High income,No,,2014,High income,HIC
BEL,2000,High income,No,,2000,High income,HIC
BEL,1993,High income,,,1993,High income,HIC
BEL,2015,High income,No,,2015,High income,HIC
BEL,2019,High income,No,,2019,High income,HIC
BEL,1988,High income,,,1988,High income,HIC
BEL,1998,High income,No,,1998,High income,HIC
BEN,1993,Low income,,Western and Central Africa,1993,Low income,LIC
BEN,1999,Low income,No,Western and Central Africa,1999,Low income,LIC
BEN,2004,Low income,No,Western and Central Africa,2004,Low income,LIC
BEN,2007,Low income,No,Western and Central Africa,2007,Low income,LIC
BEN,1990,Low income,,Western and Central Africa,1990,Low income,LIC
BEN,2012,Low income,No,Western and Central Africa,2012,Low income,LIC
BEN,2015,Low income,No,Western and Central Africa,2015,Low income,LIC
BEN,2024,Lower middle income,No,Western and Central Africa,2024,Lower middle income,LMIC
BEN,2011,Low income,No,Western and Central Africa,2011,Low income,LIC
BEN,2018,Low income,No,Western and Central Africa,2018,Low income,LIC
BEN,2021,Lower middle income,No,Western and Central Africa,2021,Lower middle income,LMIC
BEN,1996,Low income,,Western and Central Africa,1996,Low income,LIC
BEN,1998,Low income,No,Western and Central Africa,1998,Low income,LIC
BEN,1987,Low income,,Western and Central Africa,1987,Low income,LIC
BEN,2022,Lower middle income,No,Western and Central Africa,2022,Lower middle income,LMIC
BEN,2019,Lower middle income,No,Western and Central Africa,2019,Lower middle income,LMIC
BEN,2000,Low income,No,Western and Central Africa,2000,Low income,LIC
BEN,1992,Low income,,Western and Central Africa,1992,Low income,LIC
BEN,2009,Low income,No,Western and Central Africa,2009,Low income,LIC
BEN,1997,Low income,,Western and Central Africa,1997,Low income,LIC
BEN,1994,Low income,,Western and Central Africa,1994,Low income,LIC
BEN,2008,Low income,No,Western and Central Africa,2008,Low income,LIC
BEN,2010,Low income,No,Western and Central Africa,2010,Low income,LIC
BEN,2002,Low income,No,Western and Central Africa,2002,Low income,LIC
BEN,2003,Low income,No,Western and Central Africa,2003,Low income,LIC
BEN,1989,Low income,,Western and Central Africa,1989,Low income,LIC
BEN,2017,Low income,No,Western and Central Africa,2017,Low income,LIC
BEN,1995,Low income,,Western and Central Africa,1995,Low income,LIC
BEN,2016,Low income,No,Western and Central Africa,2016,Low income,LIC
BEN,2006,Low income,No,Western and Central Africa,2006,Low income,LIC
BEN,2023,Lower middle income,No,Western and Central Africa,2023,Lower middle income,LMIC
BEN,1988,Low income,,Western and Central Africa,1988,Low income,LIC
BEN,2001,Low income,No,Western and Central Africa,2001,Low income,LIC
BEN,2020,Lower middle income,No,Western and Central Africa,2020,Lower middle income,LMIC
BEN,2014,Low income,No,Western and Central Africa,2014,Low income,LIC
BEN,2005,Low income,No,Western and Central Africa,2005,Low income,LIC
BEN,2013,Low income,No,Western and Central Africa,2013,Low income,LIC
BFA,1999,Low income,No,Western and Central Africa,1999,Low income,LIC
BFA,1992,Low income,,Western and Central Africa,1992,Low income,LIC
BFA,2004,Low income,No,Western and Central Africa,2004,Low income,LIC
BFA,2012,Low income,No,Western and Central Africa,2012,Low income,LIC
BFA,2022,Low income,Yes,Western and Central Africa,2022,Low income,LIC
BFA,2003,Low income,No,Western and Central Africa,2003,Low income,LIC
BFA,1997,Low income,,Western and Central Africa,1997,Low income,LIC
BFA,2008,Low income,No,Western and Central Africa,2008,Low income,LIC
BFA,2024,Low income,Yes,Western and Central Africa,2024,Low income,LIC
BFA,1998,Low income,No,Western and Central Africa,1998,Low income,LIC
BFA,1990,Low income,,Western and Central Africa,1990,Low income,LIC
BFA,2011,Low income,No,Western and Central Africa,2011,Low income,LIC
BFA,1989,Low income,,Western and Central Africa,1989,Low income,LIC
BFA,2016,Low income,No,Western and Central Africa,2016,Low income,LIC
BFA,1993,Low income,,Western and Central Africa,1993,Low income,LIC
BFA,2006,Low income,No,Western and Central Africa,2006,Low income,LIC
BFA,1996,Low income,,Western and Central Africa,1996,Low income,LIC
BFA,2021,Low income,Yes,Western and Central Africa,2021,Low income,LIC
BFA,1991,Low income,,Western and Central Africa,1991,Low income,LIC
BFA,1988,Low income,,Western and Central Africa,1988,Low income,LIC
BFA,1995,Low income,,Western and Central Africa,1995,Low income,LIC
BFA,2002,Low income,No,Western and Central Africa,2002,Low income,LIC
BFA,2023,Low income,Yes,Western and Central Africa,2023,Low income,LIC
BFA,2019,Low income,Yes,Western and Central Africa,2019,Low income,LIC
BFA,2015,Low income,No,Western and Central Africa,2015,Low income,LIC
BFA,2000,Low income,No,Western and Central Africa,2000,Low income,LIC
BFA,2020,Low income,Yes,Western and Central Africa,2020,Low income,LIC
BFA,2007,Low income,No,Western and Central Africa,2007,Low income,LIC
BFA,2018,Low income,Yes,Western and Central Africa,2018,Low income,LIC
BFA,2013,Low income,No,Western and Central Africa,2013,Low income,LIC
BFA,2005,Low income,No,Western and Central Africa,2005,Low income,LIC
BFA,1987,Low income,,Western and Central Africa,1987,Low income,LIC
BFA,2014,Low income,No,Western and Central Africa,2014,Low income,LIC
BFA,2009,Low income,No,Western and Central Africa,2009,Low income,LIC
BFA,2010,Low income,No,Western and Central Africa,2010,Low income,LIC
BFA,2001,Low income,No,Western and Central Africa,2001,Low income,LIC
BFA,1994,Low income,,Western and Central Africa,1994,Low income,LIC
BGD,2005,Low income,No,,2005,Low income,LIC
BGD,1997,Low income,,,1997,Low income,LIC
BGD,1992,Low income,,,1992,Low income,LIC
BGD,2004,Low income,No,,2004,Low income,LIC
BGD,2022,Lower middle income,No,,2022,Lower middle income,LMIC
BGD,1987,Low income,,,1987,Low income,LIC
BGD,2015,Lower middle income,No,,2015,Lower middle income,LMIC
BGD,1993,Low income,,,1993,Low income,LIC
BGD,2019,Lower middle income,No,,2019,Lower middle income,LMIC
BGD,2016,Lower middle income,No,,2016,Lower middle income,LMIC
BGD,2008,Low income,No,,2008,Low income,LIC
BGD,2011,Low income,No,,2011,Low income,LIC
BGD,1998,Low income,No,,1998,Low income,LIC
BGD,2010,Low income,No,,2010,Low income,LIC
BGD,2018,Lower middle income,No,,2018,Lower middle income,LMIC
BGD,1989,Low income,,,1989,Low income,LIC
BGD,2003,Low income,No,,2003,Low income,LIC
BGD,1995,Low income,,,1995,Low income,LIC
BGD,2012,Low income,No,,2012,Low income,LIC
BGD,2007,Low income,No,,2007,Low income,LIC
BGD,2014,Lower middle income,No,,2014,Lower middle income,LMIC
BGD,2006,Low income,No,,2006,Low income,LIC
BGD,1996,Low income,,,1996,Low income,LIC
BGD,2009,Low income,No,,2009,Low income,LIC
BGD,2021,Lower middle income,No,,2021,Lower middle income,LMIC
BGD,1991,Low income,,,1991,Low income,LIC
BGD,2000,Low income,No,,2000,Low income,LIC
BGD,2023,Lower middle income,No,,2023,Lower middle income,LMIC
BGD,1994,Low income,,,1994,Low income,LIC
BGD,1988,Low income,,,1988,Low income,LIC
BGD,2002,Low income,No,,2002,Low income,LIC
BGD,2024,Lower middle income,No,,2024,Lower middle income,LMIC
BGD,2017,Lower middle income,No,,2017,Lower middle income,LMIC
BGD,1990,Low income,,,1990,Low income,LIC
BGD,2001,Low income,No,,2001,Low income,LIC
BGD,2013,Low income,No,,2013,Low income,LIC
BGD,2020,Lower middle income,No,,2020,Lower middle income,LMIC
BGD,1999,Low income,No,,1999,Low income,LIC
BGR,2004,Lower middle income,No,,2004,Lower middle income,LMIC
BGR,2017,Upper middle income,No,,2017,Upper middle income,UMIC
BGR,2007,Upper middle income,No,,2007,Upper middle income,UMIC
BGR,1991,Lower middle income,,,1991,Lower middle income,LMIC
BGR,2002,Lower middle income,No,,2002,Lower middle income,LMIC
BGR,1995,Lower middle income,,,1995,Lower middle income,LMIC
BGR,1999,Lower middle income,No,,1999,Lower middle income,LMIC
BGR,2012,Upper middle income,No,,2012,Upper middle income,UMIC
BGR,2018,Upper middle income,No,,2018,Upper middle income,UMIC
BGR,2014,Upper middle income,No,,2014,Upper middle income,UMIC
BGR,1992,Lower middle income,,,1992,Lower middle income,LMIC
BGR,2011,Upper middle income,No,,2011,Upper middle income,UMIC
BGR,2022,Upper middle income,No,,2022,Upper middle income,UMIC
BGR,1993,Lower middle income,,,1993,Lower middle income,LMIC
BGR,2023,High income,No,,2023,High income,HIC
BGR,2010,Upper middle income,No,,2010,Upper middle income,UMIC
BGR,2015,Upper middle income,No,,2015,Upper middle income,UMIC
BGR,2021,Upper middle income,No,,2021,Upper middle income,UMIC
BGR,1987,Lower middle income,,,1987,Lower middle income,LMIC
BGR,2000,Lower middle income,No,,2000,Lower middle income,LMIC
BGR,1996,Lower middle income,,,1996,Lower middle income,LMIC
BGR,2016,Upper middle income,No,,2016,Upper middle income,UMIC
BGR,2024,High income,No,,2024,High income,HIC
BGR,1988,Lower middle income,,,1988,Lower middle income,LMIC
BGR,1989,Lower middle income,,,1989,Lower middle income,LMIC
BGR,2019,Upper middle income,No,,2019,Upper middle income,UMIC
BGR,2008,Upper middle income,No,,2008,Upper middle income,UMIC
BGR,2005,Lower middle income,No,,2005,Lower middle income,LMIC
BGR,1997,Lower middle income,,,1997,Lower middle income,LMIC
BGR,1998,Lower middle income,No,,1998,Lower middle income,LMIC
BGR,1994,Lower middle income,,,1994,Lower middle income,LMIC
BGR,2009,Upper middle income,No,,2009,Upper middle income,UMIC
BGR,2006,Upper middle income,No,,2006,Upper middle income,UMIC
BGR,1990,Lower middle income,,,1990,Lower middle income,LMIC
BGR,2001,Lower middle income,No,,2001,Lower middle income,LMIC
BGR,2013,Upper middle income,No,,2013,Upper middle income,UMIC
BGR,2020,Upper middle income,No,,2020,Upper middle income,UMIC
BGR,2003,Lower middle income,No,,2003,Lower middle income,LMIC
BHR,2002,High income,No,,2002,High income,HIC
BHR,1999,Upper middle income,No,,1999,Upper middle income,UMIC
BHR,2016,High income,No,,2016,High income,HIC
BHR,2015,High income,No,,2015,High income,HIC
BHR,2014,High income,No,,2014,High income,HIC
BHR,1997,Upper middle income,,,1997,Upper middle income,UMIC
BHR,1995,Upper middle income,,,1995,Upper middle income,UMIC
BHR,2017,High income,No,,2017,High income,HIC
BHR,1991,Upper middle income,,,1991,Upper middle income,UMIC
BHR,2020,High income,No,,2020,High income,HIC
BHR,1996,Upper middle income,,,1996,Upper middle income,UMIC
BHR,2003,High income,No,,2003,High income,HIC
BHR,2009,High income,No,,2009,High income,HIC
BHR,2013,High income,No,,2013,High income,HIC
BHR,1998,Upper middle income,No,,1998,Upper middle income,UMIC
BHR,2004,High income,No,,2004,High income,HIC
BHR,2019,High income,No,,2019,High income,HIC
BHR,2005,High income,No,,2005,High income,HIC
BHR,2007,High income,No,,2007,High income,HIC
BHR,1990,Upper middle income,,,1990,Upper middle income,UMIC
BHR,2012,High income,No,,2012,High income,HIC
BHR,1993,Upper middle income,,,1993,Upper middle income,UMIC
BHR,2024,High income,No,,2024,High income,HIC
BHR,2022,High income,No,,2022,High income,HIC
BHR,1987,High income,,,1987,High income,HIC
BHR,1992,Upper middle income,,,1992,Upper middle income,UMIC
BHR,2008,High income,No,,2008,High income,HIC
BHR,2001,High income,No,,2001,High income,HIC
BHR,2010,High income,No,,2010,High income,HIC
BHR,2006,High income,No,,2006,High income,HIC
BHR,1988,High income,,,1988,High income,HIC
BHR,2011,High income,No,,2011,High income,HIC
BHR,2018,High income,No,,2018,High income,HIC
BHR,2000,Upper middle income,No,,2000,Upper middle income,UMIC
BHR,2021,High income,No,,2021,High income,HIC
BHR,2023,High income,No,,2023,High income,HIC
BHR,1994,Upper middle income,,,1994,Upper middle income,UMIC
BHR,1989,High income,,,1989,High income,HIC
BHS,2009,High income,No,,2009,High income,HIC
BHS,1999,High income,No,,1999,High income,HIC
BHS,2022,High income,No,,2022,High income,HIC
BHS,2017,High income,No,,2017,High income,HIC
BHS,1993,High income,,,1993,High income,HIC
BHS,1989,High income,,,1989,High income,HIC
BHS,2003,High income,No,,2003,High income,HIC
BHS,1994,High income,,,1994,High income,HIC
BHS,1988,High income,,,1988,High income,HIC
BHS,1990,High income,,,1990,High income,HIC
BHS,2015,High income,No,,2015,High income,HIC
BHS,2002,High income,No,,2002,High income,HIC
BHS,2013,High income,No,,2013,High income,HIC
BHS,2011,High income,No,,2011,High income,HIC
BHS,2008,High income,No,,2008,High income,HIC
BHS,2007,High income,No,,2007,High income,HIC
BHS,2000,High income,No,,2000,High income,HIC
BHS,1995,High income,,,1995,High income,HIC
BHS,2018,High income,No,,2018,High income,HIC
BHS,2012,High income,No,,2012,High income,HIC
BHS,2023,High income,No,,2023,High income,HIC
BHS,1992,High income,,,1992,High income,HIC
BHS,2004,High income,No,,2004,High income,HIC
BHS,2005,High income,No,,2005,High income,HIC
BHS,2010,High income,No,,2010,High income,HIC
BHS,1991,High income,,,1991,High income,HIC
BHS,2024,High income,No,,2024,High income,HIC
BHS,1998,High income,No,,1998,High income,HIC
BHS,2019,High income,No,,2019,High income,HIC
BHS,2001,High income,No,,2001,High income,HIC
BHS,1996,High income,,,1996,High income,HIC
BHS,1997,High income,,,1997,High income,HIC
BHS,2014,High income,No,,2014,High income,HIC
BHS,2016,High income,No,,2016,High income,HIC
BHS,2020,High income,No,,2020,High income,HIC
BHS,2021,High income,No,,2021,High income,HIC
BHS,1987,High income,,,1987,High income,HIC
BHS,2006,High income,No,,2006,High income,HIC
BIH,2000,Lower middle income,No,,2000,Lower middle income,LMIC
BIH,1991,Upper middle income,,,1991,Upper middle income,UMIC
BIH,1995,Low income,,,1995,Low income,LIC
BIH,1998,Lower middle income,No,,1998,Lower middle income,LMIC
BIH,2003,Lower middle income,No,,2003,Lower middle income,LMIC
BIH,2008,Upper middle income,Yes,,2008,Upper middle income,UMIC
BIH,2013,Upper middle income,Yes,,2013,Upper middle income,UMIC
BIH,2017,Upper middle income,No,,2017,Upper middle income,UMIC
BIH,1989,Upper middle income,,,1989,Upper middle income,UMIC
BIH,2005,Lower middle income,No,,2005,Lower middle income,LMIC
BIH,2019,Upper middle income,No,,2019,Upper middle income,UMIC
BIH,1988,Upper middle income,,,1988,Upper middle income,UMIC
BIH,2002,Lower middle income,No,,2002,Lower middle income,LMIC
BIH,2010,Upper middle income,Yes,,2010,Upper middle income,UMIC
BIH,1994,Low income,,,1994,Low income,LIC
BIH,2024,Upper middle income,No,,2024,Upper middle income,UMIC
BIH,2015,Upper middle income,No,,2015,Upper middle income,UMIC
BIH,1990,Upper middle income,,,1990,Upper middle income,UMIC
BIH,1992,Lower middle income,,,1992,Lower middle income,LMIC
BIH,2022,Upper middle income,No,,2022,Upper middle income,UMIC
BIH,2014,Upper middle income,Yes,,2014,Upper middle income,UMIC
BIH,2018,Upper middle income,No,,2018,Upper middle income,UMIC
BIH,2012,Upper middle income,Yes,,2012,Upper middle income,UMIC
BIH,2011,Upper middle income,Yes,,2011,Upper middle income,UMIC
BIH,2006,Lower middle income,No,,2006,Lower middle income,LMIC
BIH,1993,Low income,,,1993,Low income,LIC
BIH,2023,Upper middle income,No,,2023,Upper middle income,UMIC
BIH,2001,Lower middle income,No,,2001,Lower middle income,LMIC
BIH,2004,Lower middle income,No,,2004,Lower middle income,LMIC
BIH,2016,Upper middle income,No,,2016,Upper middle income,UMIC
BIH,2020,Upper middle income,No,,2020,Upper middle income,UMIC
BIH,2021,Upper middle income,No,,2021,Upper middle income,UMIC
BIH,1996,Low income,,,1996,Low income,LIC
BIH,1987,Upper middle income,,,1987,Upper middle income,UMIC
BIH,1999,Lower middle income,No,,1999,Lower middle income,LMIC
BIH,1997,Low income,,,1997,Low income,LIC
BIH,2009,Upper middle income,Yes,,2009,Upper middle income,UMIC
BIH,2007,Lower middle income,No,,2007,Lower middle income,LMIC
BLR,2002,Lower middle income,No,,2002,Lower middle income,LMIC
BLR,2013,Upper middle income,No,,2013,Upper middle income,UMIC
BLR,1992,Upper middle income,,,1992,Upper middle income,UMIC
BLR,2007,Upper middle income,No,,2007,Upper middle income,UMIC
BLR,2019,Upper middle income,No,,2019,Upper middle income,UMIC
BLR,2016,Upper middle income,No,,2016,Upper middle income,UMIC
BLR,2004,Lower middle income,No,,2004,Lower middle income,LMIC
BLR,1987,Upper middle income,,,1987,Upper middle income,UMIC
BLR,2017,Upper middle income,No,,2017,Upper middle income,UMIC
BLR,2008,Upper middle income,No,,2008,Upper middle income,UMIC
BLR,2003,Lower middle income,No,,2003,Lower middle income,LMIC
BLR,2018,Upper middle income,No,,2018,Upper middle income,UMIC
BLR,2020,Upper middle income,No,,2020,Upper middle income,UMIC
BLR,2005,Lower middle income,No,,2005,Lower middle income,LMIC
BLR,2015,Upper middle income,No,,2015,Upper middle income,UMIC
BLR,2012,Upper middle income,No,,2012,Upper middle income,UMIC
BLR,2001,Lower middle income,No,,2001,Lower middle income,LMIC
BLR,1996,Lower middle income,,,1996,Lower middle income,LMIC
BLR,2023,Upper middle income,No,,2023,Upper middle income,UMIC
BLR,2010,Upper middle income,No,,2010,Upper middle income,UMIC
BLR,2006,Lower middle income,No,,2006,Lower middle income,LMIC
BLR,1999,Lower middle income,No,,1999,Lower middle income,LMIC
BLR,2022,Upper middle income,No,,2022,Upper middle income,UMIC
BLR,2011,Upper middle income,No,,2011,Upper middle income,UMIC
BLR,1997,Lower middle income,,,1997,Lower middle income,LMIC
BLR,1991,Upper middle income,,,1991,Upper middle income,UMIC
BLR,1990,Upper middle income,,,1990,Upper middle income,UMIC
BLR,2021,Upper middle income,No,,2021,Upper middle income,UMIC
BLR,2009,Upper middle income,No,,2009,Upper middle income,UMIC
BLR,1995,Lower middle income,,,1995,Lower middle income,LMIC
BLR,1994,Lower middle income,,,1994,Lower middle income,LMIC
BLR,1989,Upper middle income,,,1989,Upper middle income,UMIC
BLR,1998,Lower middle income,No,,1998,Lower middle income,LMIC
BLR,2024,Upper middle income,No,,2024,Upper middle income,UMIC
BLR,1988,Upper middle income,,,1988,Upper middle income,UMIC
BLR,2000,Lower middle income,No,,2000,Lower middle income,LMIC
BLR,1993,Upper middle income,,,1993,Upper middle income,UMIC
BLR,2014,Upper middle income,No,,2014,Upper middle income,UMIC
BLZ,2011,Lower middle income,No,,2011,Lower middle income,LMIC
BLZ,2009,Lower middle income,No,,2009,Lower middle income,LMIC
BLZ,2001,Lower middle income,No,,2001,Lower middle income,LMIC
BLZ,1994,Lower middle income,,,1994,Lower middle income,LMIC
BLZ,2010,Lower middle income,No,,2010,Lower middle income,LMIC
BLZ,2005,Upper middle income,No,,2005,Upper middle income,UMIC
BLZ,1992,Lower middle income,,,1992,Lower middle income,LMIC
BLZ,1991,Lower middle income,,,1991,Lower middle income,LMIC
BLZ,2019,Upper middle income,No,,2019,Upper middle income,UMIC
BLZ,1990,Lower middle income,,,1990,Lower middle income,LMIC
BLZ,2008,Lower middle income,No,,2008,Lower middle income,LMIC
BLZ,2003,Upper middle income,No,,2003,Upper middle income,UMIC
BLZ,1998,Lower middle income,No,,1998,Lower middle income,LMIC
BLZ,1987,Lower middle income,,,1987,Lower middle income,LMIC
BLZ,2024,Upper middle income,No,,2024,Upper middle income,UMIC
BLZ,2015,Upper middle income,No,,2015,Upper middle income,UMIC
BLZ,2014,Upper middle income,No,,2014,Upper middle income,UMIC
BLZ,2012,Upper middle income,No,,2012,Upper middle income,UMIC
BLZ,2023,Upper middle income,No,,2023,Upper middle income,UMIC
BLZ,1995,Lower middle income,,,1995,Lower middle income,LMIC
BLZ,2004,Upper middle income,No,,2004,Upper middle income,UMIC
BLZ,2006,Upper middle income,No,,2006,Upper middle income,UMIC
BLZ,2000,Lower middle income,No,,2000,Lower middle income,LMIC
BLZ,2007,Upper middle income,No,,2007,Upper middle income,UMIC
BLZ,2017,Upper middle income,No,,2017,Upper middle income,UMIC
BLZ,2022,Upper middle income,No,,2022,Upper middle income,UMIC
BLZ,2018,Upper middle income,No,,2018,Upper middle income,UMIC
BLZ,1996,Lower middle income,,,1996,Lower middle income,LMIC
BLZ,2021,Upper middle income,No,,2021,Upper middle income,UMIC
BLZ,1999,Lower middle income,No,,1999,Lower middle income,LMIC
BLZ,2016,Upper middle income,No,,2016,Upper middle income,UMIC
BLZ,2002,Upper middle income,No,,2002,Upper middle income,UMIC
BLZ,1988,Lower middle income,,,1988,Lower middle income,LMIC
BLZ,1989,Lower middle income,,,1989,Lower middle income,LMIC
BLZ,2020,Lower middle income,No,,2020,Lower middle income,LMIC
BLZ,1993,Lower middle income,,,1993,Lower middle income,LMIC
BLZ,1997,Lower middle income,,,1997,Lower middle income,LMIC
BLZ,2013,Upper middle income,No,,2013,Upper middle income,UMIC
BMU,2022,High income,No,,2022,High income,HIC
BMU,2011,High income,No,,2011,High income,HIC
BMU,1996,High income,,,1996,High income,HIC
BMU,2010,High income,No,,2010,High income,HIC
BMU,1992,High income,,,1992,High income,HIC
BMU,2013,High income,No,,2013,High income,HIC
BMU,1987,High income,,,1987,High income,HIC
BMU,2021,High income,No,,2021,High income,HIC
BMU,2015,High income,No,,2015,High income,HIC
BMU,2003,High income,No,,2003,High income,HIC
BMU,1999,High income,No,,1999,High income,HIC
BMU,1988,High income,,,1988,High income,HIC
BMU,1998,High income,No,,1998,High income,HIC
BMU,2016,High income,No,,2016,High income,HIC
BMU,1993,High income,,,1993,High income,HIC
BMU,2006,High income,No,,2006,High income,HIC
BMU,2000,High income,No,,2000,High income,HIC
BMU,2014,High income,No,,2014,High income,HIC
BMU,1991,High income,,,1991,High income,HIC
BMU,1989,High income,,,1989,High income,HIC
BMU,2005,High income,No,,2005,High income,HIC
BMU,2017,High income,No,,2017,High income,HIC
BMU,2012,High income,No,,2012,High income,HIC
BMU,2020,High income,No,,2020,High income,HIC
BMU,2002,High income,No,,2002,High income,HIC
BMU,2004,High income,No,,2004,High income,HIC
BMU,2019,High income,No,,2019,High income,HIC
BMU,1997,High income,,,1997,High income,HIC
BMU,2023,High income,No,,2023,High income,HIC
BMU,1994,High income,,,1994,High income,HIC
BMU,2018,High income,No,,2018,High income,HIC
BMU,2007,High income,No,,2007,High income,HIC
BMU,2008,High income,No,,2008,High income,HIC
BMU,2024,High income,No,,2024,High income,HIC
BMU,2009,High income,No,,2009,High income,HIC
BMU,1995,High income,,,1995,High income,HIC
BMU,1990,High income,,,1990,High income,HIC
BMU,2001,High income,No,,2001,High income,HIC
BOL,1990,Lower middle income,,,1990,Lower middle income,LMIC
BOL,1987,Lower middle income,,,1987,Lower middle income,LMIC
BOL,1998,Lower middle income,No,,1998,Lower middle income,LMIC
BOL,2013,Lower middle income,No,,2013,Lower middle income,LMIC
BOL,2014,Lower middle income,No,,2014,Lower middle income,LMIC
BOL,2016,Lower middle income,No,,2016,Lower middle income,LMIC
BOL,2001,Lower middle income,No,,2001,Lower middle income,LMIC
BOL,2018,Lower middle income,No,,2018,Lower middle income,LMIC
BOL,2024,Lower middle income,No,,2024,Lower middle income,LMIC
BOL,1992,Lower middle income,,,1992,Lower middle income,LMIC
BOL,1991,Lower middle income,,,1991,Lower middle income,LMIC
BOL,2020,Lower middle income,No,,2020,Lower middle income,LMIC
BOL,1995,Lower middle income,,,1995,Lower middle income,LMIC
BOL,1996,Lower middle income,,,1996,Lower middle income,LMIC
BOL,2015,Lower middle income,No,,2015,Lower middle income,LMIC
BOL,1993,Lower middle income,,,1993,Lower middle income,LMIC
BOL,2003,Lower middle income,No,,2003,Lower middle income,LMIC
BOL,1989,Lower middle income,,,1989,Lower middle income,LMIC
BOL,1994,Lower middle income,,,1994,Lower middle income,LMIC
BOL,2017,Lower middle income,No,,2017,Lower middle income,LMIC
BOL,1997,Lower middle income,,,1997,Lower middle income,LMIC
BOL,2008,Lower middle income,No,,2008,Lower middle income,LMIC
BOL,2009,Lower middle income,No,,2009,Lower middle income,LMIC
BOL,2002,Lower middle income,No,,2002,Lower middle income,LMIC
BOL,2005,Lower middle income,No,,2005,Lower middle income,LMIC
BOL,2021,Lower middle income,No,,2021,Lower middle income,LMIC
BOL,2007,Lower middle income,No,,2007,Lower middle income,LMIC
BOL,2004,Lower middle income,No,,2004,Lower middle income,LMIC
BOL,2012,Lower middle income,No,,2012,Lower middle income,LMIC
BOL,2006,Lower middle income,No,,2006,Lower middle income,LMIC
BOL,2023,Lower middle income,No,,2023,Lower middle income,LMIC
BOL,2011,Lower middle income,No,,2011,Lower middle income,LMIC
BOL,2019,Lower middle income,No,,2019,Lower middle income,LMIC
BOL,2010,Lower middle income,No,,2010,Lower middle income,LMIC
BOL,2022,Lower middle income,No,,2022,Lower middle income,LMIC
BOL,2000,Lower middle income,No,,2000,Lower middle income,LMIC
BOL,1988,Lower middle income,,,1988,Lower middle income,LMIC
BOL,1999,Lower middle income,No,,1999,Lower middle income,LMIC
BRA,2004,Lower middle income,No,,2004,Lower middle income,LMIC
BRA,2023,Upper middle income,No,,2023,Upper middle income,UMIC
BRA,2005,Lower middle income,No,,2005,Lower middle income,LMIC
BRA,2019,Upper middle income,No,,2019,Upper middle income,UMIC
BRA,1988,Lower middle income,,,1988,Lower middle income,LMIC
BRA,2010,Upper middle income,No,,2010,Upper middle income,UMIC
BRA,1990,Upper middle income,,,1990,Upper middle income,UMIC
BRA,2016,Upper middle income,No,,2016,Upper middle income,UMIC
BRA,2012,Upper middle income,No,,2012,Upper middle income,UMIC
BRA,1999,Upper middle income,No,,1999,Upper middle income,UMIC
BRA,2024,Upper middle income,No,,2024,Upper middle income,UMIC
BRA,2009,Upper middle income,No,,2009,Upper middle income,UMIC
BRA,2017,Upper middle income,No,,2017,Upper middle income,UMIC
BRA,1997,Upper middle income,,,1997,Upper middle income,UMIC
BRA,2008,Upper middle income,No,,2008,Upper middle income,UMIC
BRA,1992,Upper middle income,,,1992,Upper middle income,UMIC
BRA,2007,Upper middle income,No,,2007,Upper middle income,UMIC
BRA,2020,Upper middle income,No,,2020,Upper middle income,UMIC
BRA,1996,Upper middle income,,,1996,Upper middle income,UMIC
BRA,1994,Upper middle income,,,1994,Upper middle income,UMIC
BRA,1991,Upper middle income,,,1991,Upper middle income,UMIC
BRA,2014,Upper middle income,No,,2014,Upper middle income,UMIC
BRA,2003,Lower middle income,No,,2003,Lower middle income,LMIC
BRA,2006,Upper middle income,No,,2006,Upper middle income,UMIC
BRA,1989,Upper middle income,,,1989,Upper middle income,UMIC
BRA,2018,Upper middle income,No,,2018,Upper middle income,UMIC
BRA,1987,Upper middle income,,,1987,Upper middle income,UMIC
BRA,2022,Upper middle income,No,,2022,Upper middle income,UMIC
BRA,1995,Upper middle income,,,1995,Upper middle income,UMIC
BRA,2015,Upper middle income,No,,2015,Upper middle income,UMIC
BRA,2021,Upper middle income,No,,2021,Upper middle income,UMIC
BRA,2011,Upper middle income,No,,2011,Upper middle income,UMIC
BRA,1993,Upper middle income,,,1993,Upper middle income,UMIC
BRA,2001,Upper middle income,No,,2001,Upper middle income,UMIC
BRA,1998,Upper middle income,No,,1998,Upper middle income,UMIC
BRA,2000,Upper middle income,No,,2000,Upper middle income,UMIC
BRA,2002,Lower middle income,No,,2002,Lower middle income,LMIC
BRA,2013,Upper middle income,No,,2013,Upper middle income,UMIC
BRB,2000,High income,No,,2000,High income,HIC
BRB,1996,Upper middle income,,,1996,Upper middle income,UMIC
BRB,2016,High income,No,,2016,High income,HIC
BRB,1987,Upper middle income,,,1987,Upper middle income,UMIC
BRB,2012,High income,No,,2012,High income,HIC
BRB,1998,Upper middle income,No,,1998,Upper middle income,UMIC
BRB,2017,High income,No,,2017,High income,HIC
BRB,2015,High income,No,,2015,High income,HIC
BRB,2001,Upper middle income,No,,2001,Upper middle income,UMIC
BRB,1997,Upper middle income,,,1997,Upper middle income,UMIC
BRB,2010,High income,No,,2010,High income,HIC
BRB,2014,High income,No,,2014,High income,HIC
BRB,1993,Upper middle income,,,1993,Upper middle income,UMIC
BRB,1994,Upper middle income,,,1994,Upper middle income,UMIC
BRB,1989,High income,,,1989,High income,HIC
BRB,2024,High income,No,,2024,High income,HIC
BRB,2007,High income,No,,2007,High income,HIC
BRB,2020,High income,No,,2020,High income,HIC
BRB,2023,High income,No,,2023,High income,HIC
BRB,2013,High income,No,,2013,High income,HIC
BRB,2002,High income,No,,2002,High income,HIC
BRB,2011,High income,No,,2011,High income,HIC
BRB,1999,Upper middle income,No,,1999,Upper middle income,UMIC
BRB,2018,High income,No,,2018,High income,HIC
BRB,2019,High income,No,,2019,High income,HIC
BRB,2022,High income,No,,2022,High income,HIC
BRB,1988,Upper middle income,,,1988,Upper middle income,UMIC
BRB,2003,Upper middle income,No,,2003,Upper middle income,UMIC
BRB,1992,Upper middle income,,,1992,Upper middle income,UMIC
BRB,1995,Upper middle income,,,1995,Upper middle income,UMIC
BRB,2005,Upper middle income,No,,2005,Upper middle income,UMIC
BRB,2009,High income,No,,2009,High income,HIC
BRB,2008,High income,No,,2008,High income,HIC
BRB,1991,Upper middle income,,,1991,Upper middle income,UMIC
BRB,2006,High income,No,,2006,High income,HIC
BRB,1990,Upper middle income,,,1990,Upper middle income,UMIC
BRB,2021,High income,No,,2021,High income,HIC
BRB,2004,Upper middle income,No,,2004,Upper middle income,UMIC
BRN,2020,High income,No,,2020,High income,HIC
BRN,2012,High income,No,,2012,High income,HIC
BRN,2015,High income,No,,2015,High income,HIC
BRN,2008,High income,No,,2008,High income,HIC
BRN,2014,High income,No,,2014,High income,HIC
BRN,2002,High income,No,,2002,High income,HIC
BRN,1997,High income,,,1997,High income,HIC
BRN,1991,High income,,,1991,High income,HIC
BRN,2018,High income,No,,2018,High income,HIC
BRN,2016,High income,No,,2016,High income,HIC
BRN,2017,High income,No,,2017,High income,HIC
BRN,2006,High income,No,,2006,High income,HIC
BRN,2000,High income,No,,2000,High income,HIC
BRN,2023,High income,No,,2023,High income,HIC
BRN,2009,High income,No,,2009,High income,HIC
BRN,1992,High income,,,1992,High income,HIC
BRN,1990,High income,,,1990,High income,HIC
BRN,1989,High income,,,1989,High income,HIC
BRN,2001,High income,No,,2001,High income,HIC
BRN,1995,High income,,,1995,High income,HIC
BRN,2019,High income,No,,2019,High income,HIC
BRN,1996,High income,,,1996,High income,HIC
BRN,1988,High income,,,1988,High income,HIC
BRN,2004,High income,No,,2004,High income,HIC
BRN,2003,High income,No,,2003,High income,HIC
BRN,2010,High income,No,,2010,High income,HIC
BRN,2024,High income,No,,2024,High income,HIC
BRN,1998,High income,No,,1998,High income,HIC
BRN,2005,High income,No,,2005,High income,HIC
BRN,1987,High income,,,1987,High income,HIC
BRN,1994,High income,,,1994,High income,HIC
BRN,2007,High income,No,,2007,High income,HIC
BRN,2011,High income,No,,2011,High income,HIC
BRN,2013,High income,No,,2013,High income,HIC
BRN,2022,High income,No,,2022,High income,HIC
BRN,2021,High income,No,,2021,High income,HIC
BRN,1993,High income,,,1993,High income,HIC
BRN,1999,High income,No,,1999,High income,HIC
BTN,1991,Low income,,,1991,Low income,LIC
BTN,2022,Lower middle income,No,,2022,Lower middle income,LMIC
BTN,2019,Lower middle income,No,,2019,Lower middle income,LMIC
BTN,2007,Lower middle income,No,,2007,Lower middle income,LMIC
BTN,2011,Lower middle income,No,,2011,Lower middle income,LMIC
BTN,2017,Lower middle income,No,,2017,Lower middle income,LMIC
BTN,2006,Lower middle income,No,,2006,Lower middle income,LMIC
BTN,2002,Low income,No,,2002,Low income,LIC
BTN,1988,Low income,,,1988,Low income,LIC
BTN,2000,Low income,No,,2000,Low income,LIC
BTN,2010,Lower middle income,No,,2010,Lower middle income,LMIC
BTN,2003,Low income,No,,2003,Low income,LIC
BTN,1993,Low income,,,1993,Low income,LIC
BTN,2016,Lower middle income,No,,2016,Lower middle income,LMIC
BTN,2013,Lower middle income,No,,2013,Lower middle income,LMIC
BTN,2023,Lower middle income,No,,2023,Lower middle income,LMIC
BTN,2012,Lower middle income,No,,2012,Lower middle income,LMIC
BTN,2021,Lower middle income,No,,2021,Lower middle income,LMIC
BTN,1989,Low income,,,1989,Low income,LIC
BTN,2015,Lower middle income,No,,2015,Lower middle income,LMIC
BTN,2001,Low income,No,,2001,Low income,LIC
BTN,2008,Lower middle income,No,,2008,Lower middle income,LMIC
BTN,2005,Low income,No,,2005,Low income,LIC
BTN,1992,Low income,,,1992,Low income,LIC
BTN,2018,Lower middle income,No,,2018,Lower middle income,LMIC
BTN,1998,Low income,No,,1998,Low income,LIC
BTN,2014,Lower middle income,No,,2014,Lower middle income,LMIC
BTN,1995,Low income,,,1995,Low income,LIC
BTN,1996,Low income,,,1996,Low income,LIC
BTN,2009,Lower middle income,No,,2009,Lower middle income,LMIC
BTN,2004,Low income,No,,2004,Low income,LIC
BTN,1994,Low income,,,1994,Low income,LIC
BTN,1987,Low income,,,1987,Low income,LIC
BTN,2024,Lower middle income,No,,2024,Lower middle income,LMIC
BTN,2020,Lower middle income,No,,2020,Lower middle income,LMIC
BTN,1999,Low income,No,,1999,Low income,LIC
BTN,1990,Low income,,,1990,Low income,LIC
BTN,1997,Low income,,,1997,Low income,LIC
BWA,2022,Upper middle income,No,Eastern and Southern Africa,2022,Upper middle income,UMIC
BWA,1989,Lower middle income,,Eastern and Southern Africa,1989,Lower middle income,LMIC
BWA,1991,Upper middle income,,Eastern and Southern Africa,1991,Upper middle income,UMIC
BWA,1995,Lower middle income,,Eastern and Southern Africa,1995,Lower middle income,LMIC
BWA,2000,Upper middle income,No,Eastern and Southern Africa,2000,Upper middle income,UMIC
BWA,2005,Upper middle income,No,Eastern and Southern Africa,2005,Upper middle income,UMIC
BWA,2021,Upper middle income,No,Eastern and Southern Africa,2021,Upper middle income,UMIC
BWA,2012,Upper middle income,No,Eastern and Southern Africa,2012,Upper middle income,UMIC
BWA,2007,Upper middle income,No,Eastern and Southern Africa,2007,Upper middle income,UMIC
BWA,2009,Upper middle income,No,Eastern and Southern Africa,2009,Upper middle income,UMIC
BWA,2019,Upper middle income,No,Eastern and Southern Africa,2019,Upper middle income,UMIC
BWA,1988,Lower middle income,,Eastern and Southern Africa,1988,Lower middle income,LMIC
BWA,2008,Upper middle income,No,Eastern and Southern Africa,2008,Upper middle income,UMIC
BWA,2016,Upper middle income,No,Eastern and Southern Africa,2016,Upper middle income,UMIC
BWA,2013,Upper middle income,No,Eastern and Southern Africa,2013,Upper middle income,UMIC
BWA,2003,Upper middle income,No,Eastern and Southern Africa,2003,Upper middle income,UMIC
BWA,2015,Upper middle income,No,Eastern and Southern Africa,2015,Upper middle income,UMIC
BWA,2024,Upper middle income,No,Eastern and Southern Africa,2024,Upper middle income,UMIC
BWA,1993,Lower middle income,,Eastern and Southern Africa,1993,Lower middle income,LMIC
BWA,2014,Upper middle income,No,Eastern and Southern Africa,2014,Upper middle income,UMIC
BWA,2011,Upper middle income,No,Eastern and Southern Africa,2011,Upper middle income,UMIC
BWA,1987,Lower middle income,,Eastern and Southern Africa,1987,Lower middle income,LMIC
BWA,2010,Upper middle income,No,Eastern and Southern Africa,2010,Upper middle income,UMIC
BWA,2004,Upper middle income,No,Eastern and Southern Africa,2004,Upper middle income,UMIC
BWA,2020,Upper middle income,No,Eastern and Southern Africa,2020,Upper middle income,UMIC
BWA,2017,Upper middle income,No,Eastern and Southern Africa,2017,Upper middle income,UMIC
BWA,1994,Lower middle income,,Eastern and Southern Africa,1994,Lower middle income,LMIC
BWA,1998,Upper middle income,No,Eastern and Southern Africa,1998,Upper middle income,UMIC
BWA,1996,Lower middle income,,Eastern and Southern Africa,1996,Lower middle income,LMIC
BWA,1992,Upper middle income,,Eastern and Southern Africa,1992,Upper middle income,UMIC
BWA,2006,Upper middle income,No,Eastern and Southern Africa,2006,Upper middle income,UMIC
BWA,2023,Upper middle income,No,Eastern and Southern Africa,2023,Upper middle income,UMIC
BWA,1997,Upper middle income,,Eastern and Southern Africa,1997,Upper middle income,UMIC
BWA,2002,Upper middle income,No,Eastern and Southern Africa,2002,Upper middle income,UMIC
BWA,2001,Upper middle income,No,Eastern and Southern Africa,2001,Upper middle income,UMIC
BWA,2018,Upper middle income,No,Eastern and Southern Africa,2018,Upper middle income,UMIC
BWA,1999,Upper middle income,No,Eastern and Southern Africa,1999,Upper middle income,UMIC
CAF,2023,Low income,Yes,Western and Central Africa,2023,Low income,LIC
CAF,2000,Low income,Yes,Western and Central Africa,2000,Low income,LIC
CAF,2020,Low income,Yes,Western and Central Africa,2020,Low income,LIC
CAF,2002,Low income,Yes,Western and Central Africa,2002,Low income,LIC
CAF,2017,Low income,Yes,Western and Central Africa,2017,Low income,LIC
CAF,2014,Low income,Yes,Western and Central Africa,2014,Low income,LIC
CAF,1990,Low income,,Western and Central Africa,1990,Low income,LIC
CAF,2010,Low income,Yes,Western and Central Africa,2010,Low income,LIC
CAF,2007,Low income,Yes,Western and Central Africa,2007,Low income,LIC
CAF,2008,Low income,Yes,Western and Central Africa,2008,Low income,LIC
CAF,1995,Low income,,Western and Central Africa,1995,Low income,LIC
CAF,2005,Low income,Yes,Western and Central Africa,2005,Low income,LIC
CAF,1987,Low income,,Western and Central Africa,1987,Low income,LIC
CAF,2016,Low income,Yes,Western and Central Africa,2016,Low income,LIC
CAF,2022,Low income,Yes,Western and Central Africa,2022,Low income,LIC
CAF,2001,Low income,Yes,Western and Central Africa,2001,Low income,LIC
CAF,2019,Low income,Yes,Western and Central Africa,2019,Low income,LIC
CAF,2018,Low income,Yes,Western and Central Africa,2018,Low income,LIC
CAF,2024,Low income,Yes,Western and Central Africa,2024,Low income,LIC
CAF,1997,Low income,,Western and Central Africa,1997,Low income,LIC
CAF,1999,Low income,Yes,Western and Central Africa,1999,Low income,LIC
CAF,2009,Low income,Yes,Western and Central Africa,2009,Low income,LIC
CAF,1992,Low income,,Western and Central Africa,1992,Low income,LIC
CAF,1991,Low income,,Western and Central Africa,1991,Low income,LIC
CAF,1993,Low income,,Western and Central Africa,1993,Low income,LIC
CAF,2003,Low income,Yes,Western and Central Africa,2003,Low income,LIC
CAF,1998,Low income,Yes,Western and Central Africa,1998,Low income,LIC
CAF,2015,Low income,Yes,Western and Central Africa,2015,Low income,LIC
CAF,2013,Low income,Yes,Western and Central Africa,2013,Low income,LIC
CAF,1988,Low income,,Western and Central Africa,1988,Low income,LIC
CAF,1996,Low income,,Western and Central Africa,1996,Low income,LIC
CAF,1989,Low income,,Western and Central Africa,1989,Low income,LIC
CAF,2012,Low income,Yes,Western and Central Africa,2012,Low income,LIC
CAF,2011,Low income,Yes,Western and Central Africa,2011,Low income,LIC
CAF,2006,Low income,Yes,Western and Central Africa,2006,Low income,LIC
CAF,2004,Low income,Yes,Western and Central Africa,2004,Low income,LIC
CAF,2021,Low income,Yes,Western and Central Africa,2021,Low income,LIC
CAN,2017,High income,No,,2017,High income,HIC
CAN,2021,High income,No,,2021,High income,HIC
CAN,1987,High income,,,1987,High income,HIC
CAN,2014,High income,No,,2014,High income,HIC
CAN,1990,High income,,,1990,High income,HIC
CAN,1988,High income,,,1988,High income,HIC
CAN,2004,High income,No,,2004,High income,HIC
CAN,2016,High income,No,,2016,High income,HIC
CAN,2011,High income,No,,2011,High income,HIC
CAN,2022,High income,No,,2022,High income,HIC
CAN,2008,High income,No,,2008,High income,HIC
CAN,1993,High income,,,1993,High income,HIC
CAN,2023,High income,No,,2023,High income,HIC
CAN,2005,High income,No,,2005,High income,HIC
CAN,2009,High income,No,,2009,High income,HIC
CAN,2010,High income,No,,2010,High income,HIC
CAN,2019,High income,No,,2019,High income,HIC
CAN,2024,High income,No,,2024,High income,HIC
CAN,2007,High income,No,,2007,High income,HIC
CAN,2003,High income,No,,2003,High income,HIC
CAN,1999,High income,No,,1999,High income,HIC
CAN,1994,High income,,,1994,High income,HIC
CAN,2020,High income,No,,2020,High income,HIC
CAN,2002,High income,No,,2002,High income,HIC
CAN,2006,High income,No,,2006,High income,HIC
CAN,1992,High income,,,1992,High income,HIC
CAN,2001,High income,No,,2001,High income,HIC
CAN,1989,High income,,,1989,High income,HIC
CAN,2012,High income,No,,2012,High income,HIC
CAN,1996,High income,,,1996,High income,HIC
CAN,2018,High income,No,,2018,High income,HIC
CAN,2000,High income,No,,2000,High income,HIC
CAN,1998,High income,No,,1998,High income,HIC
CAN,1997,High income,,,1997,High income,HIC
CAN,2013,High income,No,,2013,High income,HIC
CAN,1995,High income,,,1995,High income,HIC
CAN,2015,High income,No,,2015,High income,HIC
CAN,1991,High income,,,1991,High income,HIC
CHE,2008,High income,No,,2008,High income,HIC
CHE,2023,High income,No,,2023,High income,HIC
CHE,1997,High income,,,1997,High income,HIC
CHE,2000,High income,No,,2000,High income,HIC
CHE,2003,High income,No,,2003,High income,HIC
CHE,2002,High income,No,,2002,High income,HIC
CHE,2007,High income,No,,2007,High income,HIC
CHE,2009,High income,No,,2009,High income,HIC
CHE,2016,High income,No,,2016,High income,HIC
CHE,2021,High income,No,,2021,High income,HIC
CHE,2017,High income,No,,2017,High income,HIC
CHE,1998,High income,No,,1998,High income,HIC
CHE,2001,High income,No,,2001,High income,HIC
CHE,1995,High income,,,1995,High income,HIC
CHE,2005,High income,No,,2005,High income,HIC
CHE,1991,High income,,,1991,High income,HIC
CHE,2010,High income,No,,2010,High income,HIC
CHE,2020,High income,No,,2020,High income,HIC
CHE,2013,High income,No,,2013,High income,HIC
CHE,2004,High income,No,,2004,High income,HIC
CHE,1994,High income,,,1994,High income,HIC
CHE,1990,High income,,,1990,High income,HIC
CHE,2024,High income,No,,2024,High income,HIC
CHE,1988,High income,,,1988,High income,HIC
CHE,2018,High income,No,,2018,High income,HIC
CHE,1996,High income,,,1996,High income,HIC
CHE,2012,High income,No,,2012,High income,HIC
CHE,1989,High income,,,1989,High income,HIC
CHE,2015,High income,No,,2015,High income,HIC
CHE,1993,High income,,,1993,High income,HIC
CHE,2006,High income,No,,2006,High income,HIC
CHE,2019,High income,No,,2019,High income,HIC
CHE,1992,High income,,,1992,High income,HIC
CHE,1987,High income,,,1987,High income,HIC
CHE,1999,High income,No,,1999,High income,HIC
CHE,2011,High income,No,,2011,High income,HIC
CHE,2022,High income,No,,2022,High income,HIC
CHE,2014,High income,No,,2014,High income,HIC
CHI,2019,High income,No,,2019,High income,HIC
CHI,2001,High income,No,,2001,High income,HIC
CHI,2000,High income,No,,2000,High income,HIC
CHI,2011,High income,No,,2011,High income,HIC
CHI,1993,High income,,,1993,High income,HIC
CHI,1994,High income,,,1994,High income,HIC
CHI,1990,High income,,,1990,High income,HIC
CHI,2007,High income,No,,2007,High income,HIC
CHI,2009,High income,No,,2009,High income,HIC
CHI,1997,High income,,,1997,High income,HIC
CHI,1996,High income,,,1996,High income,HIC
CHI,2004,High income,No,,2004,High income,HIC
CHI,2003,High income,No,,2003,High income,HIC
CHI,2013,High income,No,,2013,High income,HIC
CHI,2021,High income,No,,2021,High income,HIC
CHI,2010,High income,No,,2010,High income,HIC
CHI,2023,High income,No,,2023,High income,HIC
CHI,2008,High income,No,,2008,High income,HIC
CHI,1987,High income,,,1987,High income,HIC
CHI,2005,High income,No,,2005,High income,HIC
CHI,1998,High income,No,,1998,High income,HIC
CHI,2015,High income,No,,2015,High income,HIC
CHI,2017,High income,No,,2017,High income,HIC
CHI,1991,High income,,,1991,High income,HIC
CHI,1995,High income,,,1995,High income,HIC
CHI,2012,High income,No,,2012,High income,HIC
CHI,1988,High income,,,1988,High income,HIC
CHI,2016,High income,No,,2016,High income,HIC
CHI,2022,High income,No,,2022,High income,HIC
CHI,2002,High income,No,,2002,High income,HIC
CHI,2014,High income,No,,2014,High income,HIC
CHI,1989,High income,,,1989,High income,HIC
CHI,2018,High income,No,,2018,High income,HIC
CHI,2024,High income,No,,2024,High income,HIC
CHI,2006,High income,No,,2006,High income,HIC
CHI,2020,High income,No,,2020,High income,HIC
CHI,1992,High income,,,1992,High income,HIC
CHI,1999,High income,No,,1999,High income,HIC
CHL,2003,Upper middle income,No,,2003,Upper middle income,UMIC
CHL,2010,Upper middle income,No,,2010,Upper middle income,UMIC
CHL,1995,Upper middle income,,,1995,Upper middle income,UMIC
CHL,1991,Lower middle income,,,1991,Lower middle income,LMIC
CHL,2021,High income,No,,2021,High income,HIC
CHL,2017,High income,No,,2017,High income,HIC
CHL,1998,Upper middle income,No,,1998,Upper middle income,UMIC
CHL,1997,Upper middle income,,,1997,Upper middle income,UMIC
CHL,1989,Lower middle income,,,1989,Lower middle income,LMIC
CHL,2012,High income,No,,2012,High income,HIC
CHL,2013,High income,No,,2013,High income,HIC
CHL,1988,Lower middle income,,,1988,Lower middle income,LMIC
CHL,2004,Upper middle income,No,,2004,Upper middle income,UMIC
CHL,1987,Lower middle income,,,1987,Lower middle income,LMIC
CHL,2016,High income,No,,2016,High income,HIC
CHL,2006,Upper middle income,No,,2006,Upper middle income,UMIC
CHL,2005,Upper middle income,No,,2005,Upper middle income,UMIC
CHL,2018,High income,No,,2018,High income,HIC
CHL,2007,Upper middle income,No,,2007,Upper middle income,UMIC
CHL,2024,High income,No,,2024,High income,HIC
CHL,2015,High income,No,,2015,High income,HIC
CHL,1996,Upper middle income,,,1996,Upper middle income,UMIC
CHL,2001,Upper middle income,No,,2001,Upper middle income,UMIC
CHL,1994,Upper middle income,,,1994,Upper middle income,UMIC
CHL,2009,Upper middle income,No,,2009,Upper middle income,UMIC
CHL,2014,High income,No,,2014,High income,HIC
CHL,2022,High income,No,,2022,High income,HIC
CHL,2002,Upper middle income,No,,2002,Upper middle income,UMIC
CHL,1992,Lower middle income,,,1992,Lower middle income,LMIC
CHL,1990,Lower middle income,,,1990,Lower middle income,LMIC
CHL,2019,High income,No,,2019,High income,HIC
CHL,1993,Upper middle income,,,1993,Upper middle income,UMIC
CHL,2020,High income,No,,2020,High income,HIC
CHL,2011,Upper middle income,No,,2011,Upper middle income,UMIC
CHL,2000,Upper middle income,No,,2000,Upper middle income,UMIC
CHL,2023,High income,No,,2023,High income,HIC
CHL,1999,Upper middle income,No,,1999,Upper middle income,UMIC
CHL,2008,Upper middle income,No,,2008,Upper middle income,UMIC
CHN,2021,Upper middle income,No,,2021,Upper middle income,UMIC
CHN,1992,Low income,,,1992,Low income,LIC
CHN,1996,Low income,,,1996,Low income,LIC
CHN,2024,Upper middle income,No,,2024,Upper middle income,UMIC
CHN,2006,Lower middle income,No,,2006,Lower middle income,LMIC
CHN,2009,Lower middle income,No,,2009,Lower middle income,LMIC
CHN,1994,Low income,,,1994,Low income,LIC
CHN,1997,Lower middle income,,,1997,Lower middle income,LMIC
CHN,2022,Upper middle income,No,,2022,Upper middle income,UMIC
CHN,1989,Low income,,,1989,Low income,LIC
CHN,2011,Upper middle income,No,,2011,Upper middle income,UMIC
CHN,2015,Upper middle income,No,,2015,Upper middle income,UMIC
CHN,2012,Upper middle income,No,,2012,Upper middle income,UMIC
CHN,1999,Lower middle income,No,,1999,Lower middle income,LMIC
CHN,2002,Lower middle income,No,,2002,Lower middle income,LMIC
CHN,2020,Upper middle income,No,,2020,Upper middle income,UMIC
CHN,2016,Upper middle income,No,,2016,Upper middle income,UMIC
CHN,2000,Lower middle income,No,,2000,Lower middle income,LMIC
CHN,1993,Low income,,,1993,Low income,LIC
CHN,1991,Low income,,,1991,Low income,LIC
CHN,2001,Lower middle income,No,,2001,Lower middle income,LMIC
CHN,2014,Upper middle income,No,,2014,Upper middle income,UMIC
CHN,1995,Low income,,,1995,Low income,LIC
CHN,2007,Lower middle income,No,,2007,Lower middle income,LMIC
CHN,2003,Lower middle income,No,,2003,Lower middle income,LMIC
CHN,2017,Upper middle income,No,,2017,Upper middle income,UMIC
CHN,1990,Low income,,,1990,Low income,LIC
CHN,2013,Upper middle income,No,,2013,Upper middle income,UMIC
CHN,1987,Low income,,,1987,Low income,LIC
CHN,1998,Low income,No,,1998,Low income,LIC
CHN,2023,Upper middle income,No,,2023,Upper middle income,UMIC
CHN,2005,Lower middle income,No,,2005,Lower middle income,LMIC
CHN,2018,Upper middle income,No,,2018,Upper middle income,UMIC
CHN,2010,Upper middle income,No,,2010,Upper middle income,UMIC
CHN,2008,Lower middle income,No,,2008,Lower middle income,LMIC
CHN,2019,Upper middle income,No,,2019,Upper middle income,UMIC
CHN,1988,Low income,,,1988,Low income,LIC
CHN,2004,Lower middle income,No,,2004,Lower middle income,LMIC
CIV,1995,Low income,,Western and Central Africa,1995,Low income,LIC
CIV,1991,Lower middle income,,Western and Central Africa,1991,Lower middle income,LMIC
CIV,1997,Low income,,Western and Central Africa,1997,Low income,LIC
CIV,2011,Lower middle income,Yes,Western and Central Africa,2011,Lower middle income,LMIC
CIV,2019,Lower middle income,No,Western and Central Africa,2019,Lower middle income,LMIC
CIV,2006,Low income,Yes,Western and Central Africa,2006,Low income,LIC
CIV,2008,Lower middle income,Yes,Western and Central Africa,2008,Lower middle income,LMIC
CIV,2021,Lower middle income,No,Western and Central Africa,2021,Lower middle income,LMIC
CIV,2022,Lower middle income,No,Western and Central Africa,2022,Lower middle income,LMIC
CIV,1992,Lower middle income,,Western and Central Africa,1992,Lower middle income,LMIC
CIV,2003,Low income,Yes,Western and Central Africa,2003,Low income,LIC
CIV,1996,Low income,,Western and Central Africa,1996,Low income,LIC
CIV,1994,Low income,,Western and Central Africa,1994,Low income,LIC
CIV,2000,Low income,No,Western and Central Africa,2000,Low income,LIC
CIV,1998,Low income,No,Western and Central Africa,1998,Low income,LIC
CIV,2012,Lower middle income,Yes,Western and Central Africa,2012,Lower middle income,LMIC
CIV,2018,Lower middle income,No,Western and Central Africa,2018,Lower middle income,LMIC
CIV,2017,Lower middle income,Yes,Western and Central Africa,2017,Lower middle income,LMIC
CIV,2001,Low income,No,Western and Central Africa,2001,Low income,LIC
CIV,1987,Lower middle income,,Western and Central Africa,1987,Lower middle income,LMIC
CIV,2010,Lower middle income,Yes,Western and Central Africa,2010,Lower middle income,LMIC
CIV,2005,Low income,Yes,Western and Central Africa,2005,Low income,LIC
CIV,1989,Lower middle income,,Western and Central Africa,1989,Lower middle income,LMIC
CIV,2014,Lower middle income,Yes,Western and Central Africa,2014,Lower middle income,LMIC
CIV,2024,Lower middle income,No,Western and Central Africa,2024,Lower middle income,LMIC
CIV,1990,Lower middle income,,Western and Central Africa,1990,Lower middle income,LMIC
CIV,1988,Lower middle income,,Western and Central Africa,1988,Lower middle income,LMIC
CIV,2002,Low income,No,Western and Central Africa,2002,Low income,LIC
CIV,1999,Low income,No,Western and Central Africa,1999,Low income,LIC
CIV,2007,Low income,Yes,Western and Central Africa,2007,Low income,LIC
CIV,2004,Low income,Yes,Western and Central Africa,2004,Low income,LIC
CIV,2016,Lower middle income,Yes,Western and Central Africa,2016,Lower middle income,LMIC
CIV,2023,Lower middle income,No,Western and Central Africa,2023,Lower middle income,LMIC
CIV,2020,Lower middle income,No,Western and Central Africa,2020,Lower middle income,LMIC
CIV,2009,Lower middle income,Yes,Western and Central Africa,2009,Lower middle income,LMIC
CIV,1993,Low income,,Western and Central Africa,1993,Low income,LIC
CIV,2013,Lower middle income,Yes,Western and Central Africa,2013,Lower middle income,LMIC
CMR,2023,Lower middle income,Yes,Western and Central Africa,2023,Lower middle income,LMIC
CMR,2011,Lower middle income,No,Western and Central Africa,2011,Lower middle income,LMIC
CMR,1988,Lower middle income,,Western and Central Africa,1988,Lower middle income,LMIC
CMR,2015,Lower middle income,No,Western and Central Africa,2015,Lower middle income,LMIC
CMR,2017,Lower middle income,No,Western and Central Africa,2017,Lower middle income,LMIC
CMR,2004,Low income,No,Western and Central Africa,2004,Low income,LIC
CMR,2005,Lower middle income,No,Western and Central Africa,2005,Lower middle income,LMIC
CMR,1993,Lower middle income,,Western and Central Africa,1993,Lower middle income,LMIC
CMR,2020,Lower middle income,Yes,Western and Central Africa,2020,Lower middle income,LMIC
CMR,2016,Lower middle income,No,Western and Central Africa,2016,Lower middle income,LMIC
CMR,2010,Lower middle income,No,Western and Central Africa,2010,Lower middle income,LMIC
CMR,2008,Lower middle income,Yes,Western and Central Africa,2008,Lower middle income,LMIC
CMR,2000,Low income,No,Western and Central Africa,2000,Low income,LIC
CMR,2007,Lower middle income,Yes,Western and Central Africa,2007,Lower middle income,LMIC
CMR,1996,Low income,,Western and Central Africa,1996,Low income,LIC
CMR,2003,Low income,No,Western and Central Africa,2003,Low income,LIC
CMR,2019,Lower middle income,Yes,Western and Central Africa,2019,Lower middle income,LMIC
CMR,2006,Lower middle income,No,Western and Central Africa,2006,Lower middle income,LMIC
CMR,1997,Low income,,Western and Central Africa,1997,Low income,LIC
CMR,1995,Low income,,Western and Central Africa,1995,Low income,LIC
CMR,2021,Lower middle income,Yes,Western and Central Africa,2021,Lower middle income,LMIC
CMR,1992,Lower middle income,,Western and Central Africa,1992,Lower middle income,LMIC
CMR,1990,Lower middle income,,Western and Central Africa,1990,Lower middle income,LMIC
CMR,2024,Lower middle income,Yes,Western and Central Africa,2024,Lower middle income,LMIC
CMR,1998,Low income,No,Western and Central Africa,1998,Low income,LIC
CMR,1987,Lower middle income,,Western and Central Africa,1987,Lower middle income,LMIC
CMR,1991,Lower middle income,,Western and Central Africa,1991,Lower middle income,LMIC
CMR,2014,Lower middle income,No,Western and Central Africa,2014,Lower middle income,LMIC
CMR,2018,Lower middle income,Yes,Western and Central Africa,2018,Lower middle income,LMIC
CMR,2009,Lower middle income,No,Western and Central Africa,2009,Lower middle income,LMIC
CMR,1994,Low income,,Western and Central Africa,1994,Low income,LIC
CMR,2001,Low income,Yes,Western and Central Africa,2001,Low income,LIC
CMR,1999,Low income,No,Western and Central Africa,1999,Low income,LIC
CMR,2013,Lower middle income,No,Western and Central Africa,2013,Lower middle income,LMIC
CMR,2012,Lower middle income,No,Western and Central Africa,2012,Lower middle income,LMIC
CMR,1989,Lower middle income,,Western and Central Africa,1989,Lower middle income,LMIC
CMR,2002,Low income,Yes,Western and Central Africa,2002,Low income,LIC
COD,2017,Low income,Yes,Eastern and Southern Africa,2017,Low income,LIC
COD,1992,Low income,,Eastern and Southern Africa,1992,Low income,LIC
COD,1993,Low income,,Eastern and Southern Africa,1993,Low income,LIC
COD,2012,Low income,Yes,Eastern and Southern Africa,2012,Low income,LIC
COD,2003,Low income,Yes,Eastern and Southern Africa,2003,Low income,LIC
COD,1996,Low income,,Eastern and Southern Africa,1996,Low income,LIC
COD,2004,Low income,Yes,Eastern and Southern Africa,2004,Low income,LIC
COD,2013,Low income,Yes,Eastern and Southern Africa,2013,Low income,LIC
COD,2021,Low income,Yes,Eastern and Southern Africa,2021,Low income,LIC
COD,2001,Low income,Yes,Eastern and Southern Africa,2001,Low income,LIC
COD,2006,Low income,Yes,Eastern and Southern Africa,2006,Low income,LIC
COD,1997,Low income,,Eastern and Southern Africa,1997,Low income,LIC
COD,1994,Low income,,Eastern and Southern Africa,1994,Low income,LIC
COD,2024,Low income,Yes,Eastern and Southern Africa,2024,Low income,LIC
COD,2014,Low income,Yes,Eastern and Southern Africa,2014,Low income,LIC
COD,2018,Low income,Yes,Eastern and Southern Africa,2018,Low income,LIC
COD,2010,Low income,Yes,Eastern and Southern Africa,2010,Low income,LIC
COD,2002,Low income,Yes,Eastern and Southern Africa,2002,Low income,LIC
COD,2007,Low income,Yes,Eastern and Southern Africa,2007,Low income,LIC
COD,1995,Low income,,Eastern and Southern Africa,1995,Low income,LIC
COD,1999,Low income,Yes,Eastern and Southern Africa,1999,Low income,LIC
COD,1991,Low income,,Eastern and Southern Africa,1991,Low income,LIC
COD,1987,Low income,,Eastern and Southern Africa,1987,Low income,LIC
COD,2020,Low income,Yes,Eastern and Southern Africa,2020,Low income,LIC
COD,1998,Low income,Yes,Eastern and Southern Africa,1998,Low income,LIC
COD,2008,Low income,Yes,Eastern and Southern Africa,2008,Low income,LIC
COD,2009,Low income,Yes,Eastern and Southern Africa,2009,Low income,LIC
COD,2015,Low income,Yes,Eastern and Southern Africa,2015,Low income,LIC
COD,2005,Low income,Yes,Eastern and Southern Africa,2005,Low income,LIC
COD,2011,Low income,Yes,Eastern and Southern Africa,2011,Low income,LIC
COD,2016,Low income,Yes,Eastern and Southern Africa,2016,Low income,LIC
COD,2019,Low income,Yes,Eastern and Southern Africa,2019,Low income,LIC
COD,1988,Low income,,Eastern and Southern Africa,1988,Low income,LIC
COD,2022,Low income,Yes,Eastern and Southern Africa,2022,Low income,LIC
COD,1990,Low income,,Eastern and Southern Africa,1990,Low income,LIC
COD,2023,Low income,Yes,Eastern and Southern Africa,2023,Low income,LIC
COD,2000,Low income,Yes,Eastern and Southern Africa,2000,Low income,LIC
COG,1990,Lower middle income,,Western and Central Africa,1990,Lower middle income,LMIC
COG,1991,Lower middle income,,Western and Central Africa,1991,Lower middle income,LMIC
COG,1993,Lower middle income,,Western and Central Africa,1993,Lower middle income,LMIC
COG,2012,Lower middle income,Yes,Western and Central Africa,2012,Lower middle income,LMIC
COG,2016,Lower middle income,Yes,Western and Central Africa,2016,Lower middle income,LMIC
COG,1987,Lower middle income,,Western and Central Africa,1987,Lower middle income,LMIC
COG,2020,Lower middle income,Yes,Western and Central Africa,2020,Lower middle income,LMIC
COG,2015,Lower middle income,No,Western and Central Africa,2015,Lower middle income,LMIC
COG,2007,Lower middle income,Yes,Western and Central Africa,2007,Lower middle income,LMIC
COG,1998,Low income,Yes,Western and Central Africa,1998,Low income,LIC
COG,2002,Low income,Yes,Western and Central Africa,2002,Low income,LIC
COG,2019,Lower middle income,Yes,Western and Central Africa,2019,Lower middle income,LMIC
COG,2001,Low income,Yes,Western and Central Africa,2001,Low income,LIC
COG,2018,Lower middle income,Yes,Western and Central Africa,2018,Lower middle income,LMIC
COG,1992,Lower middle income,,Western and Central Africa,1992,Lower middle income,LMIC
COG,2022,Lower middle income,Yes,Western and Central Africa,2022,Lower middle income,LMIC
COG,2008,Lower middle income,Yes,Western and Central Africa,2008,Lower middle income,LMIC
COG,1996,Low income,,Western and Central Africa,1996,Low income,LIC
COG,2013,Lower middle income,No,Western and Central Africa,2013,Lower middle income,LMIC
COG,2017,Lower middle income,Yes,Western and Central Africa,2017,Lower middle income,LMIC
COG,2021,Lower middle income,Yes,Western and Central Africa,2021,Lower middle income,LMIC
COG,1988,Lower middle income,,Western and Central Africa,1988,Lower middle income,LMIC
COG,2000,Low income,Yes,Western and Central Africa,2000,Low income,LIC
COG,1989,Lower middle income,,Western and Central Africa,1989,Lower middle income,LMIC
COG,2011,Lower middle income,Yes,Western and Central Africa,2011,Lower middle income,LMIC
COG,1995,Low income,,Western and Central Africa,1995,Low income,LIC
COG,2023,Lower middle income,Yes,Western and Central Africa,2023,Lower middle income,LMIC
COG,2003,Low income,Yes,Western and Central Africa,2003,Low income,LIC
COG,2005,Lower middle income,Yes,Western and Central Africa,2005,Lower middle income,LMIC
COG,2006,Lower middle income,Yes,Western and Central Africa,2006,Lower middle income,LMIC
COG,1997,Low income,,Western and Central Africa,1997,Low income,LIC
COG,2009,Lower middle income,Yes,Western and Central Africa,2009,Lower middle income,LMIC
COG,2004,Low income,Yes,Western and Central Africa,2004,Low income,LIC
COG,2010,Lower middle income,Yes,Western and Central Africa,2010,Lower middle income,LMIC
COG,1994,Low income,,Western and Central Africa,1994,Low income,LIC
COG,2014,Lower middle income,No,Western and Central Africa,2014,Lower middle income,LMIC
COG,1999,Low income,Yes,Western and Central Africa,1999,Low income,LIC
COL,2018,Upper middle income,No,,2018,Upper middle income,UMIC
COL,1996,Lower middle income,,,1996,Lower middle income,LMIC
COL,2012,Upper middle income,No,,2012,Upper middle income,UMIC
COL,1994,Lower middle income,,,1994,Lower middle income,LMIC
COL,2003,Lower middle income,No,,2003,Lower middle income,LMIC
COL,2005,Lower middle income,No,,2005,Lower middle income,LMIC
COL,2020,Upper middle income,No,,2020,Upper middle income,UMIC
COL,2013,Upper middle income,No,,2013,Upper middle income,UMIC
COL,2023,Upper middle income,No,,2023,Upper middle income,UMIC
COL,2006,Lower middle income,No,,2006,Lower middle income,LMIC
COL,1999,Lower middle income,No,,1999,Lower middle income,LMIC
COL,1990,Lower middle income,,,1990,Lower middle income,LMIC
COL,2002,Lower middle income,No,,2002,Lower middle income,LMIC
COL,2014,Upper middle income,No,,2014,Upper middle income,UMIC
COL,1987,Lower middle income,,,1987,Lower middle income,LMIC
COL,1998,Lower middle income,No,,1998,Lower middle income,LMIC
COL,2011,Upper middle income,No,,2011,Upper middle income,UMIC
COL,2001,Lower middle income,No,,2001,Lower middle income,LMIC
COL,2004,Lower middle income,No,,2004,Lower middle income,LMIC
COL,2000,Lower middle income,No,,2000,Lower middle income,LMIC
COL,2009,Upper middle income,No,,2009,Upper middle income,UMIC
COL,2021,Upper middle income,No,,2021,Upper middle income,UMIC
COL,2022,Upper middle income,No,,2022,Upper middle income,UMIC
COL,1991,Lower middle income,,,1991,Lower middle income,LMIC
COL,2007,Lower middle income,No,,2007,Lower middle income,LMIC
COL,1988,Lower middle income,,,1988,Lower middle income,LMIC
COL,2024,Upper middle income,No,,2024,Upper middle income,UMIC
COL,1992,Lower middle income,,,1992,Lower middle income,LMIC
COL,1989,Lower middle income,,,1989,Lower middle income,LMIC
COL,1997,Lower middle income,,,1997,Lower middle income,LMIC
COL,2015,Upper middle income,No,,2015,Upper middle income,UMIC
COL,1995,Lower middle income,,,1995,Lower middle income,LMIC
COL,2017,Upper middle income,No,,2017,Upper middle income,UMIC
COL,2008,Upper middle income,No,,2008,Upper middle income,UMIC
COL,1993,Lower middle income,,,1993,Lower middle income,LMIC
COL,2016,Upper middle income,No,,2016,Upper middle income,UMIC
COL,2019,Upper middle income,No,,2019,Upper middle income,UMIC
COL,2010,Upper middle income,No,,2010,Upper middle income,UMIC
COM,1998,Low income,Yes,Eastern and Southern Africa,1998,Low income,LIC
COM,1991,Low income,,Eastern and Southern Africa,1991,Low income,LIC
COM,2021,Lower middle income,Yes,Eastern and Southern Africa,2021,Lower middle income,LMIC
COM,1993,Low income,,Eastern and Southern Africa,1993,Low income,LIC
COM,2001,Low income,Yes,Eastern and Southern Africa,2001,Low income,LIC
COM,2024,Lower middle income,Yes,Eastern and Southern Africa,2024,Lower middle income,LMIC
COM,2010,Low income,Yes,Eastern and Southern Africa,2010,Low income,LIC
COM,1996,Low income,,Eastern and Southern Africa,1996,Low income,LIC
COM,1997,Low income,,Eastern and Southern Africa,1997,Low income,LIC
COM,2008,Low income,Yes,Eastern and Southern Africa,2008,Low income,LIC
COM,2014,Low income,Yes,Eastern and Southern Africa,2014,Low income,LIC
COM,2022,Lower middle income,Yes,Eastern and Southern Africa,2022,Lower middle income,LMIC
COM,1992,Low income,,Eastern and Southern Africa,1992,Low income,LIC
COM,2020,Lower middle income,Yes,Eastern and Southern Africa,2020,Lower middle income,LMIC
COM,2005,Low income,Yes,Eastern and Southern Africa,2005,Low income,LIC
COM,1987,Low income,,Eastern and Southern Africa,1987,Low income,LIC
COM,1988,Low income,,Eastern and Southern Africa,1988,Low income,LIC
COM,1995,Low income,,Eastern and Southern Africa,1995,Low income,LIC
COM,2002,Low income,Yes,Eastern and Southern Africa,2002,Low income,LIC
COM,1994,Low income,,Eastern and Southern Africa,1994,Low income,LIC
COM,2019,Lower middle income,Yes,Eastern and Southern Africa,2019,Lower middle income,LMIC
COM,2006,Low income,Yes,Eastern and Southern Africa,2006,Low income,LIC
COM,2000,Low income,Yes,Eastern and Southern Africa,2000,Low income,LIC
COM,2016,Low income,Yes,Eastern and Southern Africa,2016,Low income,LIC
COM,1999,Low income,Yes,Eastern and Southern Africa,1999,Low income,LIC
COM,1990,Low income,,Eastern and Southern Africa,1990,Low income,LIC
COM,2009,Low income,Yes,Eastern and Southern Africa,2009,Low income,LIC
COM,2017,Low income,Yes,Eastern and Southern Africa,2017,Low income,LIC
COM,1989,Low income,,Eastern and Southern Africa,1989,Low income,LIC
COM,2015,Low income,Yes,Eastern and Southern Africa,2015,Low income,LIC
COM,2018,Lower middle income,Yes,Eastern and Southern Africa,2018,Lower middle income,LMIC
COM,2003,Low income,Yes,Eastern and Southern Africa,2003,Low income,LIC
COM,2011,Low income,Yes,Eastern and Southern Africa,2011,Low income,LIC
COM,2007,Low income,Yes,Eastern and Southern Africa,2007,Low income,LIC
COM,2004,Low income,Yes,Eastern and Southern Africa,2004,Low income,LIC
COM,2013,Low income,Yes,Eastern and Southern Africa,2013,Low income,LIC
COM,2012,Low income,Yes,Eastern and Southern Africa,2012,Low income,LIC
CPV,2008,Lower middle income,No,Western and Central Africa,2008,Lower middle income,LMIC
CPV,2021,Lower middle income,No,Western and Central Africa,2021,Lower middle income,LMIC
CPV,2007,Lower middle income,No,Western and Central Africa,2007,Lower middle income,LMIC
CPV,2001,Lower middle income,No,Western and Central Africa,2001,Lower middle income,LMIC
CPV,2023,Lower middle income,No,Western and Central Africa,2023,Lower middle income,LMIC
CPV,1998,Lower middle income,No,Western and Central Africa,1998,Lower middle income,LMIC
CPV,2003,Lower middle income,No,Western and Central Africa,2003,Lower middle income,LMIC
CPV,2009,Lower middle income,No,Western and Central Africa,2009,Lower middle income,LMIC
CPV,2015,Lower middle income,No,Western and Central Africa,2015,Lower middle income,LMIC
CPV,2006,Lower middle income,No,Western and Central Africa,2006,Lower middle income,LMIC
CPV,1990,Lower middle income,,Western and Central Africa,1990,Lower middle income,LMIC
CPV,2012,Lower middle income,No,Western and Central Africa,2012,Lower middle income,LMIC
CPV,2016,Lower middle income,No,Western and Central Africa,2016,Lower middle income,LMIC
CPV,1993,Lower middle income,,Western and Central Africa,1993,Lower middle income,LMIC
CPV,1988,Lower middle income,,Western and Central Africa,1988,Lower middle income,LMIC
CPV,2022,Lower middle income,No,Western and Central Africa,2022,Lower middle income,LMIC
CPV,1999,Lower middle income,No,Western and Central Africa,1999,Lower middle income,LMIC
CPV,2019,Lower middle income,No,Western and Central Africa,2019,Lower middle income,LMIC
CPV,2014,Lower middle income,No,Western and Central Africa,2014,Lower middle income,LMIC
CPV,2002,Lower middle income,No,Western and Central Africa,2002,Lower middle income,LMIC
CPV,1989,Lower middle income,,Western and Central Africa,1989,Lower middle income,LMIC
CPV,1996,Lower middle income,,Western and Central Africa,1996,Lower middle income,LMIC
CPV,1992,Lower middle income,,Western and Central Africa,1992,Lower middle income,LMIC
CPV,2004,Lower middle income,No,Western and Central Africa,2004,Lower middle income,LMIC
CPV,2024,Upper middle income,No,Western and Central Africa,2024,Upper middle income,UMIC
CPV,2017,Lower middle income,No,Western and Central Africa,2017,Lower middle income,LMIC
CPV,1997,Lower middle income,,Western and Central Africa,1997,Lower middle income,LMIC
CPV,2011,Lower middle income,No,Western and Central Africa,2011,Lower middle income,LMIC
CPV,2020,Lower middle income,No,Western and Central Africa,2020,Lower middle income,LMIC
CPV,1987,Lower middle income,,Western and Central Africa,1987,Lower middle income,LMIC
CPV,2010,Lower middle income,No,Western and Central Africa,2010,Lower middle income,LMIC
CPV,1995,Lower middle income,,Western and Central Africa,1995,Lower middle income,LMIC
CPV,1991,Lower middle income,,Western and Central Africa,1991,Lower middle income,LMIC
CPV,1994,Lower middle income,,Western and Central Africa,1994,Lower middle income,LMIC
CPV,2013,Lower middle income,No,Western and Central Africa,2013,Lower middle income,LMIC
CPV,2005,Lower middle income,No,Western and Central Africa,2005,Lower middle income,LMIC
CPV,2018,Lower middle income,No,Western and Central Africa,2018,Lower middle income,LMIC
CRI,2014,Upper middle income,No,,2014,Upper middle income,UMIC
CRI,1997,Lower middle income,,,1997,Lower middle income,LMIC
CRI,2005,Upper middle income,No,,2005,Upper middle income,UMIC
CRI,2009,Upper middle income,No,,2009,Upper middle income,UMIC
CRI,2024,High income,No,,2024,High income,HIC
CRI,2019,Upper middle income,No,,2019,Upper middle income,UMIC
CRI,1987,Lower middle income,,,1987,Lower middle income,LMIC
CRI,2003,Upper middle income,No,,2003,Upper middle income,UMIC
CRI,1989,Lower middle income,,,1989,Lower middle income,LMIC
CRI,2022,Upper middle income,No,,2022,Upper middle income,UMIC
CRI,1991,Lower middle income,,,1991,Lower middle income,LMIC
CRI,2007,Upper middle income,No,,2007,Upper middle income,UMIC
CRI,1990,Lower middle income,,,1990,Lower middle income,LMIC
CRI,1996,Lower middle income,,,1996,Lower middle income,LMIC
CRI,2013,Upper middle income,No,,2013,Upper middle income,UMIC
CRI,2018,Upper middle income,No,,2018,Upper middle income,UMIC
CRI,2002,Upper middle income,No,,2002,Upper middle income,UMIC
CRI,2000,Upper middle income,No,,2000,Upper middle income,UMIC
CRI,2011,Upper middle income,No,,2011,Upper middle income,UMIC
CRI,2001,Upper middle income,No,,2001,Upper middle income,UMIC
CRI,2006,Upper middle income,No,,2006,Upper middle income,UMIC
CRI,1994,Lower middle income,,,1994,Lower middle income,LMIC
CRI,1993,Lower middle income,,,1993,Lower middle income,LMIC
CRI,2010,Upper middle income,No,,2010,Upper middle income,UMIC
CRI,2020,Upper middle income,No,,2020,Upper middle income,UMIC
CRI,2004,Upper middle income,No,,2004,Upper middle income,UMIC
CRI,2016,Upper middle income,No,,2016,Upper middle income,UMIC
CRI,1995,Lower middle income,,,1995,Lower middle income,LMIC
CRI,2021,Upper middle income,No,,2021,Upper middle income,UMIC
CRI,1999,Lower middle income,No,,1999,Lower middle income,LMIC
CRI,2012,Upper middle income,No,,2012,Upper middle income,UMIC
CRI,2017,Upper middle income,No,,2017,Upper middle income,UMIC
CRI,2023,Upper middle income,No,,2023,Upper middle income,UMIC
CRI,2015,Upper middle income,No,,2015,Upper middle income,UMIC
CRI,1988,Lower middle income,,,1988,Lower middle income,LMIC
CRI,1992,Lower middle income,,,1992,Lower middle income,LMIC
CRI,1998,Lower middle income,No,,1998,Lower middle income,LMIC
CRI,2008,Upper middle income,No,,2008,Upper middle income,UMIC
CUB,2016,Upper middle income,No,,2016,Upper middle income,UMIC
CUB,2008,Upper middle income,No,,2008,Upper middle income,UMIC
CUB,1987,Lower middle income,,,1987,Lower middle income,LMIC
CUB,2020,Upper middle income,No,,2020,Upper middle income,UMIC
CUB,1997,Lower middle income,,,1997,Lower middle income,LMIC
CUB,1990,Lower middle income,,,1990,Lower middle income,LMIC
CUB,2011,Upper middle income,No,,2011,Upper middle income,UMIC
CUB,1995,Lower middle income,,,1995,Lower middle income,LMIC
CUB,1999,Lower middle income,No,,1999,Lower middle income,LMIC
CUB,1998,Lower middle income,No,,1998,Lower middle income,LMIC
CUB,2003,Lower middle income,No,,2003,Lower middle income,LMIC
CUB,1992,Lower middle income,,,1992,Lower middle income,LMIC
CUB,2018,Upper middle income,No,,2018,Upper middle income,UMIC
CUB,2023,Upper middle income,No,,2023,Upper middle income,UMIC
CUB,2021,Upper middle income,No,,2021,Upper middle income,UMIC
CUB,2010,Upper middle income,No,,2010,Upper middle income,UMIC
CUB,2005,Lower middle income,No,,2005,Lower middle income,LMIC
CUB,2002,Lower middle income,No,,2002,Lower middle income,LMIC
CUB,1991,Lower middle income,,,1991,Lower middle income,LMIC
CUB,2012,Upper middle income,No,,2012,Upper middle income,UMIC
CUB,1994,Lower middle income,,,1994,Lower middle income,LMIC
CUB,2017,Upper middle income,No,,2017,Upper middle income,UMIC
CUB,2014,Upper middle income,No,,2014,Upper middle income,UMIC
CUB,2019,Upper middle income,No,,2019,Upper middle income,UMIC
CUB,2007,Upper middle income,No,,2007,Upper middle income,UMIC
CUB,2004,Lower middle income,No,,2004,Lower middle income,LMIC
CUB,2009,Upper middle income,No,,2009,Upper middle income,UMIC
CUB,2001,Lower middle income,No,,2001,Lower middle income,LMIC
CUB,2006,Lower middle income,No,,2006,Lower middle income,LMIC
CUB,2024,Upper middle income,No,,2024,Upper middle income,UMIC
CUB,1988,Lower middle income,,,1988,Lower middle income,LMIC
CUB,2022,Upper middle income,No,,2022,Upper middle income,UMIC
CUB,1989,Lower middle income,,,1989,Lower middle income,LMIC
CUB,2015,Upper middle income,No,,2015,Upper middle income,UMIC
CUB,1996,Lower middle income,,,1996,Lower middle income,LMIC
CUB,2000,Lower middle income,No,,2000,Lower middle income,LMIC
CUB,1993,Lower middle income,,,1993,Lower middle income,LMIC
CUB,2013,Upper middle income,No,,2013,Upper middle income,UMIC
CUW,1998,High income,No,,1998,High income,HIC
CUW,2019,High income,No,,2019,High income,HIC
CUW,2020,High income,No,,2020,High income,HIC
CUW,2010,High income,No,,2010,High income,HIC
CUW,2013,High income,No,,2013,High income,HIC
CUW,2007,High income,No,,2007,High income,HIC
CUW,1989,High income,,,1989,High income,HIC
CUW,2002,High income,No,,2002,High income,HIC
CUW,2022,High income,No,,2022,High income,HIC
CUW,1999,High income,No,,1999,High income,HIC
CUW,2023,High income,No,,2023,High income,HIC
CUW,2011,High income,No,,2011,High income,HIC
CUW,2006,High income,No,,2006,High income,HIC
CUW,2017,High income,No,,2017,High income,HIC
CUW,1996,High income,,,1996,High income,HIC
CUW,2015,High income,No,,2015,High income,HIC
CUW,1997,High income,,,1997,High income,HIC
CUW,2003,High income,No,,2003,High income,HIC
CUW,1991,High income,,,1991,High income,HIC
CUW,1988,High income,,,1988,High income,HIC
CUW,2004,High income,No,,2004,High income,HIC
CUW,2016,High income,No,,2016,High income,HIC
CUW,2009,High income,No,,2009,High income,HIC
CUW,2018,High income,No,,2018,High income,HIC
CUW,1993,High income,,,1993,High income,HIC
CUW,1992,High income,,,1992,High income,HIC
CUW,2021,High income,No,,2021,High income,HIC
CUW,1987,High income,,,1987,High income,HIC
CUW,2024,High income,No,,2024,High income,HIC
CUW,2005,High income,No,,2005,High income,HIC
CUW,1994,High income,,,1994,High income,HIC
CUW,1990,High income,,,1990,High income,HIC
CUW,2012,High income,No,,2012,High income,HIC
CUW,2000,High income,No,,2000,High income,HIC
CUW,1995,High income,,,1995,High income,HIC
CUW,2001,High income,No,,2001,High income,HIC
CUW,2014,High income,No,,2014,High income,HIC
CUW,2008,High income,No,,2008,High income,HIC
CYM,1997,High income,,,1997,High income,HIC
CYM,2011,High income,No,,2011,High income,HIC
CYM,2020,High income,No,,2020,High income,HIC
CYM,1989,High income,,,1989,High income,HIC
CYM,2018,High income,No,,2018,High income,HIC
CYM,1987,High income,,,1987,High income,HIC
CYM,1999,High income,No,,1999,High income,HIC
CYM,2003,High income,No,,2003,High income,HIC
CYM,2002,High income,No,,2002,High income,HIC
CYM,2004,High income,No,,2004,High income,HIC
CYM,2005,High income,No,,2005,High income,HIC
CYM,2017,High income,No,,2017,High income,HIC
CYM,1993,High income,,,1993,High income,HIC
CYM,2013,High income,No,,2013,High income,HIC
CYM,2000,High income,No,,2000,High income,HIC
CYM,1988,High income,,,1988,High income,HIC
CYM,2008,High income,No,,2008,High income,HIC
CYM,2016,High income,No,,2016,High income,HIC
CYM,2007,High income,No,,2007,High income,HIC
CYM,2009,High income,No,,2009,High income,HIC
CYM,2010,High income,No,,2010,High income,HIC
CYM,2006,High income,No,,2006,High income,HIC
CYM,1996,High income,,,1996,High income,HIC
CYM,1998,High income,No,,1998,High income,HIC
CYM,1995,High income,,,1995,High income,HIC
CYM,1992,High income,,,1992,High income,HIC
CYM,2024,High income,No,,2024,High income,HIC
CYM,2023,High income,No,,2023,High income,HIC
CYM,2019,High income,No,,2019,High income,HIC
CYM,2022,High income,No,,2022,High income,HIC
CYM,1991,High income,,,1991,High income,HIC
CYM,1990,High income,,,1990,High income,HIC
CYM,2012,High income,No,,2012,High income,HIC
CYM,1994,High income,,,1994,High income,HIC
CYM,2001,High income,No,,2001,High income,HIC
CYM,2014,High income,No,,2014,High income,HIC
CYM,2021,High income,No,,2021,High income,HIC
CYM,2015,High income,No,,2015,High income,HIC
CYP,2003,High income,No,,2003,High income,HIC
CYP,2019,High income,No,,2019,High income,HIC
CYP,2005,High income,No,,2005,High income,HIC
CYP,2007,High income,No,,2007,High income,HIC
CYP,2023,High income,No,,2023,High income,HIC
CYP,2016,High income,No,,2016,High income,HIC
CYP,1987,Upper middle income,,,1987,Upper middle income,UMIC
CYP,2010,High income,No,,2010,High income,HIC
CYP,2008,High income,No,,2008,High income,HIC
CYP,2022,High income,No,,2022,High income,HIC
CYP,1995,High income,,,1995,High income,HIC
CYP,1989,High income,,,1989,High income,HIC
CYP,2011,High income,No,,2011,High income,HIC
CYP,2000,High income,No,,2000,High income,HIC
CYP,2004,High income,No,,2004,High income,HIC
CYP,2013,High income,No,,2013,High income,HIC
CYP,1990,High income,,,1990,High income,HIC
CYP,2014,High income,No,,2014,High income,HIC
CYP,2002,High income,No,,2002,High income,HIC
CYP,2024,High income,No,,2024,High income,HIC
CYP,2001,High income,No,,2001,High income,HIC
CYP,1988,High income,,,1988,High income,HIC
CYP,2012,High income,No,,2012,High income,HIC
CYP,1993,High income,,,1993,High income,HIC
CYP,1997,High income,,,1997,High income,HIC
CYP,2021,High income,No,,2021,High income,HIC
CYP,1998,High income,No,,1998,High income,HIC
CYP,1996,High income,,,1996,High income,HIC
CYP,2009,High income,No,,2009,High income,HIC
CYP,1999,High income,No,,1999,High income,HIC
CYP,2020,High income,No,,2020,High income,HIC
CYP,2006,High income,No,,2006,High income,HIC
CYP,2015,High income,No,,2015,High income,HIC
CYP,1994,High income,,,1994,High income,HIC
CYP,2017,High income,No,,2017,High income,HIC
CYP,1992,High income,,,1992,High income,HIC
CYP,1991,High income,,,1991,High income,HIC
CYP,2018,High income,No,,2018,High income,HIC
CZE,2017,High income,No,,2017,High income,HIC
CZE,2006,High income,No,,2006,High income,HIC
CZE,2018,High income,No,,2018,High income,HIC
CZE,2013,High income,No,,2013,High income,HIC
CZE,2010,High income,No,,2010,High income,HIC
CZE,2020,High income,No,,2020,High income,HIC
CZE,2005,Upper middle income,No,,2005,Upper middle income,UMIC
CZE,1990,Upper middle income,,,1990,Upper middle income,UMIC
CZE,2016,High income,No,,2016,High income,HIC
CZE,1994,Upper middle income,,,1994,Upper middle income,UMIC
CZE,2000,Upper middle income,No,,2000,Upper middle income,UMIC
CZE,1988,Upper middle income,,,1988,Upper middle income,UMIC
CZE,1996,Upper middle income,,,1996,Upper middle income,UMIC
CZE,2021,High income,No,,2021,High income,HIC
CZE,1997,Upper middle income,,,1997,Upper middle income,UMIC
CZE,2014,High income,No,,2014,High income,HIC
CZE,2009,High income,No,,2009,High income,HIC
CZE,2003,Upper middle income,No,,2003,Upper middle income,UMIC
CZE,1989,Upper middle income,,,1989,Upper middle income,UMIC
CZE,1993,Lower middle income,,,1993,Lower middle income,LMIC
CZE,1999,Upper middle income,No,,1999,Upper middle income,UMIC
CZE,2008,High income,No,,2008,High income,HIC
CZE,2001,Upper middle income,No,,2001,Upper middle income,UMIC
CZE,2004,Upper middle income,No,,2004,Upper middle income,UMIC
CZE,2023,High income,No,,2023,High income,HIC
CZE,1991,Upper middle income,,,1991,Upper middle income,UMIC
CZE,2019,High income,No,,2019,High income,HIC
CZE,1987,Upper middle income,,,1987,Upper middle income,UMIC
CZE,1992,Lower middle income,,,1992,Lower middle income,LMIC
CZE,2002,Upper middle income,No,,2002,Upper middle income,UMIC
CZE,2024,High income,No,,2024,High income,HIC
CZE,2011,High income,No,,2011,High income,HIC
CZE,2022,High income,No,,2022,High income,HIC
CZE,2007,High income,No,,2007,High income,HIC
CZE,1998,Upper middle income,No,,1998,Upper middle income,UMIC
CZE,2015,High income,No,,2015,High income,HIC
CZE,1995,Upper middle income,,,1995,Upper middle income,UMIC
CZE,2012,High income,No,,2012,High income,HIC
DEU,2005,High income,No,,2005,High income,HIC
DEU,2016,High income,No,,2016,High income,HIC
DEU,1991,High income,,,1991,High income,HIC
DEU,2013,High income,No,,2013,High income,HIC
DEU,2019,High income,No,,2019,High income,HIC
DEU,2023,High income,No,,2023,High income,HIC
DEU,1989,High income,,,1989,High income,HIC
DEU,2010,High income,No,,2010,High income,HIC
DEU,2002,High income,No,,2002,High income,HIC
DEU,1994,High income,,,1994,High income,HIC
DEU,1992,High income,,,1992,High income,HIC
DEU,2021,High income,No,,2021,High income,HIC
DEU,2017,High income,No,,2017,High income,HIC
DEU,2001,High income,No,,2001,High income,HIC
DEU,2003,High income,No,,2003,High income,HIC
DEU,1995,High income,,,1995,High income,HIC
DEU,1993,High income,,,1993,High income,HIC
DEU,1996,High income,,,1996,High income,HIC
DEU,1999,High income,No,,1999,High income,HIC
DEU,2008,High income,No,,2008,High income,HIC
DEU,1990,High income,,,1990,High income,HIC
DEU,2024,High income,No,,2024,High income,HIC
DEU,2018,High income,No,,2018,High income,HIC
DEU,2015,High income,No,,2015,High income,HIC
DEU,1998,High income,No,,1998,High income,HIC
DEU,1988,High income,,,1988,High income,HIC
DEU,2006,High income,No,,2006,High income,HIC
DEU,1997,High income,,,1997,High income,HIC
DEU,2012,High income,No,,2012,High income,HIC
DEU,2014,High income,No,,2014,High income,HIC
DEU,2022,High income,No,,2022,High income,HIC
DEU,2009,High income,No,,2009,High income,HIC
DEU,1987,High income,,,1987,High income,HIC
DEU,2007,High income,No,,2007,High income,HIC
DEU,2020,High income,No,,2020,High income,HIC
DEU,2000,High income,No,,2000,High income,HIC
DEU,2004,High income,No,,2004,High income,HIC
DEU,2011,High income,No,,2011,High income,HIC
DJI,1991,Lower middle income,,,1991,Lower middle income,LMIC
DJI,2012,Lower middle income,No,,2012,Lower middle income,LMIC
DJI,1996,Lower middle income,,,1996,Lower middle income,LMIC
DJI,1987,Lower middle income,,,1987,Lower middle income,LMIC
DJI,1999,Lower middle income,Yes,,1999,Lower middle income,LMIC
DJI,1995,Lower middle income,,,1995,Lower middle income,LMIC
DJI,2016,Lower middle income,Yes,,2016,Lower middle income,LMIC
DJI,2020,Lower middle income,No,,2020,Lower middle income,LMIC
DJI,2000,Lower middle income,Yes,,2000,Lower middle income,LMIC
DJI,2001,Lower middle income,Yes,,2001,Lower middle income,LMIC
DJI,2004,Lower middle income,Yes,,2004,Lower middle income,LMIC
DJI,2007,Lower middle income,Yes,,2007,Lower middle income,LMIC
DJI,2009,Lower middle income,No,,2009,Lower middle income,LMIC
DJI,2010,Lower middle income,No,,2010,Lower middle income,LMIC
DJI,2019,Lower middle income,No,,2019,Lower middle income,LMIC
DJI,2006,Lower middle income,Yes,,2006,Lower middle income,LMIC
DJI,2018,Lower middle income,No,,2018,Lower middle income,LMIC
DJI,1990,Lower middle income,,,1990,Lower middle income,LMIC
DJI,2002,Lower middle income,No,,2002,Lower middle income,LMIC
DJI,1993,Lower middle income,,,1993,Lower middle income,LMIC
DJI,1988,Lower middle income,,,1988,Lower middle income,LMIC
DJI,2024,Lower middle income,No,,2024,Lower middle income,LMIC
DJI,2022,Lower middle income,No,,2022,Lower middle income,LMIC
DJI,2021,Lower middle income,No,,2021,Lower middle income,LMIC
DJI,1994,Lower middle income,,,1994,Lower middle income,LMIC
DJI,2005,Lower middle income,Yes,,2005,Lower middle income,LMIC
DJI,1998,Lower middle income,Yes,,1998,Lower middle income,LMIC
DJI,2003,Lower middle income,No,,2003,Lower middle income,LMIC
DJI,2015,Lower middle income,Yes,,2015,Lower middle income,LMIC
DJI,2014,Lower middle income,No,,2014,Lower middle income,LMIC
DJI,2023,Lower middle income,No,,2023,Lower middle income,LMIC
DJI,2017,Lower middle income,Yes,,2017,Lower middle income,LMIC
DJI,1989,Lower middle income,,,1989,Lower middle income,LMIC
DJI,1992,Lower middle income,,,1992,Lower middle income,LMIC
DJI,2013,Lower middle income,No,,2013,Lower middle income,LMIC
DJI,2008,Lower middle income,Yes,,2008,Lower middle income,LMIC
DJI,2011,Lower middle income,No,,2011,Lower middle income,LMIC
DJI,1997,Lower middle income,,,1997,Lower middle income,LMIC
DMA,2001,Upper middle income,No,,2001,Upper middle income,UMIC
DMA,1987,Lower middle income,,,1987,Lower middle income,LMIC
DMA,2021,Upper middle income,No,,2021,Upper middle income,UMIC
DMA,2024,Upper middle income,No,,2024,Upper middle income,UMIC
DMA,2016,Upper middle income,No,,2016,Upper middle income,UMIC
DMA,2002,Upper middle income,No,,2002,Upper middle income,UMIC
DMA,1990,Lower middle income,,,1990,Lower middle income,LMIC
DMA,2004,Upper middle income,No,,2004,Upper middle income,UMIC
DMA,1993,Lower middle income,,,1993,Lower middle income,LMIC
DMA,2008,Upper middle income,No,,2008,Upper middle income,UMIC
DMA,2020,Upper middle income,No,,2020,Upper middle income,UMIC
DMA,2017,Upper middle income,No,,2017,Upper middle income,UMIC
DMA,1995,Lower middle income,,,1995,Lower middle income,LMIC
DMA,2006,Upper middle income,No,,2006,Upper middle income,UMIC
DMA,2011,Upper middle income,No,,2011,Upper middle income,UMIC
DMA,2012,Upper middle income,No,,2012,Upper middle income,UMIC
DMA,1997,Lower middle income,,,1997,Lower middle income,LMIC
DMA,1996,Lower middle income,,,1996,Lower middle income,LMIC
DMA,1994,Lower middle income,,,1994,Lower middle income,LMIC
DMA,2007,Upper middle income,No,,2007,Upper middle income,UMIC
DMA,2015,Upper middle income,No,,2015,Upper middle income,UMIC
DMA,2010,Upper middle income,No,,2010,Upper middle income,UMIC
DMA,1992,Lower middle income,,,1992,Lower middle income,LMIC
DMA,1998,Lower middle income,Yes,,1998,Lower middle income,LMIC
DMA,2013,Upper middle income,No,,2013,Upper middle income,UMIC
DMA,2005,Upper middle income,No,,2005,Upper middle income,UMIC
DMA,2003,Upper middle income,No,,2003,Upper middle income,UMIC
DMA,2000,Upper middle income,No,,2000,Upper middle income,UMIC
DMA,2009,Upper middle income,No,,2009,Upper middle income,UMIC
DMA,2018,Upper middle income,No,,2018,Upper middle income,UMIC
DMA,1988,Lower middle income,,,1988,Lower middle income,LMIC
DMA,1989,Lower middle income,,,1989,Lower middle income,LMIC
DMA,2023,Upper middle income,No,,2023,Upper middle income,UMIC
DMA,2022,Upper middle income,No,,2022,Upper middle income,UMIC
DMA,2014,Upper middle income,No,,2014,Upper middle income,UMIC
DMA,1999,Upper middle income,Yes,,1999,Upper middle income,UMIC
DMA,2019,Upper middle income,No,,2019,Upper middle income,UMIC
DMA,1991,Lower middle income,,,1991,Lower middle income,LMIC
DNK,1992,High income,,,1992,High income,HIC
DNK,1996,High income,,,1996,High income,HIC
DNK,2013,High income,No,,2013,High income,HIC
DNK,1993,High income,,,1993,High income,HIC
DNK,1989,High income,,,1989,High income,HIC
DNK,2021,High income,No,,2021,High income,HIC
DNK,1998,High income,No,,1998,High income,HIC
DNK,2011,High income,No,,2011,High income,HIC
DNK,2007,High income,No,,2007,High income,HIC
DNK,1997,High income,,,1997,High income,HIC
DNK,1988,High income,,,1988,High income,HIC
DNK,2002,High income,No,,2002,High income,HIC
DNK,2024,High income,No,,2024,High income,HIC
DNK,1995,High income,,,1995,High income,HIC
DNK,2018,High income,No,,2018,High income,HIC
DNK,2017,High income,No,,2017,High income,HIC
DNK,2006,High income,No,,2006,High income,HIC
DNK,2009,High income,No,,2009,High income,HIC
DNK,2020,High income,No,,2020,High income,HIC
DNK,2004,High income,No,,2004,High income,HIC
DNK,1994,High income,,,1994,High income,HIC
DNK,2023,High income,No,,2023,High income,HIC
DNK,2001,High income,No,,2001,High income,HIC
DNK,2015,High income,No,,2015,High income,HIC
DNK,2000,High income,No,,2000,High income,HIC
DNK,2016,High income,No,,2016,High income,HIC
DNK,2010,High income,No,,2010,High income,HIC
DNK,2005,High income,No,,2005,High income,HIC
DNK,1990,High income,,,1990,High income,HIC
DNK,2008,High income,No,,2008,High income,HIC
DNK,2022,High income,No,,2022,High income,HIC
DNK,2003,High income,No,,2003,High income,HIC
DNK,2012,High income,No,,2012,High income,HIC
DNK,1987,High income,,,1987,High income,HIC
DNK,1991,High income,,,1991,High income,HIC
DNK,2019,High income,No,,2019,High income,HIC
DNK,1999,High income,No,,1999,High income,HIC
DNK,2014,High income,No,,2014,High income,HIC
DOM,1991,Lower middle income,,,1991,Lower middle income,LMIC
DOM,1987,Lower middle income,,,1987,Lower middle income,LMIC
DOM,2015,Upper middle income,No,,2015,Upper middle income,UMIC
DOM,1999,Lower middle income,No,,1999,Lower middle income,LMIC
DOM,2003,Lower middle income,No,,2003,Lower middle income,LMIC
DOM,2011,Upper middle income,No,,2011,Upper middle income,UMIC
DOM,1995,Lower middle income,,,1995,Lower middle income,LMIC
DOM,2009,Upper middle income,No,,2009,Upper middle income,UMIC
DOM,2002,Lower middle income,No,,2002,Lower middle income,LMIC
DOM,1998,Lower middle income,No,,1998,Lower middle income,LMIC
DOM,2018,Upper middle income,No,,2018,Upper middle income,UMIC
DOM,2007,Lower middle income,No,,2007,Lower middle income,LMIC
DOM,2000,Lower middle income,No,,2000,Lower middle income,LMIC
DOM,2010,Upper middle income,No,,2010,Upper middle income,UMIC
DOM,1997,Lower middle income,,,1997,Lower middle income,LMIC
DOM,2024,Upper middle income,No,,2024,Upper middle income,UMIC
DOM,2023,Upper middle income,No,,2023,Upper middle income,UMIC
DOM,2021,Upper middle income,No,,2021,Upper middle income,UMIC
DOM,1996,Lower middle income,,,1996,Lower middle income,LMIC
DOM,2016,Upper middle income,No,,2016,Upper middle income,UMIC
DOM,2006,Lower middle income,No,,2006,Lower middle income,LMIC
DOM,1993,Lower middle income,,,1993,Lower middle income,LMIC
DOM,2001,Lower middle income,No,,2001,Lower middle income,LMIC
DOM,2004,Lower middle income,No,,2004,Lower middle income,LMIC
DOM,1988,Lower middle income,,,1988,Lower middle income,LMIC
DOM,2014,Upper middle income,No,,2014,Upper middle income,UMIC
DOM,2013,Upper middle income,No,,2013,Upper middle income,UMIC
DOM,2017,Upper middle income,No,,2017,Upper middle income,UMIC
DOM,2022,Upper middle income,No,,2022,Upper middle income,UMIC
DOM,1989,Lower middle income,,,1989,Lower middle income,LMIC
DOM,2008,Upper middle income,No,,2008,Upper middle income,UMIC
DOM,2005,Lower middle income,No,,2005,Lower middle income,LMIC
DOM,1992,Lower middle income,,,1992,Lower middle income,LMIC
DOM,2020,Upper middle income,No,,2020,Upper middle income,UMIC
DOM,2012,Upper middle income,No,,2012,Upper middle income,UMIC
DOM,1994,Lower middle income,,,1994,Lower middle income,LMIC
DOM,1990,Lower middle income,,,1990,Lower middle income,LMIC
DOM,2019,Upper middle income,No,,2019,Upper middle income,UMIC
DZA,1999,Lower middle income,No,,1999,Lower middle income,LMIC
DZA,2013,Upper middle income,No,,2013,Upper middle income,UMIC
DZA,2012,Upper middle income,No,,2012,Upper middle income,UMIC
DZA,1987,Upper middle income,,,1987,Upper middle income,UMIC
DZA,1997,Lower middle income,,,1997,Lower middle income,LMIC
DZA,2018,Upper middle income,No,,2018,Upper middle income,UMIC
DZA,1990,Lower middle income,,,1990,Lower middle income,LMIC
DZA,1994,Lower middle income,,,1994,Lower middle income,LMIC
DZA,2011,Upper middle income,No,,2011,Upper middle income,UMIC
DZA,2022,Lower middle income,No,,2022,Lower middle income,LMIC
DZA,2002,Lower middle income,No,,2002,Lower middle income,LMIC
DZA,2007,Lower middle income,No,,2007,Lower middle income,LMIC
DZA,2014,Upper middle income,No,,2014,Upper middle income,UMIC
DZA,2008,Upper middle income,No,,2008,Upper middle income,UMIC
DZA,2024,Upper middle income,No,,2024,Upper middle income,UMIC
DZA,2016,Upper middle income,No,,2016,Upper middle income,UMIC
DZA,2001,Lower middle income,No,,2001,Lower middle income,LMIC
DZA,1998,Lower middle income,No,,1998,Lower middle income,LMIC
DZA,2004,Lower middle income,No,,2004,Lower middle income,LMIC
DZA,1993,Lower middle income,,,1993,Lower middle income,LMIC
DZA,1988,Upper middle income,,,1988,Upper middle income,UMIC
DZA,1989,Lower middle income,,,1989,Lower middle income,LMIC
DZA,2005,Lower middle income,No,,2005,Lower middle income,LMIC
DZA,2006,Lower middle income,No,,2006,Lower middle income,LMIC
DZA,1996,Lower middle income,,,1996,Lower middle income,LMIC
DZA,2023,Upper middle income,No,,2023,Upper middle income,UMIC
DZA,2019,Lower middle income,No,,2019,Lower middle income,LMIC
DZA,2010,Upper middle income,No,,2010,Upper middle income,UMIC
DZA,2021,Lower middle income,No,,2021,Lower middle income,LMIC
DZA,1995,Lower middle income,,,1995,Lower middle income,LMIC
DZA,2015,Upper middle income,No,,2015,Upper middle income,UMIC
DZA,2020,Lower middle income,No,,2020,Lower middle income,LMIC
DZA,2000,Lower middle income,No,,2000,Lower middle income,LMIC
DZA,2017,Upper middle income,No,,2017,Upper middle income,UMIC
DZA,1992,Lower middle income,,,1992,Lower middle income,LMIC
DZA,2003,Lower middle income,No,,2003,Lower middle income,LMIC
DZA,2009,Upper middle income,No,,2009,Upper middle income,UMIC
DZA,1991,Lower middle income,,,1991,Lower middle income,LMIC
ECU,1992,Lower middle income,,,1992,Lower middle income,LMIC
ECU,1987,Lower middle income,,,1987,Lower middle income,LMIC
ECU,2011,Upper middle income,No,,2011,Upper middle income,UMIC
ECU,2000,Lower middle income,No,,2000,Lower middle income,LMIC
ECU,2018,Upper middle income,No,,2018,Upper middle income,UMIC
ECU,1995,Lower middle income,,,1995,Lower middle income,LMIC
ECU,2005,Lower middle income,No,,2005,Lower middle income,LMIC
ECU,2003,Lower middle income,No,,2003,Lower middle income,LMIC
ECU,1999,Lower middle income,No,,1999,Lower middle income,LMIC
ECU,2020,Upper middle income,No,,2020,Upper middle income,UMIC
ECU,2022,Upper middle income,No,,2022,Upper middle income,UMIC
ECU,2012,Upper middle income,No,,2012,Upper middle income,UMIC
ECU,1991,Lower middle income,,,1991,Lower middle income,LMIC
ECU,2015,Upper middle income,No,,2015,Upper middle income,UMIC
ECU,1989,Lower middle income,,,1989,Lower middle income,LMIC
ECU,2023,Upper middle income,No,,2023,Upper middle income,UMIC
ECU,2019,Upper middle income,No,,2019,Upper middle income,UMIC
ECU,1988,Lower middle income,,,1988,Lower middle income,LMIC
ECU,1997,Lower middle income,,,1997,Lower middle income,LMIC
ECU,2001,Lower middle income,No,,2001,Lower middle income,LMIC
ECU,2004,Lower middle income,No,,2004,Lower middle income,LMIC
ECU,1996,Lower middle income,,,1996,Lower middle income,LMIC
ECU,1998,Lower middle income,No,,1998,Lower middle income,LMIC
ECU,2014,Upper middle income,No,,2014,Upper middle income,UMIC
ECU,2007,Lower middle income,No,,2007,Lower middle income,LMIC
ECU,2017,Upper middle income,No,,2017,Upper middle income,UMIC
ECU,2021,Upper middle income,No,,2021,Upper middle income,UMIC
ECU,2002,Lower middle income,No,,2002,Lower middle income,LMIC
ECU,1990,Lower middle income,,,1990,Lower middle income,LMIC
ECU,2016,Upper middle income,No,,2016,Upper middle income,UMIC
ECU,1993,Lower middle income,,,1993,Lower middle income,LMIC
ECU,2008,Lower middle income,No,,2008,Lower middle income,LMIC
ECU,2006,Lower middle income,No,,2006,Lower middle income,LMIC
ECU,2024,Upper middle income,No,,2024,Upper middle income,UMIC
ECU,2009,Lower middle income,No,,2009,Lower middle income,LMIC
ECU,1994,Lower middle income,,,1994,Lower middle income,LMIC
ECU,2010,Upper middle income,No,,2010,Upper middle income,UMIC
ECU,2013,Upper middle income,No,,2013,Upper middle income,UMIC
EGY,1995,Lower middle income,,,1995,Lower middle income,LMIC
EGY,2004,Lower middle income,No,,2004,Lower middle income,LMIC
EGY,2020,Lower middle income,No,,2020,Lower middle income,LMIC
EGY,1987,Lower middle income,,,1987,Lower middle income,LMIC
EGY,2000,Lower middle income,No,,2000,Lower middle income,LMIC
EGY,2014,Lower middle income,No,,2014,Lower middle income,LMIC
EGY,2006,Lower middle income,No,,2006,Lower middle income,LMIC
EGY,1996,Lower middle income,,,1996,Lower middle income,LMIC
EGY,2018,Lower middle income,No,,2018,Lower middle income,LMIC
EGY,2003,Lower middle income,No,,2003,Lower middle income,LMIC
EGY,2001,Lower middle income,No,,2001,Lower middle income,LMIC
EGY,1998,Lower middle income,No,,1998,Lower middle income,LMIC
EGY,1988,Lower middle income,,,1988,Lower middle income,LMIC
EGY,2009,Lower middle income,No,,2009,Lower middle income,LMIC
EGY,2017,Lower middle income,No,,2017,Lower middle income,LMIC
EGY,2005,Lower middle income,No,,2005,Lower middle income,LMIC
EGY,2010,Lower middle income,No,,2010,Lower middle income,LMIC
EGY,2016,Lower middle income,No,,2016,Lower middle income,LMIC
EGY,2011,Lower middle income,No,,2011,Lower middle income,LMIC
EGY,2022,Lower middle income,No,,2022,Lower middle income,LMIC
EGY,1993,Low income,,,1993,Low income,LIC
EGY,1999,Lower middle income,No,,1999,Lower middle income,LMIC
EGY,2013,Lower middle income,No,,2013,Lower middle income,LMIC
EGY,2019,Lower middle income,No,,2019,Lower middle income,LMIC
EGY,1991,Low income,,,1991,Low income,LIC
EGY,2023,Lower middle income,No,,2023,Lower middle income,LMIC
EGY,1994,Low income,,,1994,Low income,LIC
EGY,1997,Lower middle income,,,1997,Lower middle income,LMIC
EGY,2021,Lower middle income,No,,2021,Lower middle income,LMIC
EGY,2002,Lower middle income,No,,2002,Lower middle income,LMIC
EGY,1989,Lower middle income,,,1989,Lower middle income,LMIC
EGY,2007,Lower middle income,No,,2007,Lower middle income,LMIC
EGY,1990,Low income,,,1990,Low income,LIC
EGY,2012,Lower middle income,No,,2012,Lower middle income,LMIC
EGY,2008,Lower middle income,No,,2008,Lower middle income,LMIC
EGY,2024,Lower middle income,No,,2024,Lower middle income,LMIC
EGY,1992,Low income,,,1992,Low income,LIC
EGY,2015,Lower middle income,No,,2015,Lower middle income,LMIC
ERI,2002,Low income,Yes,Eastern and Southern Africa,2002,Low income,LIC
ERI,1988,Low income,,Eastern and Southern Africa,1988,Low income,LIC
ERI,2023,Low income,Yes,Eastern and Southern Africa,2023,Low income,LIC
ERI,2022,Low income,Yes,Eastern and Southern Africa,2022,Low income,LIC
ERI,2012,Low income,Yes,Eastern and Southern Africa,2012,Low income,LIC
ERI,2010,Low income,Yes,Eastern and Southern Africa,2010,Low income,LIC
ERI,1996,Low income,,Eastern and Southern Africa,1996,Low income,LIC
ERI,1997,Low income,,Eastern and Southern Africa,1997,Low income,LIC
ERI,2014,Low income,Yes,Eastern and Southern Africa,2014,Low income,LIC
ERI,2013,Low income,Yes,Eastern and Southern Africa,2013,Low income,LIC
ERI,2001,Low income,Yes,Eastern and Southern Africa,2001,Low income,LIC
ERI,1995,Low income,,Eastern and Southern Africa,1995,Low income,LIC
ERI,2019,Low income,Yes,Eastern and Southern Africa,2019,Low income,LIC
ERI,2021,Low income,Yes,Eastern and Southern Africa,2021,Low income,LIC
ERI,2017,Low income,Yes,Eastern and Southern Africa,2017,Low income,LIC
ERI,2008,Low income,Yes,Eastern and Southern Africa,2008,Low income,LIC
ERI,2020,Low income,Yes,Eastern and Southern Africa,2020,Low income,LIC
ERI,2004,Low income,Yes,Eastern and Southern Africa,2004,Low income,LIC
ERI,2015,Low income,Yes,Eastern and Southern Africa,2015,Low income,LIC
ERI,1998,Low income,No,Eastern and Southern Africa,1998,Low income,LIC
ERI,1999,Low income,No,Eastern and Southern Africa,1999,Low income,LIC
ERI,2000,Low income,Yes,Eastern and Southern Africa,2000,Low income,LIC
ERI,2006,Low income,Yes,Eastern and Southern Africa,2006,Low income,LIC
ERI,2005,Low income,Yes,Eastern and Southern Africa,2005,Low income,LIC
ERI,2003,Low income,Yes,Eastern and Southern Africa,2003,Low income,LIC
ERI,1993,Low income,,Eastern and Southern Africa,1993,Low income,LIC
ERI,1989,Low income,,Eastern and Southern Africa,1989,Low income,LIC
ERI,2011,Low income,Yes,Eastern and Southern Africa,2011,Low income,LIC
ERI,2016,Low income,Yes,Eastern and Southern Africa,2016,Low income,LIC
ERI,2007,Low income,Yes,Eastern and Southern Africa,2007,Low income,LIC
ERI,2024,Low income,Yes,Eastern and Southern Africa,2024,Low income,LIC
ERI,1987,Low income,,Eastern and Southern Africa,1987,Low income,LIC
ERI,1990,Low income,,Eastern and Southern Africa,1990,Low income,LIC
ERI,2009,Low income,Yes,Eastern and Southern Africa,2009,Low income,LIC
ERI,1992,Low income,,Eastern and Southern Africa,1992,Low income,LIC
ERI,2018,Low income,Yes,Eastern and Southern Africa,2018,Low income,LIC
ERI,1991,Low income,,Eastern and Southern Africa,1991,Low income,LIC
ESP,2012,High income,No,,2012,High income,HIC
ESP,2016,High income,No,,2016,High income,HIC
ESP,2022,High income,No,,2022,High income,HIC
ESP,2008,High income,No,,2008,High income,HIC
ESP,1993,High income,,,1993,High income,HIC
ESP,1998,High income,No,,1998,High income,HIC
ESP,1997,High income,,,1997,High income,HIC
ESP,2020,High income,No,,2020,High income,HIC
ESP,2006,High income,No,,2006,High income,HIC
ESP,2002,High income,No,,2002,High income,HIC
ESP,2023,High income,No,,2023,High income,HIC
ESP,2014,High income,No,,2014,High income,HIC
ESP,1994,High income,,,1994,High income,HIC
ESP,2017,High income,No,,2017,High income,HIC
ESP,2010,High income,No,,2010,High income,HIC
ESP,1989,High income,,,1989,High income,HIC
ESP,2007,High income,No,,2007,High income,HIC
ESP,2019,High income,No,,2019,High income,HIC
ESP,1996,High income,,,1996,High income,HIC
ESP,2003,High income,No,,2003,High income,HIC
ESP,2000,High income,No,,2000,High income,HIC
ESP,2024,High income,No,,2024,High income,HIC
ESP,2021,High income,No,,2021,High income,HIC
ESP,1995,High income,,,1995,High income,HIC
ESP,2018,High income,No,,2018,High income,HIC
ESP,2005,High income,No,,2005,High income,HIC
ESP,1987,High income,,,1987,High income,HIC
ESP,1990,High income,,,1990,High income,HIC
ESP,2009,High income,No,,2009,High income,HIC
ESP,2015,High income,No,,2015,High income,HIC
ESP,1999,High income,No,,1999,High income,HIC
ESP,1988,High income,,,1988,High income,HIC
ESP,1991,High income,,,1991,High income,HIC
ESP,2001,High income,No,,2001,High income,HIC
ESP,2011,High income,No,,2011,High income,HIC
ESP,1992,High income,,,1992,High income,HIC
ESP,2004,High income,No,,2004,High income,HIC
ESP,2013,High income,No,,2013,High income,HIC
EST,2023,High income,No,,2023,High income,HIC
EST,1990,Upper middle income,,,1990,Upper middle income,UMIC
EST,1987,Upper middle income,,,1987,Upper middle income,UMIC
EST,2000,Upper middle income,No,,2000,Upper middle income,UMIC
EST,2001,Upper middle income,No,,2001,Upper middle income,UMIC
EST,1989,Upper middle income,,,1989,Upper middle income,UMIC
EST,2008,High income,No,,2008,High income,HIC
EST,1998,Upper middle income,No,,1998,Upper middle income,UMIC
EST,1997,Upper middle income,,,1997,Upper middle income,UMIC
EST,2015,High income,No,,2015,High income,HIC
EST,1995,Lower middle income,,,1995,Lower middle income,LMIC
EST,2020,High income,No,,2020,High income,HIC
EST,2019,High income,No,,2019,High income,HIC
EST,1999,Upper middle income,No,,1999,Upper middle income,UMIC
EST,1994,Lower middle income,,,1994,Lower middle income,LMIC
EST,2013,High income,No,,2013,High income,HIC
EST,2016,High income,No,,2016,High income,HIC
EST,2002,Upper middle income,No,,2002,Upper middle income,UMIC
EST,1993,Upper middle income,,,1993,Upper middle income,UMIC
EST,1988,Upper middle income,,,1988,Upper middle income,UMIC
EST,2021,High income,No,,2021,High income,HIC
EST,1991,Upper middle income,,,1991,Upper middle income,UMIC
EST,2022,High income,No,,2022,High income,HIC
EST,1996,Lower middle income,,,1996,Lower middle income,LMIC
EST,2014,High income,No,,2014,High income,HIC
EST,2009,High income,No,,2009,High income,HIC
EST,2011,High income,No,,2011,High income,HIC
EST,1992,Upper middle income,,,1992,Upper middle income,UMIC
EST,2007,High income,No,,2007,High income,HIC
EST,2005,Upper middle income,No,,2005,Upper middle income,UMIC
EST,2018,High income,No,,2018,High income,HIC
EST,2024,High income,No,,2024,High income,HIC
EST,2006,High income,No,,2006,High income,HIC
EST,2017,High income,No,,2017,High income,HIC
EST,2012,High income,No,,2012,High income,HIC
EST,2003,Upper middle income,No,,2003,Upper middle income,UMIC
EST,2010,High income,No,,2010,High income,HIC
EST,2004,Upper middle income,No,,2004,Upper middle income,UMIC
ETH,1999,Low income,No,Eastern and Southern Africa,1999,Low income,LIC
ETH,1989,Low income,,Eastern and Southern Africa,1989,Low income,LIC
ETH,1996,Low income,,Eastern and Southern Africa,1996,Low income,LIC
ETH,2000,Low income,No,Eastern and Southern Africa,2000,Low income,LIC
ETH,2020,Low income,Yes,Eastern and Southern Africa,2020,Low income,LIC
ETH,2005,Low income,No,Eastern and Southern Africa,2005,Low income,LIC
ETH,2014,Low income,No,Eastern and Southern Africa,2014,Low income,LIC
ETH,2010,Low income,No,Eastern and Southern Africa,2010,Low income,LIC
ETH,1993,Low income,,Eastern and Southern Africa,1993,Low income,LIC
ETH,2006,Low income,No,Eastern and Southern Africa,2006,Low income,LIC
ETH,1991,Low income,,Eastern and Southern Africa,1991,Low income,LIC
ETH,1994,Low income,,Eastern and Southern Africa,1994,Low income,LIC
ETH,2018,Low income,No,Eastern and Southern Africa,2018,Low income,LIC
ETH,2022,Low income,Yes,Eastern and Southern Africa,2022,Low income,LIC
ETH,2002,Low income,No,Eastern and Southern Africa,2002,Low income,LIC
ETH,2003,Low income,No,Eastern and Southern Africa,2003,Low income,LIC
ETH,2011,Low income,No,Eastern and Southern Africa,2011,Low income,LIC
ETH,2017,Low income,No,Eastern and Southern Africa,2017,Low income,LIC
ETH,2019,Low income,No,Eastern and Southern Africa,2019,Low income,LIC
ETH,2001,Low income,No,Eastern and Southern Africa,2001,Low income,LIC
ETH,1987,Low income,,Eastern and Southern Africa,1987,Low income,LIC
ETH,2009,Low income,No,Eastern and Southern Africa,2009,Low income,LIC
ETH,2004,Low income,No,Eastern and Southern Africa,2004,Low income,LIC
ETH,1997,Low income,,Eastern and Southern Africa,1997,Low income,LIC
ETH,1988,Low income,,Eastern and Southern Africa,1988,Low income,LIC
ETH,2015,Low income,No,Eastern and Southern Africa,2015,Low income,LIC
ETH,2007,Low income,No,Eastern and Southern Africa,2007,Low income,LIC
ETH,1990,Low income,,Eastern and Southern Africa,1990,Low income,LIC
ETH,2013,Low income,No,Eastern and Southern Africa,2013,Low income,LIC
ETH,2024,Low income,Yes,Eastern and Southern Africa,2024,Low income,LIC
ETH,2021,Low income,Yes,Eastern and Southern Africa,2021,Low income,LIC
ETH,2023,Low income,Yes,Eastern and Southern Africa,2023,Low income,LIC
ETH,2012,Low income,No,Eastern and Southern Africa,2012,Low income,LIC
ETH,1992,Low income,,Eastern and Southern Africa,1992,Low income,LIC
ETH,2008,Low income,No,Eastern and Southern Africa,2008,Low income,LIC
ETH,2016,Low income,No,Eastern and Southern Africa,2016,Low income,LIC
ETH,1995,Low income,,Eastern and Southern Africa,1995,Low income,LIC
FIN,1990,High income,,,1990,High income,HIC
FIN,1994,High income,,,1994,High income,HIC
FIN,2019,High income,No,,2019,High income,HIC
FIN,2023,High income,No,,2023,High income,HIC
FIN,1987,High income,,,1987,High income,HIC
FIN,2017,High income,No,,2017,High income,HIC
FIN,2018,High income,No,,2018,High income,HIC
FIN,1996,High income,,,1996,High income,HIC
FIN,2007,High income,No,,2007,High income,HIC
FIN,2008,High income,No,,2008,High income,HIC
FIN,2001,High income,No,,2001,High income,HIC
FIN,2003,High income,No,,2003,High income,HIC
FIN,2000,High income,No,,2000,High income,HIC
FIN,1999,High income,No,,1999,High income,HIC
FIN,1995,High income,,,1995,High income,HIC
FIN,1998,High income,No,,1998,High income,HIC
FIN,2005,High income,No,,2005,High income,HIC
FIN,2013,High income,No,,2013,High income,HIC
FIN,2002,High income,No,,2002,High income,HIC
FIN,2016,High income,No,,2016,High income,HIC
FIN,2004,High income,No,,2004,High income,HIC
FIN,1991,High income,,,1991,High income,HIC
FIN,2024,High income,No,,2024,High income,HIC
FIN,2015,High income,No,,2015,High income,HIC
FIN,2020,High income,No,,2020,High income,HIC
FIN,1993,High income,,,1993,High income,HIC
FIN,1988,High income,,,1988,High income,HIC
FIN,2012,High income,No,,2012,High income,HIC
FIN,2006,High income,No,,2006,High income,HIC
FIN,2009,High income,No,,2009,High income,HIC
FIN,1997,High income,,,1997,High income,HIC
FIN,2010,High income,No,,2010,High income,HIC
FIN,2021,High income,No,,2021,High income,HIC
FIN,2022,High income,No,,2022,High income,HIC
FIN,1989,High income,,,1989,High income,HIC
FIN,1992,High income,,,1992,High income,HIC
FIN,2014,High income,No,,2014,High income,HIC
FIN,2011,High income,No,,2011,High income,HIC
FJI,2013,Upper middle income,No,,2013,Upper middle income,UMIC
FJI,2022,Upper middle income,No,,2022,Upper middle income,UMIC
FJI,1987,Lower middle income,,,1987,Lower middle income,LMIC
FJI,2018,Upper middle income,No,,2018,Upper middle income,UMIC
FJI,2008,Upper middle income,No,,2008,Upper middle income,UMIC
FJI,2012,Upper middle income,No,,2012,Upper middle income,UMIC
FJI,1999,Lower middle income,No,,1999,Lower middle income,LMIC
FJI,2006,Lower middle income,No,,2006,Lower middle income,LMIC
FJI,2014,Upper middle income,No,,2014,Upper middle income,UMIC
FJI,2019,Upper middle income,No,,2019,Upper middle income,UMIC
FJI,1996,Lower middle income,,,1996,Lower middle income,LMIC
FJI,1995,Lower middle income,,,1995,Lower middle income,LMIC
FJI,1993,Lower middle income,,,1993,Lower middle income,LMIC
FJI,2015,Upper middle income,No,,2015,Upper middle income,UMIC
FJI,1991,Lower middle income,,,1991,Lower middle income,LMIC
FJI,1994,Lower middle income,,,1994,Lower middle income,LMIC
FJI,2005,Lower middle income,No,,2005,Lower middle income,LMIC
FJI,2010,Lower middle income,No,,2010,Lower middle income,LMIC
FJI,2024,Upper middle income,No,,2024,Upper middle income,UMIC
FJI,2023,Upper middle income,No,,2023,Upper middle income,UMIC
FJI,1988,Lower middle income,,,1988,Lower middle income,LMIC
FJI,2003,Lower middle income,No,,2003,Lower middle income,LMIC
FJI,2004,Lower middle income,No,,2004,Lower middle income,LMIC
FJI,2000,Lower middle income,No,,2000,Lower middle income,LMIC
FJI,2001,Lower middle income,No,,2001,Lower middle income,LMIC
FJI,1997,Lower middle income,,,1997,Lower middle income,LMIC
FJI,1992,Lower middle income,,,1992,Lower middle income,LMIC
FJI,2016,Upper middle income,No,,2016,Upper middle income,UMIC
FJI,2011,Lower middle income,No,,2011,Lower middle income,LMIC
FJI,2020,Upper middle income,No,,2020,Upper middle income,UMIC
FJI,2002,Lower middle income,No,,2002,Lower middle income,LMIC
FJI,2017,Upper middle income,No,,2017,Upper middle income,UMIC
FJI,1998,Lower middle income,No,,1998,Lower middle income,LMIC
FJI,2009,Upper middle income,No,,2009,Upper middle income,UMIC
FJI,1989,Lower middle income,,,1989,Lower middle income,LMIC
FJI,2021,Upper middle income,No,,2021,Upper middle income,UMIC
FJI,1990,Lower middle income,,,1990,Lower middle income,LMIC
FJI,2007,Upper middle income,No,,2007,Upper middle income,UMIC
FRA,2017,High income,No,,2017,High income,HIC
FRA,2023,High income,No,,2023,High income,HIC
FRA,2001,High income,No,,2001,High income,HIC
FRA,1993,High income,,,1993,High income,HIC
FRA,2006,High income,No,,2006,High income,HIC
FRA,2016,High income,No,,2016,High income,HIC
FRA,2002,High income,No,,2002,High income,HIC
FRA,1997,High income,,,1997,High income,HIC
FRA,1988,High income,,,1988,High income,HIC
FRA,1991,High income,,,1991,High income,HIC
FRA,1998,High income,No,,1998,High income,HIC
FRA,1990,High income,,,1990,High income,HIC
FRA,2010,High income,No,,2010,High income,HIC
FRA,2011,High income,No,,2011,High income,HIC
FRA,2018,High income,No,,2018,High income,HIC
FRA,2007,High income,No,,2007,High income,HIC
FRA,2024,High income,No,,2024,High income,HIC
FRA,1999,High income,No,,1999,High income,HIC
FRA,2019,High income,No,,2019,High income,HIC
FRA,2003,High income,No,,2003,High income,HIC
FRA,2009,High income,No,,2009,High income,HIC
FRA,1987,High income,,,1987,High income,HIC
FRA,1994,High income,,,1994,High income,HIC
FRA,2008,High income,No,,2008,High income,HIC
FRA,1989,High income,,,1989,High income,HIC
FRA,1995,High income,,,1995,High income,HIC
FRA,2004,High income,No,,2004,High income,HIC
FRA,2021,High income,No,,2021,High income,HIC
FRA,2020,High income,No,,2020,High income,HIC
FRA,2012,High income,No,,2012,High income,HIC
FRA,1996,High income,,,1996,High income,HIC
FRA,1992,High income,,,1992,High income,HIC
FRA,2000,High income,No,,2000,High income,HIC
FRA,2022,High income,No,,2022,High income,HIC
FRA,2013,High income,No,,2013,High income,HIC
FRA,2005,High income,No,,2005,High income,HIC
FRA,2014,High income,No,,2014,High income,HIC
FRA,2015,High income,No,,2015,High income,HIC
FRO,2007,High income,No,,2007,High income,HIC
FRO,1996,High income,,,1996,High income,HIC
FRO,1993,High income,,,1993,High income,HIC
FRO,2024,High income,No,,2024,High income,HIC
FRO,2022,High income,No,,2022,High income,HIC
FRO,2005,High income,No,,2005,High income,HIC
FRO,2000,High income,No,,2000,High income,HIC
FRO,2001,High income,No,,2001,High income,HIC
FRO,1999,High income,No,,1999,High income,HIC
FRO,1991,High income,,,1991,High income,HIC
FRO,2004,High income,No,,2004,High income,HIC
FRO,2021,High income,No,,2021,High income,HIC
FRO,2018,High income,No,,2018,High income,HIC
FRO,2014,High income,No,,2014,High income,HIC
FRO,2006,High income,No,,2006,High income,HIC
FRO,2010,High income,No,,2010,High income,HIC
FRO,1992,High income,,,1992,High income,HIC
FRO,1998,High income,No,,1998,High income,HIC
FRO,2016,High income,No,,2016,High income,HIC
FRO,2017,High income,No,,2017,High income,HIC
FRO,1997,High income,,,1997,High income,HIC
FRO,1990,High income,,,1990,High income,HIC
FRO,2003,High income,No,,2003,High income,HIC
FRO,2023,High income,No,,2023,High income,HIC
FRO,2009,High income,No,,2009,High income,HIC
FRO,1988,High income,,,1988,High income,HIC
FRO,1989,High income,,,1989,High income,HIC
FRO,1995,High income,,,1995,High income,HIC
FRO,2019,High income,No,,2019,High income,HIC
FRO,1994,High income,,,1994,High income,HIC
FRO,2011,High income,No,,2011,High income,HIC
FRO,2008,High income,No,,2008,High income,HIC
FRO,2013,High income,No,,2013,High income,HIC
FRO,2015,High income,No,,2015,High income,HIC
FRO,2012,High income,No,,2012,High income,HIC
FRO,2002,High income,No,,2002,High income,HIC
FRO,2020,High income,No,,2020,High income,HIC
FRO,1987,High income,,,1987,High income,HIC
FSM,2018,Lower middle income,Yes,,2018,Lower middle income,LMIC
FSM,2024,Lower middle income,Yes,,2024,Lower middle income,LMIC
FSM,2000,Lower middle income,No,,2000,Lower middle income,LMIC
FSM,2012,Lower middle income,Yes,,2012,Lower middle income,LMIC
FSM,1995,Lower middle income,,,1995,Lower middle income,LMIC
FSM,2004,Lower middle income,No,,2004,Lower middle income,LMIC
FSM,1998,Lower middle income,No,,1998,Lower middle income,LMIC
FSM,2023,Lower middle income,Yes,,2023,Lower middle income,LMIC
FSM,2021,Lower middle income,Yes,,2021,Lower middle income,LMIC
FSM,2017,Lower middle income,Yes,,2017,Lower middle income,LMIC
FSM,2016,Lower middle income,Yes,,2016,Lower middle income,LMIC
FSM,2009,Lower middle income,No,,2009,Lower middle income,LMIC
FSM,1994,Lower middle income,,,1994,Lower middle income,LMIC
FSM,2013,Lower middle income,Yes,,2013,Lower middle income,LMIC
FSM,1991,Lower middle income,,,1991,Lower middle income,LMIC
FSM,1990,Lower middle income,,,1990,Lower middle income,LMIC
FSM,2011,Lower middle income,Yes,,2011,Lower middle income,LMIC
FSM,1993,Lower middle income,,,1993,Lower middle income,LMIC
FSM,2015,Lower middle income,Yes,,2015,Lower middle income,LMIC
FSM,2003,Lower middle income,No,,2003,Lower middle income,LMIC
FSM,1992,Lower middle income,,,1992,Lower middle income,LMIC
FSM,2022,Lower middle income,Yes,,2022,Lower middle income,LMIC
FSM,1999,Lower middle income,No,,1999,Lower middle income,LMIC
FSM,2002,Lower middle income,No,,2002,Lower middle income,LMIC
FSM,2007,Lower middle income,No,,2007,Lower middle income,LMIC
FSM,2005,Lower middle income,No,,2005,Lower middle income,LMIC
FSM,2010,Lower middle income,Yes,,2010,Lower middle income,LMIC
FSM,1997,Lower middle income,,,1997,Lower middle income,LMIC
FSM,1989,Lower middle income,,,1989,Lower middle income,LMIC
FSM,2014,Lower middle income,Yes,,2014,Lower middle income,LMIC
FSM,2001,Lower middle income,No,,2001,Lower middle income,LMIC
FSM,2008,Lower middle income,No,,2008,Lower middle income,LMIC
FSM,2019,Lower middle income,Yes,,2019,Lower middle income,LMIC
FSM,1988,Lower middle income,,,1988,Lower middle income,LMIC
FSM,2020,Lower middle income,Yes,,2020,Lower middle income,LMIC
FSM,2006,Lower middle income,No,,2006,Lower middle income,LMIC
FSM,1987,Lower middle income,,,1987,Lower middle income,LMIC
FSM,1996,Lower middle income,,,1996,Lower middle income,LMIC
GAB,2006,Upper middle income,No,Western and Central Africa,2006,Upper middle income,UMIC
GAB,1988,Upper middle income,,Western and Central Africa,1988,Upper middle income,UMIC
GAB,2019,Upper middle income,No,Western and Central Africa,2019,Upper middle income,UMIC
GAB,2002,Upper middle income,No,Western and Central Africa,2002,Upper middle income,UMIC
GAB,1990,Upper middle income,,Western and Central Africa,1990,Upper middle income,UMIC
GAB,1989,Upper middle income,,Western and Central Africa,1989,Upper middle income,UMIC
GAB,2017,Upper middle income,No,Western and Central Africa,2017,Upper middle income,UMIC
GAB,2011,Upper middle income,No,Western and Central Africa,2011,Upper middle income,UMIC
GAB,2009,Upper middle income,No,Western and Central Africa,2009,Upper middle income,UMIC
GAB,1998,Upper middle income,No,Western and Central Africa,1998,Upper middle income,UMIC
GAB,1999,Upper middle income,No,Western and Central Africa,1999,Upper middle income,UMIC
GAB,2000,Upper middle income,No,Western and Central Africa,2000,Upper middle income,UMIC
GAB,1992,Upper middle income,,Western and Central Africa,1992,Upper middle income,UMIC
GAB,1994,Upper middle income,,Western and Central Africa,1994,Upper middle income,UMIC
GAB,2001,Upper middle income,No,Western and Central Africa,2001,Upper middle income,UMIC
GAB,2024,Upper middle income,No,Western and Central Africa,2024,Upper middle income,UMIC
GAB,1996,Upper middle income,,Western and Central Africa,1996,Upper middle income,UMIC
GAB,2018,Upper middle income,No,Western and Central Africa,2018,Upper middle income,UMIC
GAB,1997,Upper middle income,,Western and Central Africa,1997,Upper middle income,UMIC
GAB,2021,Upper middle income,No,Western and Central Africa,2021,Upper middle income,UMIC
GAB,2010,Upper middle income,No,Western and Central Africa,2010,Upper middle income,UMIC
GAB,2008,Upper middle income,No,Western and Central Africa,2008,Upper middle income,UMIC
GAB,2023,Upper middle income,No,Western and Central Africa,2023,Upper middle income,UMIC
GAB,2015,Upper middle income,No,Western and Central Africa,2015,Upper middle income,UMIC
GAB,2012,Upper middle income,No,Western and Central Africa,2012,Upper middle income,UMIC
GAB,2013,Upper middle income,No,Western and Central Africa,2013,Upper middle income,UMIC
GAB,1991,Upper middle income,,Western and Central Africa,1991,Upper middle income,UMIC
GAB,2020,Upper middle income,No,Western and Central Africa,2020,Upper middle income,UMIC
GAB,1987,Upper middle income,,Western and Central Africa,1987,Upper middle income,UMIC
GAB,2005,Upper middle income,No,Western and Central Africa,2005,Upper middle income,UMIC
GAB,2016,Upper middle income,No,Western and Central Africa,2016,Upper middle income,UMIC
GAB,2007,Upper middle income,No,Western and Central Africa,2007,Upper middle income,UMIC
GAB,1995,Upper middle income,,Western and Central Africa,1995,Upper middle income,UMIC
GAB,2014,Upper middle income,No,Western and Central Africa,2014,Upper middle income,UMIC
GAB,2003,Upper middle income,No,Western and Central Africa,2003,Upper middle income,UMIC
GAB,2022,Upper middle income,No,Western and Central Africa,2022,Upper middle income,UMIC
GAB,1993,Upper middle income,,Western and Central Africa,1993,Upper middle income,UMIC
GBR,2021,High income,No,,2021,High income,HIC
GBR,2014,High income,No,,2014,High income,HIC
GBR,1990,High income,,,1990,High income,HIC
GBR,2004,High income,No,,2004,High income,HIC
GBR,2023,High income,No,,2023,High income,HIC
GBR,1987,High income,,,1987,High income,HIC
GBR,2015,High income,No,,2015,High income,HIC
GBR,2011,High income,No,,2011,High income,HIC
GBR,2016,High income,No,,2016,High income,HIC
GBR,2001,High income,No,,2001,High income,HIC
GBR,1991,High income,,,1991,High income,HIC
GBR,1993,High income,,,1993,High income,HIC
GBR,2003,High income,No,,2003,High income,HIC
GBR,2024,High income,No,,2024,High income,HIC
GBR,2020,High income,No,,2020,High income,HIC
GBR,2018,High income,No,,2018,High income,HIC
GBR,1992,High income,,,1992,High income,HIC
GBR,1994,High income,,,1994,High income,HIC
GBR,2008,High income,No,,2008,High income,HIC
GBR,1998,High income,No,,1998,High income,HIC
GBR,2022,High income,No,,2022,High income,HIC
GBR,2013,High income,No,,2013,High income,HIC
GBR,1989,High income,,,1989,High income,HIC
GBR,2009,High income,No,,2009,High income,HIC
GBR,1997,High income,,,1997,High income,HIC
GBR,2007,High income,No,,2007,High income,HIC
GBR,2010,High income,No,,2010,High income,HIC
GBR,2006,High income,No,,2006,High income,HIC
GBR,1988,High income,,,1988,High income,HIC
GBR,2005,High income,No,,2005,High income,HIC
GBR,2002,High income,No,,2002,High income,HIC
GBR,1996,High income,,,1996,High income,HIC
GBR,1999,High income,No,,1999,High income,HIC
GBR,2000,High income,No,,2000,High income,HIC
GBR,2017,High income,No,,2017,High income,HIC
GBR,2012,High income,No,,2012,High income,HIC
GBR,2019,High income,No,,2019,High income,HIC
GBR,1995,High income,,,1995,High income,HIC
GEO,2003,Lower middle income,Yes,,2003,Lower middle income,LMIC
GEO,2010,Lower middle income,Yes,,2010,Lower middle income,LMIC
GEO,1991,Lower middle income,,,1991,Lower middle income,LMIC
GEO,2018,Upper middle income,No,,2018,Upper middle income,UMIC
GEO,1988,Lower middle income,,,1988,Lower middle income,LMIC
GEO,2020,Upper middle income,No,,2020,Upper middle income,UMIC
GEO,2008,Lower middle income,Yes,,2008,Lower middle income,LMIC
GEO,1987,Lower middle income,,,1987,Lower middle income,LMIC
GEO,2007,Lower middle income,No,,2007,Lower middle income,LMIC
GEO,1998,Lower middle income,No,,1998,Lower middle income,LMIC
GEO,2015,Upper middle income,No,,2015,Upper middle income,UMIC
GEO,1994,Low income,,,1994,Low income,LIC
GEO,2016,Lower middle income,No,,2016,Lower middle income,LMIC
GEO,1990,Lower middle income,,,1990,Lower middle income,LMIC
GEO,1996,Lower middle income,,,1996,Lower middle income,LMIC
GEO,2012,Lower middle income,No,,2012,Lower middle income,LMIC
GEO,2021,Upper middle income,No,,2021,Upper middle income,UMIC
GEO,1995,Low income,,,1995,Low income,LIC
GEO,2023,Upper middle income,No,,2023,Upper middle income,UMIC
GEO,2019,Upper middle income,No,,2019,Upper middle income,UMIC
GEO,2017,Lower middle income,No,,2017,Lower middle income,LMIC
GEO,2002,Low income,Yes,,2002,Low income,LIC
GEO,2001,Low income,No,,2001,Low income,LIC
GEO,2006,Lower middle income,No,,2006,Lower middle income,LMIC
GEO,2000,Low income,No,,2000,Low income,LIC
GEO,1993,Low income,,,1993,Low income,LIC
GEO,2005,Lower middle income,No,,2005,Lower middle income,LMIC
GEO,2004,Lower middle income,No,,2004,Lower middle income,LMIC
GEO,2022,Upper middle income,No,,2022,Upper middle income,UMIC
GEO,2011,Lower middle income,No,,2011,Lower middle income,LMIC
GEO,1999,Low income,No,,1999,Low income,LIC
GEO,2014,Lower middle income,No,,2014,Lower middle income,LMIC
GEO,1989,Lower middle income,,,1989,Lower middle income,LMIC
GEO,1992,Lower middle income,,,1992,Lower middle income,LMIC
GEO,2013,Lower middle income,No,,2013,Lower middle income,LMIC
GEO,2009,Lower middle income,Yes,,2009,Lower middle income,LMIC
GEO,2024,Upper middle income,No,,2024,Upper middle income,UMIC
GEO,1997,Lower middle income,,,1997,Lower middle income,LMIC
GHA,2018,Lower middle income,No,Western and Central Africa,2018,Lower middle income,LMIC
GHA,2005,Low income,No,Western and Central Africa,2005,Low income,LIC
GHA,2003,Low income,No,Western and Central Africa,2003,Low income,LIC
GHA,1993,Low income,,Western and Central Africa,1993,Low income,LIC
GHA,1999,Low income,No,Western and Central Africa,1999,Low income,LIC
GHA,2022,Lower middle income,No,Western and Central Africa,2022,Lower middle income,LMIC
GHA,1995,Low income,,Western and Central Africa,1995,Low income,LIC
GHA,1987,Low income,,Western and Central Africa,1987,Low income,LIC
GHA,2021,Lower middle income,No,Western and Central Africa,2021,Lower middle income,LMIC
GHA,1994,Low income,,Western and Central Africa,1994,Low income,LIC
GHA,2019,Lower middle income,No,Western and Central Africa,2019,Lower middle income,LMIC
GHA,2006,Low income,No,Western and Central Africa,2006,Low income,LIC
GHA,2023,Lower middle income,No,Western and Central Africa,2023,Lower middle income,LMIC
GHA,1989,Low income,,Western and Central Africa,1989,Low income,LIC
GHA,2000,Low income,No,Western and Central Africa,2000,Low income,LIC
GHA,2008,Low income,No,Western and Central Africa,2008,Low income,LIC
GHA,2009,Low income,No,Western and Central Africa,2009,Low income,LIC
GHA,2012,Lower middle income,No,Western and Central Africa,2012,Lower middle income,LMIC
GHA,1991,Low income,,Western and Central Africa,1991,Low income,LIC
GHA,2013,Lower middle income,No,Western and Central Africa,2013,Lower middle income,LMIC
GHA,2014,Lower middle income,No,Western and Central Africa,2014,Lower middle income,LMIC
GHA,2004,Low income,No,Western and Central Africa,2004,Low income,LIC
GHA,1988,Low income,,Western and Central Africa,1988,Low income,LIC
GHA,2017,Lower middle income,No,Western and Central Africa,2017,Lower middle income,LMIC
GHA,2010,Lower middle income,No,Western and Central Africa,2010,Lower middle income,LMIC
GHA,2001,Low income,No,Western and Central Africa,2001,Low income,LIC
GHA,1997,Low income,,Western and Central Africa,1997,Low income,LIC
GHA,1996,Low income,,Western and Central Africa,1996,Low income,LIC
GHA,2024,Lower middle income,No,Western and Central Africa,2024,Lower middle income,LMIC
GHA,1992,Low income,,Western and Central Africa,1992,Low income,LIC
GHA,1990,Low income,,Western and Central Africa,1990,Low income,LIC
GHA,2011,Lower middle income,No,Western and Central Africa,2011,Lower middle income,LMIC
GHA,2015,Lower middle income,No,Western and Central Africa,2015,Lower middle income,LMIC
GHA,2007,Low income,No,Western and Central Africa,2007,Low income,LIC
GHA,1998,Low income,No,Western and Central Africa,1998,Low income,LIC
GHA,2016,Lower middle income,No,Western and Central Africa,2016,Lower middle income,LMIC
GHA,2020,Lower middle income,No,Western and Central Africa,2020,Lower middle income,LMIC
GIB,1987,Upper middle income,,,1987,Upper middle income,UMIC
GIB,2015,High income,No,,2015,High income,HIC
GIB,1995,High income,,,1995,High income,HIC
GIB,2023,High income,No,,2023,High income,HIC
GIB,1988,Upper middle income,,,1988,Upper middle income,UMIC
GIB,2005,High income,No,,2005,High income,HIC
GIB,2006,High income,No,,2006,High income,HIC
GIB,2010,High income,No,,2010,High income,HIC
GIB,1996,High income,,,1996,High income,HIC
GIB,1991,Upper middle income,,,1991,Upper middle income,UMIC
GIB,2017,High income,No,,2017,High income,HIC
GIB,1990,Upper middle income,,,1990,Upper middle income,UMIC
GIB,2011,High income,No,,2011,High income,HIC
GIB,2014,High income,No,,2014,High income,HIC
GIB,1992,Upper middle income,,,1992,Upper middle income,UMIC
GIB,1997,High income,,,1997,High income,HIC
GIB,1998,High income,No,,1998,High income,HIC
GIB,2021,High income,No,,2021,High income,HIC
GIB,2018,High income,No,,2018,High income,HIC
GIB,2009,High income,No,,2009,High income,HIC
GIB,2004,High income,No,,2004,High income,HIC
GIB,2012,High income,No,,2012,High income,HIC
GIB,2020,High income,No,,2020,High income,HIC
GIB,2007,High income,No,,2007,High income,HIC
GIB,2000,High income,No,,2000,High income,HIC
GIB,2008,High income,No,,2008,High income,HIC
GIB,1999,High income,No,,1999,High income,HIC
GIB,2016,High income,No,,2016,High income,HIC
GIB,2001,High income,No,,2001,High income,HIC
GIB,2003,High income,No,,2003,High income,HIC
GIB,2013,High income,No,,2013,High income,HIC
GIB,2024,High income,No,,2024,High income,HIC
GIB,1994,High income,,,1994,High income,HIC
GIB,2002,High income,No,,2002,High income,HIC
GIB,1993,Upper middle income,,,1993,Upper middle income,UMIC
GIB,2019,High income,No,,2019,High income,HIC
GIB,2022,High income,No,,2022,High income,HIC
GIB,1989,Upper middle income,,,1989,Upper middle income,UMIC
GIN,2002,Low income,Yes,Western and Central Africa,2002,Low income,LIC
GIN,1987,Low income,,Western and Central Africa,1987,Low income,LIC
GIN,2006,Low income,Yes,Western and Central Africa,2006,Low income,LIC
GIN,2008,Low income,Yes,Western and Central Africa,2008,Low income,LIC
GIN,2024,Lower middle income,No,Western and Central Africa,2024,Lower middle income,LMIC
GIN,2017,Low income,No,Western and Central Africa,2017,Low income,LIC
GIN,1988,Low income,,Western and Central Africa,1988,Low income,LIC
GIN,2010,Low income,Yes,Western and Central Africa,2010,Low income,LIC
GIN,2015,Low income,No,Western and Central Africa,2015,Low income,LIC
GIN,1995,Low income,,Western and Central Africa,1995,Low income,LIC
GIN,1992,Low income,,Western and Central Africa,1992,Low income,LIC
GIN,1993,Low income,,Western and Central Africa,1993,Low income,LIC
GIN,2003,Low income,Yes,Western and Central Africa,2003,Low income,LIC
GIN,1999,Low income,No,Western and Central Africa,1999,Low income,LIC
GIN,1991,Low income,,Western and Central Africa,1991,Low income,LIC
GIN,2018,Low income,No,Western and Central Africa,2018,Low income,LIC
GIN,2020,Low income,No,Western and Central Africa,2020,Low income,LIC
GIN,2013,Low income,No,Western and Central Africa,2013,Low income,LIC
GIN,2004,Low income,Yes,Western and Central Africa,2004,Low income,LIC
GIN,2005,Low income,Yes,Western and Central Africa,2005,Low income,LIC
GIN,2000,Low income,No,Western and Central Africa,2000,Low income,LIC
GIN,2012,Low income,No,Western and Central Africa,2012,Low income,LIC
GIN,2021,Low income,No,Western and Central Africa,2021,Low income,LIC
GIN,2001,Low income,No,Western and Central Africa,2001,Low income,LIC
GIN,1989,Low income,,Western and Central Africa,1989,Low income,LIC
GIN,2023,Lower middle income,No,Western and Central Africa,2023,Lower middle income,LMIC
GIN,2014,Low income,No,Western and Central Africa,2014,Low income,LIC
GIN,2022,Lower middle income,No,Western and Central Africa,2022,Lower middle income,LMIC
GIN,2011,Low income,Yes,Western and Central Africa,2011,Low income,LIC
GIN,1990,Low income,,Western and Central Africa,1990,Low income,LIC
GIN,1997,Low income,,Western and Central Africa,1997,Low income,LIC
GIN,2019,Low income,No,Western and Central Africa,2019,Low income,LIC
GIN,2007,Low income,Yes,Western and Central Africa,2007,Low income,LIC
GIN,1998,Low income,No,Western and Central Africa,1998,Low income,LIC
GIN,2009,Low income,Yes,Western and Central Africa,2009,Low income,LIC
GIN,2016,Low income,No,Western and Central Africa,2016,Low income,LIC
GIN,1996,Low income,,Western and Central Africa,1996,Low income,LIC
GMB,2017,Low income,Yes,Western and Central Africa,2017,Low income,LIC
GMB,2022,Low income,No,Western and Central Africa,2022,Low income,LIC
GMB,2018,Low income,Yes,Western and Central Africa,2018,Low income,LIC
GMB,1999,Low income,No,Western and Central Africa,1999,Low income,LIC
GMB,2021,Low income,No,Western and Central Africa,2021,Low income,LIC
GMB,1989,Low income,,Western and Central Africa,1989,Low income,LIC
GMB,2020,Low income,No,Western and Central Africa,2020,Low income,LIC
GMB,2001,Low income,No,Western and Central Africa,2001,Low income,LIC
GMB,1997,Low income,,Western and Central Africa,1997,Low income,LIC
GMB,1992,Low income,,Western and Central Africa,1992,Low income,LIC
GMB,2002,Low income,Yes,Western and Central Africa,2002,Low income,LIC
GMB,1988,Low income,,Western and Central Africa,1988,Low income,LIC
GMB,1993,Low income,,Western and Central Africa,1993,Low income,LIC
GMB,1995,Low income,,Western and Central Africa,1995,Low income,LIC
GMB,1987,Low income,,Western and Central Africa,1987,Low income,LIC
GMB,1991,Low income,,Western and Central Africa,1991,Low income,LIC
GMB,2000,Low income,No,Western and Central Africa,2000,Low income,LIC
GMB,1990,Low income,,Western and Central Africa,1990,Low income,LIC
GMB,2005,Low income,Yes,Western and Central Africa,2005,Low income,LIC
GMB,2011,Low income,No,Western and Central Africa,2011,Low income,LIC
GMB,2019,Low income,Yes,Western and Central Africa,2019,Low income,LIC
GMB,2013,Low income,No,Western and Central Africa,2013,Low income,LIC
GMB,2004,Low income,Yes,Western and Central Africa,2004,Low income,LIC
GMB,2003,Low income,Yes,Western and Central Africa,2003,Low income,LIC
GMB,2023,Low income,No,Western and Central Africa,2023,Low income,LIC
GMB,2016,Low income,Yes,Western and Central Africa,2016,Low income,LIC
GMB,2006,Low income,Yes,Western and Central Africa,2006,Low income,LIC
GMB,2024,Low income,No,Western and Central Africa,2024,Low income,LIC
GMB,2009,Low income,No,Western and Central Africa,2009,Low income,LIC
GMB,2012,Low income,No,Western and Central Africa,2012,Low income,LIC
GMB,2008,Low income,Yes,Western and Central Africa,2008,Low income,LIC
GMB,1994,Low income,,Western and Central Africa,1994,Low income,LIC
GMB,1998,Low income,No,Western and Central Africa,1998,Low income,LIC
GMB,2015,Low income,Yes,Western and Central Africa,2015,Low income,LIC
GMB,1996,Low income,,Western and Central Africa,1996,Low income,LIC
GMB,2010,Low income,No,Western and Central Africa,2010,Low income,LIC
GMB,2007,Low income,Yes,Western and Central Africa,2007,Low income,LIC
GNB,2020,Low income,Yes,Western and Central Africa,2020,Low income,LIC
GNB,1994,Low income,,Western and Central Africa,1994,Low income,LIC
GNB,2003,Low income,Yes,Western and Central Africa,2003,Low income,LIC
GNB,1988,Low income,,Western and Central Africa,1988,Low income,LIC
GNB,2001,Low income,Yes,Western and Central Africa,2001,Low income,LIC
GNB,1992,Low income,,Western and Central Africa,1992,Low income,LIC
GNB,1987,Low income,,Western and Central Africa,1987,Low income,LIC
GNB,2002,Low income,Yes,Western and Central Africa,2002,Low income,LIC
GNB,2023,Low income,Yes,Western and Central Africa,2023,Low income,LIC
GNB,2004,Low income,Yes,Western and Central Africa,2004,Low income,LIC
GNB,2000,Low income,Yes,Western and Central Africa,2000,Low income,LIC
GNB,1999,Low income,Yes,Western and Central Africa,1999,Low income,LIC
GNB,1997,Low income,,Western and Central Africa,1997,Low income,LIC
GNB,1989,Low income,,Western and Central Africa,1989,Low income,LIC
GNB,2012,Low income,Yes,Western and Central Africa,2012,Low income,LIC
GNB,2021,Low income,Yes,Western and Central Africa,2021,Low income,LIC
GNB,2010,Low income,Yes,Western and Central Africa,2010,Low income,LIC
GNB,1996,Low income,,Western and Central Africa,1996,Low income,LIC
GNB,2024,Low income,Yes,Western and Central Africa,2024,Low income,LIC
GNB,2018,Low income,Yes,Western and Central Africa,2018,Low income,LIC
GNB,2016,Low income,Yes,Western and Central Africa,2016,Low income,LIC
GNB,2005,Low income,Yes,Western and Central Africa,2005,Low income,LIC
GNB,2009,Low income,Yes,Western and Central Africa,2009,Low income,LIC
GNB,2014,Low income,Yes,Western and Central Africa,2014,Low income,LIC
GNB,2007,Low income,Yes,Western and Central Africa,2007,Low income,LIC
GNB,2019,Low income,Yes,Western and Central Africa,2019,Low income,LIC
GNB,2013,Low income,Yes,Western and Central Africa,2013,Low income,LIC
GNB,1990,Low income,,Western and Central Africa,1990,Low income,LIC
GNB,1991,Low income,,Western and Central Africa,1991,Low income,LIC
GNB,1995,Low income,,Western and Central Africa,1995,Low income,LIC
GNB,2017,Low income,Yes,Western and Central Africa,2017,Low income,LIC
GNB,2022,Low income,Yes,Western and Central Africa,2022,Low income,LIC
GNB,1993,Low income,,Western and Central Africa,1993,Low income,LIC
GNB,1998,Low income,No,Western and Central Africa,1998,Low income,LIC
GNB,2015,Low income,Yes,Western and Central Africa,2015,Low income,LIC
GNB,2008,Low income,Yes,Western and Central Africa,2008,Low income,LIC
GNB,2006,Low income,Yes,Western and Central Africa,2006,Low income,LIC
GNQ,1995,Low income,,Western and Central Africa,1995,Low income,LIC
GNQ,2002,Low income,No,Western and Central Africa,2002,Low income,LIC
GNQ,2012,High income,No,Western and Central Africa,2012,High income,HIC
GNQ,2020,Upper middle income,No,Western and Central Africa,2020,Upper middle income,UMIC
GNQ,1987,Low income,,Western and Central Africa,1987,Low income,LIC
GNQ,1994,Low income,,Western and Central Africa,1994,Low income,LIC
GNQ,2011,High income,No,Western and Central Africa,2011,High income,HIC
GNQ,2004,Upper middle income,No,Western and Central Africa,2004,Upper middle income,UMIC
GNQ,2015,Upper middle income,No,Western and Central Africa,2015,Upper middle income,UMIC
GNQ,2022,Upper middle income,No,Western and Central Africa,2022,Upper middle income,UMIC
GNQ,2016,Upper middle income,No,Western and Central Africa,2016,Upper middle income,UMIC
GNQ,2023,Upper middle income,No,Western and Central Africa,2023,Upper middle income,UMIC
GNQ,1996,Low income,,Western and Central Africa,1996,Low income,LIC
GNQ,2019,Upper middle income,No,Western and Central Africa,2019,Upper middle income,UMIC
GNQ,2021,Upper middle income,No,Western and Central Africa,2021,Upper middle income,UMIC
GNQ,2006,Upper middle income,No,Western and Central Africa,2006,Upper middle income,UMIC
GNQ,2017,Upper middle income,No,Western and Central Africa,2017,Upper middle income,UMIC
GNQ,2024,Upper middle income,No,Western and Central Africa,2024,Upper middle income,UMIC
GNQ,1989,Low income,,Western and Central Africa,1989,Low income,LIC
GNQ,1988,Low income,,Western and Central Africa,1988,Low income,LIC
GNQ,1997,Lower middle income,,Western and Central Africa,1997,Lower middle income,LMIC
GNQ,1993,Low income,,Western and Central Africa,1993,Low income,LIC
GNQ,2001,Low income,No,Western and Central Africa,2001,Low income,LIC
GNQ,2003,Low income,No,Western and Central Africa,2003,Low income,LIC
GNQ,2005,Upper middle income,No,Western and Central Africa,2005,Upper middle income,UMIC
GNQ,2007,High income,No,Western and Central Africa,2007,High income,HIC
GNQ,1991,Low income,,Western and Central Africa,1991,Low income,LIC
GNQ,1998,Lower middle income,No,Western and Central Africa,1998,Lower middle income,LMIC
GNQ,1999,Lower middle income,No,Western and Central Africa,1999,Lower middle income,LMIC
GNQ,1992,Low income,,Western and Central Africa,1992,Low income,LIC
GNQ,2000,Lower middle income,No,Western and Central Africa,2000,Lower middle income,LMIC
GNQ,2014,High income,No,Western and Central Africa,2014,High income,HIC
GNQ,2013,High income,No,Western and Central Africa,2013,High income,HIC
GNQ,2008,High income,No,Western and Central Africa,2008,High income,HIC
GNQ,1990,Low income,,Western and Central Africa,1990,Low income,LIC
GNQ,2018,Upper middle income,No,Western and Central Africa,2018,Upper middle income,UMIC
GNQ,2009,High income,No,Western and Central Africa,2009,High income,HIC
GRC,2000,High income,No,,2000,High income,HIC
GRC,1998,High income,No,,1998,High income,HIC
GRC,1991,Upper middle income,,,1991,Upper middle income,UMIC
GRC,1987,Upper middle income,,,1987,Upper middle income,UMIC
GRC,2017,High income,No,,2017,High income,HIC
GRC,2013,High income,No,,2013,High income,HIC
GRC,1988,Upper middle income,,,1988,Upper middle income,UMIC
GRC,2023,High income,No,,2023,High income,HIC
GRC,2014,High income,No,,2014,High income,HIC
GRC,2005,High income,No,,2005,High income,HIC
GRC,2016,High income,No,,2016,High income,HIC
GRC,2020,High income,No,,2020,High income,HIC
GRC,2022,High income,No,,2022,High income,HIC
GRC,1989,Upper middle income,,,1989,Upper middle income,UMIC
GRC,2002,High income,No,,2002,High income,HIC
GRC,2010,High income,No,,2010,High income,HIC
GRC,2024,High income,No,,2024,High income,HIC
GRC,2001,High income,No,,2001,High income,HIC
GRC,1997,High income,,,1997,High income,HIC
GRC,2003,High income,No,,2003,High income,HIC
GRC,2011,High income,No,,2011,High income,HIC
GRC,1995,Upper middle income,,,1995,Upper middle income,UMIC
GRC,1996,High income,,,1996,High income,HIC
GRC,1994,Upper middle income,,,1994,Upper middle income,UMIC
GRC,1992,Upper middle income,,,1992,Upper middle income,UMIC
GRC,2015,High income,No,,2015,High income,HIC
GRC,2018,High income,No,,2018,High income,HIC
GRC,2012,High income,No,,2012,High income,HIC
GRC,2019,High income,No,,2019,High income,HIC
GRC,1993,Upper middle income,,,1993,Upper middle income,UMIC
GRC,2008,High income,No,,2008,High income,HIC
GRC,2021,High income,No,,2021,High income,HIC
GRC,1999,High income,No,,1999,High income,HIC
GRC,2006,High income,No,,2006,High income,HIC
GRC,2009,High income,No,,2009,High income,HIC
GRC,1990,Upper middle income,,,1990,Upper middle income,UMIC
GRC,2004,High income,No,,2004,High income,HIC
GRC,2007,High income,No,,2007,High income,HIC
GRD,2001,Upper middle income,No,,2001,Upper middle income,UMIC
GRD,2020,Upper middle income,No,,2020,Upper middle income,UMIC
GRD,2007,Upper middle income,No,,2007,Upper middle income,UMIC
GRD,1999,Upper middle income,No,,1999,Upper middle income,UMIC
GRD,2012,Upper middle income,No,,2012,Upper middle income,UMIC
GRD,2022,Upper middle income,No,,2022,Upper middle income,UMIC
GRD,2005,Upper middle income,No,,2005,Upper middle income,UMIC
GRD,2017,Upper middle income,No,,2017,Upper middle income,UMIC
GRD,1998,Upper middle income,No,,1998,Upper middle income,UMIC
GRD,2003,Upper middle income,No,,2003,Upper middle income,UMIC
GRD,2014,Upper middle income,No,,2014,Upper middle income,UMIC
GRD,2013,Upper middle income,No,,2013,Upper middle income,UMIC
GRD,2024,Upper middle income,No,,2024,Upper middle income,UMIC
GRD,1990,Lower middle income,,,1990,Lower middle income,LMIC
GRD,1992,Lower middle income,,,1992,Lower middle income,LMIC
GRD,2004,Upper middle income,No,,2004,Upper middle income,UMIC
GRD,2009,Upper middle income,No,,2009,Upper middle income,UMIC
GRD,2018,Upper middle income,No,,2018,Upper middle income,UMIC
GRD,2023,Upper middle income,No,,2023,Upper middle income,UMIC
GRD,1994,Lower middle income,,,1994,Lower middle income,LMIC
GRD,2002,Upper middle income,No,,2002,Upper middle income,UMIC
GRD,2006,Upper middle income,No,,2006,Upper middle income,UMIC
GRD,2010,Upper middle income,No,,2010,Upper middle income,UMIC
GRD,2016,Upper middle income,No,,2016,Upper middle income,UMIC
GRD,1988,Lower middle income,,,1988,Lower middle income,LMIC
GRD,2021,Upper middle income,No,,2021,Upper middle income,UMIC
GRD,1993,Lower middle income,,,1993,Lower middle income,LMIC
GRD,2008,Upper middle income,No,,2008,Upper middle income,UMIC
GRD,2011,Upper middle income,No,,2011,Upper middle income,UMIC
GRD,1996,Lower middle income,,,1996,Lower middle income,LMIC
GRD,2015,Upper middle income,No,,2015,Upper middle income,UMIC
GRD,1991,Lower middle income,,,1991,Lower middle income,LMIC
GRD,1995,Lower middle income,,,1995,Lower middle income,LMIC
GRD,1987,Lower middle income,,,1987,Lower middle income,LMIC
GRD,1989,Lower middle income,,,1989,Lower middle income,LMIC
GRD,1997,Upper middle income,,,1997,Upper middle income,UMIC
GRD,2019,Upper middle income,No,,2019,Upper middle income,UMIC
GRD,2000,Upper middle income,No,,2000,Upper middle income,UMIC
GRL,2019,High income,No,,2019,High income,HIC
GRL,2024,High income,No,,2024,High income,HIC
GRL,2008,High income,No,,2008,High income,HIC
GRL,2007,High income,No,,2007,High income,HIC
GRL,2020,High income,No,,2020,High income,HIC
GRL,2012,High income,No,,2012,High income,HIC
GRL,1991,High income,,,1991,High income,HIC
GRL,1996,High income,,,1996,High income,HIC
GRL,1997,High income,,,1997,High income,HIC
GRL,2022,High income,No,,2022,High income,HIC
GRL,1998,High income,No,,1998,High income,HIC
GRL,1989,High income,,,1989,High income,HIC
GRL,2016,High income,No,,2016,High income,HIC
GRL,2017,High income,No,,2017,High income,HIC
GRL,1999,High income,No,,1999,High income,HIC
GRL,1990,High income,,,1990,High income,HIC
GRL,2001,High income,No,,2001,High income,HIC
GRL,1992,High income,,,1992,High income,HIC
GRL,1987,High income,,,1987,High income,HIC
GRL,2005,High income,No,,2005,High income,HIC
GRL,1993,High income,,,1993,High income,HIC
GRL,2002,High income,No,,2002,High income,HIC
GRL,1994,High income,,,1994,High income,HIC
GRL,1988,High income,,,1988,High income,HIC
GRL,2003,High income,No,,2003,High income,HIC
GRL,2023,High income,No,,2023,High income,HIC
GRL,2014,High income,No,,2014,High income,HIC
GRL,2021,High income,No,,2021,High income,HIC
GRL,2006,High income,No,,2006,High income,HIC
GRL,2013,High income,No,,2013,High income,HIC
GRL,2011,High income,No,,2011,High income,HIC
GRL,2009,High income,No,,2009,High income,HIC
GRL,1995,High income,,,1995,High income,HIC
GRL,2000,High income,No,,2000,High income,HIC
GRL,2018,High income,No,,2018,High income,HIC
GRL,2004,High income,No,,2004,High income,HIC
GRL,2010,High income,No,,2010,High income,HIC
GRL,2015,High income,No,,2015,High income,HIC
GTM,1991,Lower middle income,,,1991,Lower middle income,LMIC
GTM,2008,Lower middle income,No,,2008,Lower middle income,LMIC
GTM,1990,Lower middle income,,,1990,Lower middle income,LMIC
GTM,2005,Lower middle income,No,,2005,Lower middle income,LMIC
GTM,2024,Upper middle income,No,,2024,Upper middle income,UMIC
GTM,2006,Lower middle income,No,,2006,Lower middle income,LMIC
GTM,2013,Lower middle income,No,,2013,Lower middle income,LMIC
GTM,2018,Upper middle income,No,,2018,Upper middle income,UMIC
GTM,1998,Lower middle income,No,,1998,Lower middle income,LMIC
GTM,2020,Upper middle income,No,,2020,Upper middle income,UMIC
GTM,2004,Lower middle income,No,,2004,Lower middle income,LMIC
GTM,2017,Upper middle income,No,,2017,Upper middle income,UMIC
GTM,1993,Lower middle income,,,1993,Lower middle income,LMIC
GTM,2019,Upper middle income,No,,2019,Upper middle income,UMIC
GTM,2016,Lower middle income,No,,2016,Lower middle income,LMIC
GTM,2003,Lower middle income,No,,2003,Lower middle income,LMIC
GTM,2007,Lower middle income,No,,2007,Lower middle income,LMIC
GTM,1989,Lower middle income,,,1989,Lower middle income,LMIC
GTM,1995,Lower middle income,,,1995,Lower middle income,LMIC
GTM,2001,Lower middle income,No,,2001,Lower middle income,LMIC
GTM,1987,Lower middle income,,,1987,Lower middle income,LMIC
GTM,1997,Lower middle income,,,1997,Lower middle income,LMIC
GTM,2012,Lower middle income,No,,2012,Lower middle income,LMIC
GTM,2021,Upper middle income,No,,2021,Upper middle income,UMIC
GTM,2015,Lower middle income,No,,2015,Lower middle income,LMIC
GTM,2023,Upper middle income,No,,2023,Upper middle income,UMIC
GTM,1992,Lower middle income,,,1992,Lower middle income,LMIC
GTM,1999,Lower middle income,No,,1999,Lower middle income,LMIC
GTM,2009,Lower middle income,No,,2009,Lower middle income,LMIC
GTM,2022,Upper middle income,No,,2022,Upper middle income,UMIC
GTM,1996,Lower middle income,,,1996,Lower middle income,LMIC
GTM,2002,Lower middle income,No,,2002,Lower middle income,LMIC
GTM,2010,Lower middle income,No,,2010,Lower middle income,LMIC
GTM,1988,Lower middle income,,,1988,Lower middle income,LMIC
GTM,2011,Lower middle income,No,,2011,Lower middle income,LMIC
GTM,2000,Lower middle income,No,,2000,Lower middle income,LMIC
GTM,1994,Lower middle income,,,1994,Lower middle income,LMIC
GTM,2014,Lower middle income,No,,2014,Lower middle income,LMIC
GUM,2001,High income,No,,2001,High income,HIC
GUM,1987,High income,,,1987,High income,HIC
GUM,2015,High income,No,,2015,High income,HIC
GUM,1995,High income,,,1995,High income,HIC
GUM,2004,High income,No,,2004,High income,HIC
GUM,1997,High income,,,1997,High income,HIC
GUM,2019,High income,No,,2019,High income,HIC
GUM,2010,High income,No,,2010,High income,HIC
GUM,2005,High income,No,,2005,High income,HIC
GUM,2006,High income,No,,2006,High income,HIC
GUM,2018,High income,No,,2018,High income,HIC
GUM,2008,High income,No,,2008,High income,HIC
GUM,1994,Upper middle income,,,1994,Upper middle income,UMIC
GUM,2002,High income,No,,2002,High income,HIC
GUM,2023,High income,No,,2023,High income,HIC
GUM,2020,High income,No,,2020,High income,HIC
GUM,1998,High income,No,,1998,High income,HIC
GUM,1988,High income,,,1988,High income,HIC
GUM,2024,High income,No,,2024,High income,HIC
GUM,1991,Upper middle income,,,1991,Upper middle income,UMIC
GUM,2014,High income,No,,2014,High income,HIC
GUM,1996,High income,,,1996,High income,HIC
GUM,2022,High income,No,,2022,High income,HIC
GUM,2016,High income,No,,2016,High income,HIC
GUM,2011,High income,No,,2011,High income,HIC
GUM,2017,High income,No,,2017,High income,HIC
GUM,1990,Upper middle income,,,1990,Upper middle income,UMIC
GUM,2009,High income,No,,2009,High income,HIC
GUM,1993,Upper middle income,,,1993,Upper middle income,UMIC
GUM,2007,High income,No,,2007,High income,HIC
GUM,2013,High income,No,,2013,High income,HIC
GUM,2000,High income,No,,2000,High income,HIC
GUM,2003,High income,No,,2003,High income,HIC
GUM,1992,Upper middle income,,,1992,Upper middle income,UMIC
GUM,1989,High income,,,1989,High income,HIC
GUM,2012,High income,No,,2012,High income,HIC
GUM,2021,High income,No,,2021,High income,HIC
GUM,1999,High income,No,,1999,High income,HIC
GUY,1999,Lower middle income,No,,1999,Lower middle income,LMIC
GUY,2019,Upper middle income,No,,2019,Upper middle income,UMIC
GUY,2023,High income,No,,2023,High income,HIC
GUY,2009,Lower middle income,No,,2009,Lower middle income,LMIC
GUY,2017,Upper middle income,No,,2017,Upper middle income,UMIC
GUY,1989,Low income,,,1989,Low income,LIC
GUY,1992,Low income,,,1992,Low income,LIC
GUY,1987,Low income,,,1987,Low income,LIC
GUY,2004,Lower middle income,No,,2004,Lower middle income,LMIC
GUY,2008,Lower middle income,No,,2008,Lower middle income,LMIC
GUY,1996,Low income,,,1996,Low income,LIC
GUY,2021,Upper middle income,No,,2021,Upper middle income,UMIC
GUY,2012,Lower middle income,No,,2012,Lower middle income,LMIC
GUY,1988,Low income,,,1988,Low income,LIC
GUY,1995,Low income,,,1995,Low income,LIC
GUY,2018,Upper middle income,No,,2018,Upper middle income,UMIC
GUY,1993,Low income,,,1993,Low income,LIC
GUY,2010,Lower middle income,No,,2010,Lower middle income,LMIC
GUY,1994,Low income,,,1994,Low income,LIC
GUY,2014,Lower middle income,No,,2014,Lower middle income,LMIC
GUY,2006,Lower middle income,No,,2006,Lower middle income,LMIC
GUY,2002,Lower middle income,No,,2002,Lower middle income,LMIC
GUY,2013,Lower middle income,No,,2013,Lower middle income,LMIC
GUY,1998,Lower middle income,No,,1998,Lower middle income,LMIC
GUY,2001,Lower middle income,No,,2001,Lower middle income,LMIC
GUY,2024,High income,No,,2024,High income,HIC
GUY,2020,Upper middle income,No,,2020,Upper middle income,UMIC
GUY,2007,Lower middle income,No,,2007,Lower middle income,LMIC
GUY,2022,High income,No,,2022,High income,HIC
GUY,2015,Upper middle income,No,,2015,Upper middle income,UMIC
GUY,2000,Lower middle income,No,,2000,Lower middle income,LMIC
GUY,1991,Low income,,,1991,Low income,LIC
GUY,1990,Low income,,,1990,Low income,LIC
GUY,2005,Lower middle income,No,,2005,Lower middle income,LMIC
GUY,2003,Lower middle income,No,,2003,Lower middle income,LMIC
GUY,2011,Lower middle income,No,,2011,Lower middle income,LMIC
GUY,1997,Lower middle income,,,1997,Lower middle income,LMIC
GUY,2016,Upper middle income,No,,2016,Upper middle income,UMIC
HKG,2004,High income,No,,2004,High income,HIC
HKG,1992,High income,,,1992,High income,HIC
HKG,2016,High income,No,,2016,High income,HIC
HKG,2023,High income,No,,2023,High income,HIC
HKG,2014,High income,No,,2014,High income,HIC
HKG,2017,High income,No,,2017,High income,HIC
HKG,1989,High income,,,1989,High income,HIC
HKG,1987,High income,,,1987,High income,HIC
HKG,2009,High income,No,,2009,High income,HIC
HKG,2008,High income,No,,2008,High income,HIC
HKG,2007,High income,No,,2007,High income,HIC
HKG,1997,High income,,,1997,High income,HIC
HKG,1994,High income,,,1994,High income,HIC
HKG,2000,High income,No,,2000,High income,HIC
HKG,2011,High income,No,,2011,High income,HIC
HKG,1988,High income,,,1988,High income,HIC
HKG,2019,High income,No,,2019,High income,HIC
HKG,2012,High income,No,,2012,High income,HIC
HKG,1998,High income,No,,1998,High income,HIC
HKG,2018,High income,No,,2018,High income,HIC
HKG,1996,High income,,,1996,High income,HIC
HKG,2010,High income,No,,2010,High income,HIC
HKG,2021,High income,No,,2021,High income,HIC
HKG,2013,High income,No,,2013,High income,HIC
HKG,2022,High income,No,,2022,High income,HIC
HKG,2015,High income,No,,2015,High income,HIC
HKG,1990,High income,,,1990,High income,HIC
HKG,2020,High income,No,,2020,High income,HIC
HKG,2005,High income,No,,2005,High income,HIC
HKG,1999,High income,No,,1999,High income,HIC
HKG,1993,High income,,,1993,High income,HIC
HKG,2006,High income,No,,2006,High income,HIC
HKG,2024,High income,No,,2024,High income,HIC
HKG,1995,High income,,,1995,High income,HIC
HKG,2003,High income,No,,2003,High income,HIC
HKG,1991,High income,,,1991,High income,HIC
HKG,2001,High income,No,,2001,High income,HIC
HKG,2002,High income,No,,2002,High income,HIC
HND,2017,Lower middle income,No,,2017,Lower middle income,LMIC
HND,2004,Lower middle income,No,,2004,Lower middle income,LMIC
HND,2022,Lower middle income,No,,2022,Lower middle income,LMIC
HND,2009,Lower middle income,No,,2009,Lower middle income,LMIC
HND,2006,Lower middle income,No,,2006,Lower middle income,LMIC
HND,2019,Lower middle income,No,,2019,Lower middle income,LMIC
HND,2016,Lower middle income,No,,2016,Lower middle income,LMIC
HND,2012,Lower middle income,No,,2012,Lower middle income,LMIC
HND,2011,Lower middle income,No,,2011,Lower middle income,LMIC
HND,1995,Low income,,,1995,Low income,LIC
HND,2013,Lower middle income,No,,2013,Lower middle income,LMIC
HND,2010,Lower middle income,No,,2010,Lower middle income,LMIC
HND,1996,Low income,,,1996,Low income,LIC
HND,2001,Lower middle income,No,,2001,Lower middle income,LMIC
HND,2008,Lower middle income,No,,2008,Lower middle income,LMIC
HND,1990,Low income,,,1990,Low income,LIC
HND,2005,Lower middle income,No,,2005,Lower middle income,LMIC
HND,2002,Lower middle income,No,,2002,Lower middle income,LMIC
HND,2021,Lower middle income,No,,2021,Lower middle income,LMIC
HND,2014,Lower middle income,No,,2014,Lower middle income,LMIC
HND,2023,Lower middle income,No,,2023,Lower middle income,LMIC
HND,1989,Lower middle income,,,1989,Lower middle income,LMIC
HND,2007,Lower middle income,No,,2007,Lower middle income,LMIC
HND,1999,Lower middle income,No,,1999,Lower middle income,LMIC
HND,1992,Low income,,,1992,Low income,LIC
HND,2000,Lower middle income,No,,2000,Lower middle income,LMIC
HND,1994,Low income,,,1994,Low income,LIC
HND,2020,Lower middle income,No,,2020,Lower middle income,LMIC
HND,1987,Lower middle income,,,1987,Lower middle income,LMIC
HND,1988,Lower middle income,,,1988,Lower middle income,LMIC
HND,1991,Low income,,,1991,Low income,LIC
HND,1998,Low income,No,,1998,Low income,LIC
HND,2003,Lower middle income,No,,2003,Lower middle income,LMIC
HND,1997,Low income,,,1997,Low income,LIC
HND,2024,Lower middle income,No,,2024,Lower middle income,LMIC
HND,1993,Low income,,,1993,Low income,LIC
HND,2018,Lower middle income,No,,2018,Lower middle income,LMIC
HND,2015,Lower middle income,No,,2015,Lower middle income,LMIC
HRV,2000,Upper middle income,No,,2000,Upper middle income,UMIC
HRV,1993,Lower middle income,,,1993,Lower middle income,LMIC
HRV,2001,Upper middle income,No,,2001,Upper middle income,UMIC
HRV,1991,Upper middle income,,,1991,Upper middle income,UMIC
HRV,1987,Upper middle income,,,1987,Upper middle income,UMIC
HRV,2015,High income,No,,2015,High income,HIC
HRV,2003,Upper middle income,No,,2003,Upper middle income,UMIC
HRV,2012,High income,No,,2012,High income,HIC
HRV,1998,Upper middle income,No,,1998,Upper middle income,UMIC
HRV,2024,High income,No,,2024,High income,HIC
HRV,2014,High income,No,,2014,High income,HIC
HRV,2011,High income,No,,2011,High income,HIC
HRV,1996,Upper middle income,,,1996,Upper middle income,UMIC
HRV,2021,High income,No,,2021,High income,HIC
HRV,2013,High income,No,,2013,High income,HIC
HRV,2004,Upper middle income,No,,2004,Upper middle income,UMIC
HRV,2007,Upper middle income,No,,2007,Upper middle income,UMIC
HRV,2016,Upper middle income,No,,2016,Upper middle income,UMIC
HRV,1990,Upper middle income,,,1990,Upper middle income,UMIC
HRV,1994,Lower middle income,,,1994,Lower middle income,LMIC
HRV,1999,Upper middle income,No,,1999,Upper middle income,UMIC
HRV,2002,Upper middle income,No,,2002,Upper middle income,UMIC
HRV,1995,Upper middle income,,,1995,Upper middle income,UMIC
HRV,2017,High income,No,,2017,High income,HIC
HRV,2006,Upper middle income,No,,2006,Upper middle income,UMIC
HRV,2019,High income,No,,2019,High income,HIC
HRV,2009,High income,No,,2009,High income,HIC
HRV,2018,High income,No,,2018,High income,HIC
HRV,1988,Upper middle income,,,1988,Upper middle income,UMIC
HRV,1989,Upper middle income,,,1989,Upper middle income,UMIC
HRV,2023,High income,No,,2023,High income,HIC
HRV,1997,Upper middle income,,,1997,Upper middle income,UMIC
HRV,2020,High income,No,,2020,High income,HIC
HRV,2010,High income,No,,2010,High income,HIC
HRV,2008,High income,No,,2008,High income,HIC
HRV,2022,High income,No,,2022,High income,HIC
HRV,1992,Lower middle income,,,1992,Lower middle income,LMIC
HRV,2005,Upper middle income,No,,2005,Upper middle income,UMIC
HTI,1988,Low income,,,1988,Low income,LIC
HTI,2006,Low income,Yes,,2006,Low income,LIC
HTI,2019,Low income,Yes,,2019,Low income,LIC
HTI,2022,Lower middle income,Yes,,2022,Lower middle income,LMIC
HTI,2010,Low income,Yes,,2010,Low income,LIC
HTI,1999,Low income,Yes,,1999,Low income,LIC
HTI,2003,Low income,Yes,,2003,Low income,LIC
HTI,1993,Low income,,,1993,Low income,LIC
HTI,1990,Low income,,,1990,Low income,LIC
HTI,2020,Lower middle income,Yes,,2020,Lower middle income,LMIC
HTI,2008,Low income,Yes,,2008,Low income,LIC
HTI,2021,Lower middle income,Yes,,2021,Lower middle income,LMIC
HTI,2007,Low income,Yes,,2007,Low income,LIC
HTI,2015,Low income,Yes,,2015,Low income,LIC
HTI,2002,Low income,Yes,,2002,Low income,LIC
HTI,2000,Low income,Yes,,2000,Low income,LIC
HTI,2013,Low income,Yes,,2013,Low income,LIC
HTI,2014,Low income,Yes,,2014,Low income,LIC
HTI,2001,Low income,Yes,,2001,Low income,LIC
HTI,2017,Low income,Yes,,2017,Low income,LIC
HTI,2024,Lower middle income,Yes,,2024,Lower middle income,LMIC
HTI,2018,Low income,Yes,,2018,Low income,LIC
HTI,2009,Low income,Yes,,2009,Low income,LIC
HTI,2016,Low income,Yes,,2016,Low income,LIC
HTI,2005,Low income,Yes,,2005,Low income,LIC
HTI,1997,Low income,,,1997,Low income,LIC
HTI,1994,Low income,,,1994,Low income,LIC
HTI,2012,Low income,Yes,,2012,Low income,LIC
HTI,2023,Lower middle income,Yes,,2023,Lower middle income,LMIC
HTI,1995,Low income,,,1995,Low income,LIC
HTI,1998,Low income,Yes,,1998,Low income,LIC
HTI,1987,Low income,,,1987,Low income,LIC
HTI,1989,Low income,,,1989,Low income,LIC
HTI,1991,Low income,,,1991,Low income,LIC
HTI,2004,Low income,Yes,,2004,Low income,LIC
HTI,1992,Low income,,,1992,Low income,LIC
HTI,1996,Low income,,,1996,Low income,LIC
HTI,2011,Low income,Yes,,2011,Low income,LIC
HUN,1988,Upper middle income,,,1988,Upper middle income,UMIC
HUN,1987,Upper middle income,,,1987,Upper middle income,UMIC
HUN,1995,Upper middle income,,,1995,Upper middle income,UMIC
HUN,1991,Upper middle income,,,1991,Upper middle income,UMIC
HUN,1993,Upper middle income,,,1993,Upper middle income,UMIC
HUN,2014,High income,No,,2014,High income,HIC
HUN,1998,Upper middle income,No,,1998,Upper middle income,UMIC
HUN,2012,Upper middle income,No,,2012,Upper middle income,UMIC
HUN,1996,Upper middle income,,,1996,Upper middle income,UMIC
HUN,2017,High income,No,,2017,High income,HIC
HUN,2023,High income,No,,2023,High income,HIC
HUN,2002,Upper middle income,No,,2002,Upper middle income,UMIC
HUN,2003,Upper middle income,No,,2003,Upper middle income,UMIC
HUN,2000,Upper middle income,No,,2000,Upper middle income,UMIC
HUN,1997,Upper middle income,,,1997,Upper middle income,UMIC
HUN,2016,High income,No,,2016,High income,HIC
HUN,2015,High income,No,,2015,High income,HIC
HUN,2009,High income,No,,2009,High income,HIC
HUN,2001,Upper middle income,No,,2001,Upper middle income,UMIC
HUN,2024,High income,No,,2024,High income,HIC
HUN,1990,Upper middle income,,,1990,Upper middle income,UMIC
HUN,2020,High income,No,,2020,High income,HIC
HUN,2010,High income,No,,2010,High income,HIC
HUN,2006,Upper middle income,No,,2006,Upper middle income,UMIC
HUN,2019,High income,No,,2019,High income,HIC
HUN,2008,High income,No,,2008,High income,HIC
HUN,2004,Upper middle income,No,,2004,Upper middle income,UMIC
HUN,2021,High income,No,,2021,High income,HIC
HUN,2018,High income,No,,2018,High income,HIC
HUN,2011,High income,No,,2011,High income,HIC
HUN,2022,High income,No,,2022,High income,HIC
HUN,2005,Upper middle income,No,,2005,Upper middle income,UMIC
HUN,2007,High income,No,,2007,High income,HIC
HUN,1989,Upper middle income,,,1989,Upper middle income,UMIC
HUN,1994,Upper middle income,,,1994,Upper middle income,UMIC
HUN,2013,Upper middle income,No,,2013,Upper middle income,UMIC
HUN,1999,Upper middle income,No,,1999,Upper middle income,UMIC
HUN,1992,Upper middle income,,,1992,Upper middle income,UMIC
IDN,2011,Lower middle income,No,,2011,Lower middle income,LMIC
IDN,1994,Lower middle income,,,1994,Lower middle income,LMIC
IDN,2017,Lower middle income,No,,2017,Lower middle income,LMIC
IDN,2008,Lower middle income,No,,2008,Lower middle income,LMIC
IDN,1999,Low income,No,,1999,Low income,LIC
IDN,2012,Lower middle income,No,,2012,Lower middle income,LMIC
IDN,2001,Low income,No,,2001,Low income,LIC
IDN,2007,Lower middle income,No,,2007,Lower middle income,LMIC
IDN,2009,Lower middle income,No,,2009,Lower middle income,LMIC
IDN,2003,Lower middle income,No,,2003,Lower middle income,LMIC
IDN,2010,Lower middle income,No,,2010,Lower middle income,LMIC
IDN,2013,Lower middle income,No,,2013,Lower middle income,LMIC
IDN,2018,Lower middle income,No,,2018,Lower middle income,LMIC
IDN,1987,Low income,,,1987,Low income,LIC
IDN,2015,Lower middle income,No,,2015,Lower middle income,LMIC
IDN,1988,Low income,,,1988,Low income,LIC
IDN,1990,Low income,,,1990,Low income,LIC
IDN,1989,Low income,,,1989,Low income,LIC
IDN,1997,Lower middle income,,,1997,Lower middle income,LMIC
IDN,2022,Upper middle income,No,,2022,Upper middle income,UMIC
IDN,2023,Upper middle income,No,,2023,Upper middle income,UMIC
IDN,2006,Lower middle income,No,,2006,Lower middle income,LMIC
IDN,2000,Low income,No,,2000,Low income,LIC
IDN,2019,Upper middle income,No,,2019,Upper middle income,UMIC
IDN,2014,Lower middle income,No,,2014,Lower middle income,LMIC
IDN,1993,Lower middle income,,,1993,Lower middle income,LMIC
IDN,1996,Lower middle income,,,1996,Lower middle income,LMIC
IDN,1995,Lower middle income,,,1995,Lower middle income,LMIC
IDN,1991,Low income,,,1991,Low income,LIC
IDN,2005,Lower middle income,No,,2005,Lower middle income,LMIC
IDN,2021,Lower middle income,No,,2021,Lower middle income,LMIC
IDN,2024,Upper middle income,No,,2024,Upper middle income,UMIC
IDN,1998,Low income,No,,1998,Low income,LIC
IDN,1992,Low income,,,1992,Low income,LIC
IDN,2020,Lower middle income,No,,2020,Lower middle income,LMIC
IDN,2002,Low income,No,,2002,Low income,LIC
IDN,2004,Lower middle income,No,,2004,Lower middle income,LMIC
IDN,2016,Lower middle income,No,,2016,Lower middle income,LMIC
IMN,2005,High income,No,,2005,High income,HIC
IMN,1996,Upper middle income,,,1996,Upper middle income,UMIC
IMN,2012,High income,No,,2012,High income,HIC
IMN,1992,Upper middle income,,,1992,Upper middle income,UMIC
IMN,2020,High income,No,,2020,High income,HIC
IMN,2003,High income,No,,2003,High income,HIC
IMN,2014,High income,No,,2014,High income,HIC
IMN,2018,High income,No,,2018,High income,HIC
IMN,2011,High income,No,,2011,High income,HIC
IMN,1999,Upper middle income,No,,1999,Upper middle income,UMIC
IMN,2006,High income,No,,2006,High income,HIC
IMN,2023,High income,No,,2023,High income,HIC
IMN,2021,High income,No,,2021,High income,HIC
IMN,2016,High income,No,,2016,High income,HIC
IMN,2024,High income,No,,2024,High income,HIC
IMN,2019,High income,No,,2019,High income,HIC
IMN,2000,Upper middle income,No,,2000,Upper middle income,UMIC
IMN,2001,Upper middle income,No,,2001,Upper middle income,UMIC
IMN,1993,Upper middle income,,,1993,Upper middle income,UMIC
IMN,2010,High income,No,,2010,High income,HIC
IMN,2017,High income,No,,2017,High income,HIC
IMN,2002,High income,No,,2002,High income,HIC
IMN,1995,Upper middle income,,,1995,Upper middle income,UMIC
IMN,2008,High income,No,,2008,High income,HIC
IMN,1998,Upper middle income,No,,1998,Upper middle income,UMIC
IMN,1987,High income,,,1987,High income,HIC
IMN,1997,Upper middle income,,,1997,Upper middle income,UMIC
IMN,2004,High income,No,,2004,High income,HIC
IMN,1988,High income,,,1988,High income,HIC
IMN,2009,High income,No,,2009,High income,HIC
IMN,2013,High income,No,,2013,High income,HIC
IMN,2007,High income,No,,2007,High income,HIC
IMN,1990,Upper middle income,,,1990,Upper middle income,UMIC
IMN,1989,High income,,,1989,High income,HIC
IMN,2015,High income,No,,2015,High income,HIC
IMN,1991,Upper middle income,,,1991,Upper middle income,UMIC
IMN,2022,High income,No,,2022,High income,HIC
IMN,1994,Upper middle income,,,1994,Upper middle income,UMIC
IND,2002,Low income,No,,2002,Low income,LIC
IND,2005,Low income,No,,2005,Low income,LIC
IND,1998,Low income,No,,1998,Low income,LIC
IND,1989,Low income,,,1989,Low income,LIC
IND,1993,Low income,,,1993,Low income,LIC
IND,2004,Low income,No,,2004,Low income,LIC
IND,1997,Low income,,,1997,Low income,LIC
IND,2001,Low income,No,,2001,Low income,LIC
IND,2011,Lower middle income,No,,2011,Lower middle income,LMIC
IND,1991,Low income,,,1991,Low income,LIC
IND,1995,Low income,,,1995,Low income,LIC
IND,2016,Lower middle income,No,,2016,Lower middle income,LMIC
IND,2018,Lower middle income,No,,2018,Lower middle income,LMIC
IND,2022,Lower middle income,No,,2022,Lower middle income,LMIC
IND,1994,Low income,,,1994,Low income,LIC
IND,1988,Low income,,,1988,Low income,LIC
IND,2019,Lower middle income,No,,2019,Lower middle income,LMIC
IND,2007,Lower middle income,No,,2007,Lower middle income,LMIC
IND,2010,Lower middle income,No,,2010,Lower middle income,LMIC
IND,2003,Low income,No,,2003,Low income,LIC
IND,2023,Lower middle income,No,,2023,Lower middle income,LMIC
IND,2008,Lower middle income,No,,2008,Lower middle income,LMIC
IND,2012,Lower middle income,No,,2012,Lower middle income,LMIC
IND,2013,Lower middle income,No,,2013,Lower middle income,LMIC
IND,2021,Lower middle income,No,,2021,Lower middle income,LMIC
IND,2006,Low income,No,,2006,Low income,LIC
IND,1999,Low income,No,,1999,Low income,LIC
IND,1996,Low income,,,1996,Low income,LIC
IND,1992,Low income,,,1992,Low income,LIC
IND,2000,Low income,No,,2000,Low income,LIC
IND,2015,Lower middle income,No,,2015,Lower middle income,LMIC
IND,2014,Lower middle income,No,,2014,Lower middle income,LMIC
IND,2020,Lower middle income,No,,2020,Lower middle income,LMIC
IND,2009,Lower middle income,No,,2009,Lower middle income,LMIC
IND,1990,Low income,,,1990,Low income,LIC
IND,2024,Lower middle income,No,,2024,Lower middle income,LMIC
IND,1987,Low income,,,1987,Low income,LIC
IND,2017,Lower middle income,No,,2017,Lower middle income,LMIC
IRL,2000,High income,No,,2000,High income,HIC
IRL,2005,High income,No,,2005,High income,HIC
IRL,1993,High income,,,1993,High income,HIC
IRL,2018,High income,No,,2018,High income,HIC
IRL,2007,High income,No,,2007,High income,HIC
IRL,2022,High income,No,,2022,High income,HIC
IRL,2013,High income,No,,2013,High income,HIC
IRL,2004,High income,No,,2004,High income,HIC
IRL,2012,High income,No,,2012,High income,HIC
IRL,1995,High income,,,1995,High income,HIC
IRL,2021,High income,No,,2021,High income,HIC
IRL,1989,High income,,,1989,High income,HIC
IRL,1990,High income,,,1990,High income,HIC
IRL,2024,High income,No,,2024,High income,HIC
IRL,2017,High income,No,,2017,High income,HIC
IRL,2008,High income,No,,2008,High income,HIC
IRL,2003,High income,No,,2003,High income,HIC
IRL,2001,High income,No,,2001,High income,HIC
IRL,1992,High income,,,1992,High income,HIC
IRL,2010,High income,No,,2010,High income,HIC
IRL,2019,High income,No,,2019,High income,HIC
IRL,2002,High income,No,,2002,High income,HIC
IRL,2006,High income,No,,2006,High income,HIC
IRL,2023,High income,No,,2023,High income,HIC
IRL,2020,High income,No,,2020,High income,HIC
IRL,1998,High income,No,,1998,High income,HIC
IRL,1999,High income,No,,1999,High income,HIC
IRL,1987,High income,,,1987,High income,HIC
IRL,2016,High income,No,,2016,High income,HIC
IRL,2011,High income,No,,2011,High income,HIC
IRL,1994,High income,,,1994,High income,HIC
IRL,2015,High income,No,,2015,High income,HIC
IRL,2009,High income,No,,2009,High income,HIC
IRL,1991,High income,,,1991,High income,HIC
IRL,1996,High income,,,1996,High income,HIC
IRL,1997,High income,,,1997,High income,HIC
IRL,2014,High income,No,,2014,High income,HIC
IRL,1988,High income,,,1988,High income,HIC
IRN,1996,Lower middle income,,,1996,Lower middle income,LMIC
IRN,1988,Upper middle income,,,1988,Upper middle income,UMIC
IRN,1989,Upper middle income,,,1989,Upper middle income,UMIC
IRN,2000,Lower middle income,No,,2000,Lower middle income,LMIC
IRN,1998,Lower middle income,No,,1998,Lower middle income,LMIC
IRN,2008,Lower middle income,No,,2008,Lower middle income,LMIC
IRN,1993,Lower middle income,,,1993,Lower middle income,LMIC
IRN,2006,Lower middle income,No,,2006,Lower middle income,LMIC
IRN,1987,Upper middle income,,,1987,Upper middle income,UMIC
IRN,2005,Lower middle income,No,,2005,Lower middle income,LMIC
IRN,1992,Lower middle income,,,1992,Lower middle income,LMIC
IRN,2007,Lower middle income,No,,2007,Lower middle income,LMIC
IRN,2021,Lower middle income,No,,2021,Lower middle income,LMIC
IRN,2012,Upper middle income,No,,2012,Upper middle income,UMIC
IRN,2018,Upper middle income,No,,2018,Upper middle income,UMIC
IRN,2001,Lower middle income,No,,2001,Lower middle income,LMIC
IRN,2020,Lower middle income,No,,2020,Lower middle income,LMIC
IRN,2015,Upper middle income,No,,2015,Upper middle income,UMIC
IRN,1994,Lower middle income,,,1994,Lower middle income,LMIC
IRN,1995,Lower middle income,,,1995,Lower middle income,LMIC
IRN,2011,Upper middle income,No,,2011,Upper middle income,UMIC
IRN,1997,Lower middle income,,,1997,Lower middle income,LMIC
IRN,2014,Upper middle income,No,,2014,Upper middle income,UMIC
IRN,2019,Upper middle income,No,,2019,Upper middle income,UMIC
IRN,2016,Upper middle income,No,,2016,Upper middle income,UMIC
IRN,1990,Lower middle income,,,1990,Lower middle income,LMIC
IRN,2022,Lower middle income,No,,2022,Lower middle income,LMIC
IRN,1999,Lower middle income,No,,1999,Lower middle income,LMIC
IRN,2010,Upper middle income,No,,2010,Upper middle income,UMIC
IRN,2017,Upper middle income,No,,2017,Upper middle income,UMIC
IRN,2024,Upper middle income,No,,2024,Upper middle income,UMIC
IRN,2023,Upper middle income,No,,2023,Upper middle income,UMIC
IRN,1991,Lower middle income,,,1991,Lower middle income,LMIC
IRN,2003,Lower middle income,No,,2003,Lower middle income,LMIC
IRN,2009,Upper middle income,No,,2009,Upper middle income,UMIC
IRN,2013,Upper middle income,No,,2013,Upper middle income,UMIC
IRN,2002,Lower middle income,No,,2002,Lower middle income,LMIC
IRN,2004,Lower middle income,No,,2004,Lower middle income,LMIC
IRQ,1994,Lower middle income,,,1994,Lower middle income,LMIC
IRQ,1989,Upper middle income,,,1989,Upper middle income,UMIC
IRQ,2017,Upper middle income,Yes,,2017,Upper middle income,UMIC
IRQ,2000,Lower middle income,No,,2000,Lower middle income,LMIC
IRQ,2010,Lower middle income,Yes,,2010,Lower middle income,LMIC
IRQ,2013,Upper middle income,Yes,,2013,Upper middle income,UMIC
IRQ,1988,Upper middle income,,,1988,Upper middle income,UMIC
IRQ,2009,Lower middle income,Yes,,2009,Lower middle income,LMIC
IRQ,1998,Lower middle income,No,,1998,Lower middle income,LMIC
IRQ,2001,Lower middle income,No,,2001,Lower middle income,LMIC
IRQ,1999,Lower middle income,No,,1999,Lower middle income,LMIC
IRQ,2016,Upper middle income,Yes,,2016,Upper middle income,UMIC
IRQ,2019,Upper middle income,Yes,,2019,Upper middle income,UMIC
IRQ,1995,Lower middle income,,,1995,Lower middle income,LMIC
IRQ,2024,Upper middle income,Yes,,2024,Upper middle income,UMIC
IRQ,2012,Upper middle income,Yes,,2012,Upper middle income,UMIC
IRQ,1991,Lower middle income,,,1991,Lower middle income,LMIC
IRQ,2021,Upper middle income,Yes,,2021,Upper middle income,UMIC
IRQ,1990,Upper middle income,,,1990,Upper middle income,UMIC
IRQ,2015,Upper middle income,Yes,,2015,Upper middle income,UMIC
IRQ,2018,Upper middle income,Yes,,2018,Upper middle income,UMIC
IRQ,2023,Upper middle income,Yes,,2023,Upper middle income,UMIC
IRQ,2002,Lower middle income,No,,2002,Lower middle income,LMIC
IRQ,2008,Lower middle income,No,,2008,Lower middle income,LMIC
IRQ,1997,Lower middle income,,,1997,Lower middle income,LMIC
IRQ,2006,Lower middle income,No,,2006,Lower middle income,LMIC
IRQ,2004,Lower middle income,No,,2004,Lower middle income,LMIC
IRQ,2007,Lower middle income,No,,2007,Lower middle income,LMIC
IRQ,1987,Upper middle income,,,1987,Upper middle income,UMIC
IRQ,1993,Lower middle income,,,1993,Lower middle income,LMIC
IRQ,2003,Lower middle income,No,,2003,Lower middle income,LMIC
IRQ,2014,Upper middle income,Yes,,2014,Upper middle income,UMIC
IRQ,2011,Lower middle income,Yes,,2011,Lower middle income,LMIC
IRQ,2005,Lower middle income,No,,2005,Lower middle income,LMIC
IRQ,2020,Upper middle income,Yes,,2020,Upper middle income,UMIC
IRQ,1992,Lower middle income,,,1992,Lower middle income,LMIC
IRQ,1996,Lower middle income,,,1996,Lower middle income,LMIC
IRQ,2022,Upper middle income,Yes,,2022,Upper middle income,UMIC
ISL,1993,High income,,,1993,High income,HIC
ISL,2005,High income,No,,2005,High income,HIC
ISL,2022,High income,No,,2022,High income,HIC
ISL,2008,High income,No,,2008,High income,HIC
ISL,2006,High income,No,,2006,High income,HIC
ISL,2000,High income,No,,2000,High income,HIC
ISL,1999,High income,No,,1999,High income,HIC
ISL,2007,High income,No,,2007,High income,HIC
ISL,1998,High income,No,,1998,High income,HIC
ISL,2010,High income,No,,2010,High income,HIC
ISL,2015,High income,No,,2015,High income,HIC
ISL,2003,High income,No,,2003,High income,HIC
ISL,2020,High income,No,,2020,High income,HIC
ISL,1997,High income,,,1997,High income,HIC
ISL,2014,High income,No,,2014,High income,HIC
ISL,2023,High income,No,,2023,High income,HIC
ISL,2004,High income,No,,2004,High income,HIC
ISL,1988,High income,,,1988,High income,HIC
ISL,2013,High income,No,,2013,High income,HIC
ISL,1992,High income,,,1992,High income,HIC
ISL,1989,High income,,,1989,High income,HIC
ISL,1996,High income,,,1996,High income,HIC
ISL,2012,High income,No,,2012,High income,HIC
ISL,2021,High income,No,,2021,High income,HIC
ISL,2009,High income,No,,2009,High income,HIC
ISL,2002,High income,No,,2002,High income,HIC
ISL,2017,High income,No,,2017,High income,HIC
ISL,1991,High income,,,1991,High income,HIC
ISL,1994,High income,,,1994,High income,HIC
ISL,1995,High income,,,1995,High income,HIC
ISL,2016,High income,No,,2016,High income,HIC
ISL,2019,High income,No,,2019,High income,HIC
ISL,2018,High income,No,,2018,High income,HIC
ISL,1987,High income,,,1987,High income,HIC
ISL,2011,High income,No,,2011,High income,HIC
ISL,1990,High income,,,1990,High income,HIC
ISL,2024,High income,No,,2024,High income,HIC
ISL,2001,High income,No,,2001,High income,HIC
ISR,1995,High income,,,1995,High income,HIC
ISR,1987,High income,,,1987,High income,HIC
ISR,2014,High income,No,,2014,High income,HIC
ISR,1992,High income,,,1992,High income,HIC
ISR,1997,High income,,,1997,High income,HIC
ISR,2000,High income,No,,2000,High income,HIC
ISR,2002,High income,No,,2002,High income,HIC
ISR,2021,High income,No,,2021,High income,HIC
ISR,2008,High income,No,,2008,High income,HIC
ISR,1998,High income,No,,1998,High income,HIC
ISR,2006,High income,No,,2006,High income,HIC
ISR,2011,High income,No,,2011,High income,HIC
ISR,2001,High income,No,,2001,High income,HIC
ISR,2004,High income,No,,2004,High income,HIC
ISR,1991,High income,,,1991,High income,HIC
ISR,2017,High income,No,,2017,High income,HIC
ISR,2012,High income,No,,2012,High income,HIC
ISR,2007,High income,No,,2007,High income,HIC
ISR,2019,High income,No,,2019,High income,HIC
ISR,2015,High income,No,,2015,High income,HIC
ISR,2024,High income,No,,2024,High income,HIC
ISR,1990,High income,,,1990,High income,HIC
ISR,2003,High income,No,,2003,High income,HIC
ISR,1993,High income,,,1993,High income,HIC
ISR,2013,High income,No,,2013,High income,HIC
ISR,1994,High income,,,1994,High income,HIC
ISR,2005,High income,No,,2005,High income,HIC
ISR,1996,High income,,,1996,High income,HIC
ISR,2016,High income,No,,2016,High income,HIC
ISR,2022,High income,No,,2022,High income,HIC
ISR,1989,High income,,,1989,High income,HIC
ISR,2020,High income,No,,2020,High income,HIC
ISR,2018,High income,No,,2018,High income,HIC
ISR,1999,High income,No,,1999,High income,HIC
ISR,2010,High income,No,,2010,High income,HIC
ISR,2009,High income,No,,2009,High income,HIC
ISR,1988,High income,,,1988,High income,HIC
ISR,2023,High income,No,,2023,High income,HIC
ITA,2007,High income,No,,2007,High income,HIC
ITA,2002,High income,No,,2002,High income,HIC
ITA,2021,High income,No,,2021,High income,HIC
ITA,2014,High income,No,,2014,High income,HIC
ITA,2022,High income,No,,2022,High income,HIC
ITA,1992,High income,,,1992,High income,HIC
ITA,2013,High income,No,,2013,High income,HIC
ITA,2015,High income,No,,2015,High income,HIC
ITA,1995,High income,,,1995,High income,HIC
ITA,1994,High income,,,1994,High income,HIC
ITA,2024,High income,No,,2024,High income,HIC
ITA,2006,High income,No,,2006,High income,HIC
ITA,2004,High income,No,,2004,High income,HIC
ITA,2000,High income,No,,2000,High income,HIC
ITA,1998,High income,No,,1998,High income,HIC
ITA,2020,High income,No,,2020,High income,HIC
ITA,2008,High income,No,,2008,High income,HIC
ITA,2011,High income,No,,2011,High income,HIC
ITA,2009,High income,No,,2009,High income,HIC
ITA,2019,High income,No,,2019,High income,HIC
ITA,1999,High income,No,,1999,High income,HIC
ITA,2003,High income,No,,2003,High income,HIC
ITA,2018,High income,No,,2018,High income,HIC
ITA,1993,High income,,,1993,High income,HIC
ITA,2016,High income,No,,2016,High income,HIC
ITA,2010,High income,No,,2010,High income,HIC
ITA,1991,High income,,,1991,High income,HIC
ITA,1988,High income,,,1988,High income,HIC
ITA,2005,High income,No,,2005,High income,HIC
ITA,1987,High income,,,1987,High income,HIC
ITA,1997,High income,,,1997,High income,HIC
ITA,1990,High income,,,1990,High income,HIC
ITA,1996,High income,,,1996,High income,HIC
ITA,2012,High income,No,,2012,High income,HIC
ITA,2001,High income,No,,2001,High income,HIC
ITA,2017,High income,No,,2017,High income,HIC
ITA,2023,High income,No,,2023,High income,HIC
ITA,1989,High income,,,1989,High income,HIC
JAM,2003,Lower middle income,No,,2003,Lower middle income,LMIC
JAM,2001,Lower middle income,No,,2001,Lower middle income,LMIC
JAM,2021,Upper middle income,No,,2021,Upper middle income,UMIC
JAM,2016,Upper middle income,No,,2016,Upper middle income,UMIC
JAM,1998,Lower middle income,No,,1998,Lower middle income,LMIC
JAM,2010,Upper middle income,No,,2010,Upper middle income,UMIC
JAM,1999,Lower middle income,No,,1999,Lower middle income,LMIC
JAM,2002,Lower middle income,No,,2002,Lower middle income,LMIC
JAM,2015,Upper middle income,No,,2015,Upper middle income,UMIC
JAM,1996,Lower middle income,,,1996,Lower middle income,LMIC
JAM,2024,Upper middle income,No,,2024,Upper middle income,UMIC
JAM,1990,Lower middle income,,,1990,Lower middle income,LMIC
JAM,1994,Lower middle income,,,1994,Lower middle income,LMIC
JAM,2013,Upper middle income,No,,2013,Upper middle income,UMIC
JAM,2005,Lower middle income,No,,2005,Lower middle income,LMIC
JAM,2012,Upper middle income,No,,2012,Upper middle income,UMIC
JAM,1988,Lower middle income,,,1988,Lower middle income,LMIC
JAM,2023,Upper middle income,No,,2023,Upper middle income,UMIC
JAM,2019,Upper middle income,No,,2019,Upper middle income,UMIC
JAM,2000,Lower middle income,No,,2000,Lower middle income,LMIC
JAM,1993,Lower middle income,,,1993,Lower middle income,LMIC
JAM,1991,Lower middle income,,,1991,Lower middle income,LMIC
JAM,2014,Upper middle income,No,,2014,Upper middle income,UMIC
JAM,1992,Lower middle income,,,1992,Lower middle income,LMIC
JAM,2006,Lower middle income,No,,2006,Lower middle income,LMIC
JAM,1997,Lower middle income,,,1997,Lower middle income,LMIC
JAM,1987,Lower middle income,,,1987,Lower middle income,LMIC
JAM,2011,Upper middle income,No,,2011,Upper middle income,UMIC
JAM,1995,Lower middle income,,,1995,Lower middle income,LMIC
JAM,2018,Upper middle income,No,,2018,Upper middle income,UMIC
JAM,2020,Upper middle income,No,,2020,Upper middle income,UMIC
JAM,2017,Upper middle income,No,,2017,Upper middle income,UMIC
JAM,2022,Upper middle income,No,,2022,Upper middle income,UMIC
JAM,2008,Upper middle income,No,,2008,Upper middle income,UMIC
JAM,2009,Upper middle income,No,,2009,Upper middle income,UMIC
JAM,1989,Lower middle income,,,1989,Lower middle income,LMIC
JAM,2004,Lower middle income,No,,2004,Lower middle income,LMIC
JAM,2007,Upper middle income,No,,2007,Upper middle income,UMIC
JOR,2004,Lower middle income,No,,2004,Lower middle income,LMIC
JOR,1989,Lower middle income,,,1989,Lower middle income,LMIC
JOR,2007,Lower middle income,No,,2007,Lower middle income,LMIC
JOR,1997,Lower middle income,,,1997,Lower middle income,LMIC
JOR,2010,Upper middle income,No,,2010,Upper middle income,UMIC
JOR,2013,Upper middle income,No,,2013,Upper middle income,UMIC
JOR,1992,Lower middle income,,,1992,Lower middle income,LMIC
JOR,1990,Lower middle income,,,1990,Lower middle income,LMIC
JOR,2024,Lower middle income,No,,2024,Lower middle income,LMIC
JOR,2008,Lower middle income,No,,2008,Lower middle income,LMIC
JOR,2020,Upper middle income,No,,2020,Upper middle income,UMIC
JOR,2019,Upper middle income,No,,2019,Upper middle income,UMIC
JOR,2005,Lower middle income,No,,2005,Lower middle income,LMIC
JOR,2017,Upper middle income,No,,2017,Upper middle income,UMIC
JOR,1994,Lower middle income,,,1994,Lower middle income,LMIC
JOR,2016,Lower middle income,No,,2016,Lower middle income,LMIC
JOR,1993,Lower middle income,,,1993,Lower middle income,LMIC
JOR,1996,Lower middle income,,,1996,Lower middle income,LMIC
JOR,2021,Upper middle income,No,,2021,Upper middle income,UMIC
JOR,2022,Lower middle income,No,,2022,Lower middle income,LMIC
JOR,2023,Lower middle income,No,,2023,Lower middle income,LMIC
JOR,1991,Lower middle income,,,1991,Lower middle income,LMIC
JOR,2006,Lower middle income,No,,2006,Lower middle income,LMIC
JOR,1999,Lower middle income,No,,1999,Lower middle income,LMIC
JOR,2018,Upper middle income,No,,2018,Upper middle income,UMIC
JOR,2011,Upper middle income,No,,2011,Upper middle income,UMIC
JOR,2003,Lower middle income,No,,2003,Lower middle income,LMIC
JOR,1995,Lower middle income,,,1995,Lower middle income,LMIC
JOR,1988,Lower middle income,,,1988,Lower middle income,LMIC
JOR,2014,Upper middle income,No,,2014,Upper middle income,UMIC
JOR,2001,Lower middle income,No,,2001,Lower middle income,LMIC
JOR,2015,Upper middle income,No,,2015,Upper middle income,UMIC
JOR,2012,Upper middle income,No,,2012,Upper middle income,UMIC
JOR,2000,Lower middle income,No,,2000,Lower middle income,LMIC
JOR,2009,Lower middle income,No,,2009,Lower middle income,LMIC
JOR,1987,Lower middle income,,,1987,Lower middle income,LMIC
JOR,2002,Lower middle income,No,,2002,Lower middle income,LMIC
JOR,1998,Lower middle income,No,,1998,Lower middle income,LMIC
JPN,2004,High income,No,,2004,High income,HIC
JPN,1994,High income,,,1994,High income,HIC
JPN,1993,High income,,,1993,High income,HIC
JPN,2013,High income,No,,2013,High income,HIC
JPN,2015,High income,No,,2015,High income,HIC
JPN,1996,High income,,,1996,High income,HIC
JPN,2020,High income,No,,2020,High income,HIC
JPN,2001,High income,No,,2001,High income,HIC
JPN,1991,High income,,,1991,High income,HIC
JPN,1999,High income,No,,1999,High income,HIC
JPN,2016,High income,No,,2016,High income,HIC
JPN,1992,High income,,,1992,High income,HIC
JPN,1997,High income,,,1997,High income,HIC
JPN,2003,High income,No,,2003,High income,HIC
JPN,2005,High income,No,,2005,High income,HIC
JPN,2007,High income,No,,2007,High income,HIC
JPN,2011,High income,No,,2011,High income,HIC
JPN,2018,High income,No,,2018,High income,HIC
JPN,2019,High income,No,,2019,High income,HIC
JPN,2023,High income,No,,2023,High income,HIC
JPN,2024,High income,No,,2024,High income,HIC
JPN,2012,High income,No,,2012,High income,HIC
JPN,1990,High income,,,1990,High income,HIC
JPN,1988,High income,,,1988,High income,HIC
JPN,2014,High income,No,,2014,High income,HIC
JPN,2000,High income,No,,2000,High income,HIC
JPN,2006,High income,No,,2006,High income,HIC
JPN,2009,High income,No,,2009,High income,HIC
JPN,1989,High income,,,1989,High income,HIC
JPN,2022,High income,No,,2022,High income,HIC
JPN,1995,High income,,,1995,High income,HIC
JPN,2021,High income,No,,2021,High income,HIC
JPN,2010,High income,No,,2010,High income,HIC
JPN,2008,High income,No,,2008,High income,HIC
JPN,1998,High income,No,,1998,High income,HIC
JPN,2002,High income,No,,2002,High income,HIC
JPN,1987,High income,,,1987,High income,HIC
JPN,2017,High income,No,,2017,High income,HIC
KAZ,1996,Lower middle income,,,1996,Lower middle income,LMIC
KAZ,2017,Upper middle income,No,,2017,Upper middle income,UMIC
KAZ,1990,Lower middle income,,,1990,Lower middle income,LMIC
KAZ,2007,Upper middle income,No,,2007,Upper middle income,UMIC
KAZ,2022,Upper middle income,No,,2022,Upper middle income,UMIC
KAZ,1991,Lower middle income,,,1991,Lower middle income,LMIC
KAZ,2013,Upper middle income,No,,2013,Upper middle income,UMIC
KAZ,1987,Lower middle income,,,1987,Lower middle income,LMIC
KAZ,2023,Upper middle income,No,,2023,Upper middle income,UMIC
KAZ,1988,Lower middle income,,,1988,Lower middle income,LMIC
KAZ,2005,Lower middle income,No,,2005,Lower middle income,LMIC
KAZ,2016,Upper middle income,No,,2016,Upper middle income,UMIC
KAZ,2011,Upper middle income,No,,2011,Upper middle income,UMIC
KAZ,2004,Lower middle income,No,,2004,Lower middle income,LMIC
KAZ,2006,Upper middle income,No,,2006,Upper middle income,UMIC
KAZ,1992,Lower middle income,,,1992,Lower middle income,LMIC
KAZ,2018,Upper middle income,No,,2018,Upper middle income,UMIC
KAZ,1997,Lower middle income,,,1997,Lower middle income,LMIC
KAZ,1998,Lower middle income,No,,1998,Lower middle income,LMIC
KAZ,1999,Lower middle income,No,,1999,Lower middle income,LMIC
KAZ,2000,Lower middle income,No,,2000,Lower middle income,LMIC
KAZ,2010,Upper middle income,No,,2010,Upper middle income,UMIC
KAZ,2008,Upper middle income,No,,2008,Upper middle income,UMIC
KAZ,2001,Lower middle income,No,,2001,Lower middle income,LMIC
KAZ,1989,Lower middle income,,,1989,Lower middle income,LMIC
KAZ,2021,Upper middle income,No,,2021,Upper middle income,UMIC
KAZ,2002,Lower middle income,No,,2002,Lower middle income,LMIC
KAZ,1993,Lower middle income,,,1993,Lower middle income,LMIC
KAZ,1995,Lower middle income,,,1995,Lower middle income,LMIC
KAZ,2009,Upper middle income,No,,2009,Upper middle income,UMIC
KAZ,2020,Upper middle income,No,,2020,Upper middle income,UMIC
KAZ,2012,Upper middle income,No,,2012,Upper middle income,UMIC
KAZ,2014,Upper middle income,No,,2014,Upper middle income,UMIC
KAZ,2019,Upper middle income,No,,2019,Upper middle income,UMIC
KAZ,2015,Upper middle income,No,,2015,Upper middle income,UMIC
KAZ,2003,Lower middle income,No,,2003,Lower middle income,LMIC
KAZ,2024,Upper middle income,No,,2024,Upper middle income,UMIC
KAZ,1994,Lower middle income,,,1994,Lower middle income,LMIC
KEN,1998,Low income,No,Eastern and Southern Africa,1998,Low income,LIC
KEN,2005,Low income,No,Eastern and Southern Africa,2005,Low income,LIC
KEN,2018,Lower middle income,No,Eastern and Southern Africa,2018,Lower middle income,LMIC
KEN,2022,Lower middle income,No,Eastern and Southern Africa,2022,Lower middle income,LMIC
KEN,2003,Low income,No,Eastern and Southern Africa,2003,Low income,LIC
KEN,2006,Low income,No,Eastern and Southern Africa,2006,Low income,LIC
KEN,2001,Low income,No,Eastern and Southern Africa,2001,Low income,LIC
KEN,2007,Low income,No,Eastern and Southern Africa,2007,Low income,LIC
KEN,2004,Low income,No,Eastern and Southern Africa,2004,Low income,LIC
KEN,2019,Lower middle income,No,Eastern and Southern Africa,2019,Lower middle income,LMIC
KEN,2000,Low income,No,Eastern and Southern Africa,2000,Low income,LIC
KEN,2021,Lower middle income,No,Eastern and Southern Africa,2021,Lower middle income,LMIC
KEN,2020,Lower middle income,No,Eastern and Southern Africa,2020,Lower middle income,LMIC
KEN,2016,Lower middle income,No,Eastern and Southern Africa,2016,Lower middle income,LMIC
KEN,2014,Lower middle income,No,Eastern and Southern Africa,2014,Lower middle income,LMIC
KEN,2002,Low income,No,Eastern and Southern Africa,2002,Low income,LIC
KEN,2008,Low income,No,Eastern and Southern Africa,2008,Low income,LIC
KEN,2013,Low income,No,Eastern and Southern Africa,2013,Low income,LIC
KEN,1996,Low income,,Eastern and Southern Africa,1996,Low income,LIC
KEN,1989,Low income,,Eastern and Southern Africa,1989,Low income,LIC
KEN,1990,Low income,,Eastern and Southern Africa,1990,Low income,LIC
KEN,2017,Lower middle income,No,Eastern and Southern Africa,2017,Lower middle income,LMIC
KEN,2011,Low income,No,Eastern and Southern Africa,2011,Low income,LIC
KEN,1988,Low income,,Eastern and Southern Africa,1988,Low income,LIC
KEN,1987,Low income,,Eastern and Southern Africa,1987,Low income,LIC
KEN,2009,Low income,No,Eastern and Southern Africa,2009,Low income,LIC
KEN,1995,Low income,,Eastern and Southern Africa,1995,Low income,LIC
KEN,2023,Lower middle income,No,Eastern and Southern Africa,2023,Lower middle income,LMIC
KEN,1994,Low income,,Eastern and Southern Africa,1994,Low income,LIC
KEN,1992,Low income,,Eastern and Southern Africa,1992,Low income,LIC
KEN,1997,Low income,,Eastern and Southern Africa,1997,Low income,LIC
KEN,2010,Low income,No,Eastern and Southern Africa,2010,Low income,LIC
KEN,1999,Low income,No,Eastern and Southern Africa,1999,Low income,LIC
KEN,2015,Lower middle income,No,Eastern and Southern Africa,2015,Lower middle income,LMIC
KEN,2012,Low income,No,Eastern and Southern Africa,2012,Low income,LIC
KEN,1993,Low income,,Eastern and Southern Africa,1993,Low income,LIC
KEN,2024,Lower middle income,No,Eastern and Southern Africa,2024,Lower middle income,LMIC
KGZ,2019,Lower middle income,No,,2019,Lower middle income,LMIC
KGZ,2005,Low income,No,,2005,Low income,LIC
KGZ,2016,Lower middle income,No,,2016,Lower middle income,LMIC
KGZ,1989,Lower middle income,,,1989,Lower middle income,LMIC
KGZ,2020,Lower middle income,No,,2020,Lower middle income,LMIC
KGZ,2003,Low income,No,,2003,Low income,LIC
KGZ,1995,Low income,,,1995,Low income,LIC
KGZ,1987,Lower middle income,,,1987,Lower middle income,LMIC
KGZ,1992,Lower middle income,,,1992,Lower middle income,LMIC
KGZ,1998,Low income,No,,1998,Low income,LIC
KGZ,1999,Low income,No,,1999,Low income,LIC
KGZ,2007,Low income,No,,2007,Low income,LIC
KGZ,1997,Low income,,,1997,Low income,LIC
KGZ,2002,Low income,No,,2002,Low income,LIC
KGZ,2012,Low income,No,,2012,Low income,LIC
KGZ,2017,Lower middle income,No,,2017,Lower middle income,LMIC
KGZ,2023,Lower middle income,No,,2023,Lower middle income,LMIC
KGZ,2013,Lower middle income,No,,2013,Lower middle income,LMIC
KGZ,2009,Low income,No,,2009,Low income,LIC
KGZ,2001,Low income,No,,2001,Low income,LIC
KGZ,2024,Lower middle income,No,,2024,Lower middle income,LMIC
KGZ,1993,Lower middle income,,,1993,Lower middle income,LMIC
KGZ,2014,Lower middle income,No,,2014,Lower middle income,LMIC
KGZ,1991,Lower middle income,,,1991,Lower middle income,LMIC
KGZ,2010,Low income,No,,2010,Low income,LIC
KGZ,2022,Lower middle income,No,,2022,Lower middle income,LMIC
KGZ,2008,Low income,No,,2008,Low income,LIC
KGZ,2021,Lower middle income,No,,2021,Lower middle income,LMIC
KGZ,1994,Low income,,,1994,Low income,LIC
KGZ,2006,Low income,No,,2006,Low income,LIC
KGZ,2015,Lower middle income,No,,2015,Lower middle income,LMIC
KGZ,1996,Low income,,,1996,Low income,LIC
KGZ,2004,Low income,No,,2004,Low income,LIC
KGZ,2000,Low income,No,,2000,Low income,LIC
KGZ,2011,Low income,No,,2011,Low income,LIC
KGZ,2018,Lower middle income,No,,2018,Lower middle income,LMIC
KGZ,1988,Lower middle income,,,1988,Lower middle income,LMIC
KGZ,1990,Lower middle income,,,1990,Lower middle income,LMIC
KHM,2003,Low income,Yes,,2003,Low income,LIC
KHM,1990,Low income,,,1990,Low income,LIC
KHM,2024,Lower middle income,No,,2024,Lower middle income,LMIC
KHM,2023,Lower middle income,No,,2023,Lower middle income,LMIC
KHM,2000,Low income,Yes,,2000,Low income,LIC
KHM,2006,Low income,Yes,,2006,Low income,LIC
KHM,1995,Low income,,,1995,Low income,LIC
KHM,2004,Low income,Yes,,2004,Low income,LIC
KHM,1996,Low income,,,1996,Low income,LIC
KHM,1999,Low income,Yes,,1999,Low income,LIC
KHM,2005,Low income,Yes,,2005,Low income,LIC
KHM,2015,Lower middle income,No,,2015,Lower middle income,LMIC
KHM,2009,Low income,No,,2009,Low income,LIC
KHM,2010,Low income,No,,2010,Low income,LIC
KHM,2014,Low income,No,,2014,Low income,LIC
KHM,1994,Low income,,,1994,Low income,LIC
KHM,2016,Lower middle income,No,,2016,Lower middle income,LMIC
KHM,2018,Lower middle income,No,,2018,Lower middle income,LMIC
KHM,1991,Low income,,,1991,Low income,LIC
KHM,1998,Low income,Yes,,1998,Low income,LIC
KHM,2020,Lower middle income,No,,2020,Lower middle income,LMIC
KHM,2017,Lower middle income,No,,2017,Lower middle income,LMIC
KHM,1992,Low income,,,1992,Low income,LIC
KHM,2019,Lower middle income,No,,2019,Lower middle income,LMIC
KHM,2012,Low income,No,,2012,Low income,LIC
KHM,1997,Low income,,,1997,Low income,LIC
KHM,1989,Low income,,,1989,Low income,LIC
KHM,2007,Low income,Yes,,2007,Low income,LIC
KHM,2008,Low income,No,,2008,Low income,LIC
KHM,1987,Low income,,,1987,Low income,LIC
KHM,2022,Lower middle income,No,,2022,Lower middle income,LMIC
KHM,2002,Low income,Yes,,2002,Low income,LIC
KHM,2001,Low income,Yes,,2001,Low income,LIC
KHM,2011,Low income,No,,2011,Low income,LIC
KHM,1993,Low income,,,1993,Low income,LIC
KHM,2013,Low income,No,,2013,Low income,LIC
KHM,2021,Lower middle income,No,,2021,Lower middle income,LMIC
KHM,1988,Low income,,,1988,Low income,LIC
KIR,2017,Lower middle income,Yes,,2017,Lower middle income,LMIC
KIR,2015,Lower middle income,Yes,,2015,Lower middle income,LMIC
KIR,1992,Lower middle income,,,1992,Lower middle income,LMIC
KIR,2014,Lower middle income,Yes,,2014,Lower middle income,LMIC
KIR,2019,Lower middle income,Yes,,2019,Lower middle income,LMIC
KIR,2000,Lower middle income,No,,2000,Lower middle income,LMIC
KIR,2020,Lower middle income,Yes,,2020,Lower middle income,LMIC
KIR,2006,Lower middle income,Yes,,2006,Lower middle income,LMIC
KIR,2001,Lower middle income,No,,2001,Lower middle income,LMIC
KIR,1996,Lower middle income,,,1996,Lower middle income,LMIC
KIR,2024,Lower middle income,Yes,,2024,Lower middle income,LMIC
KIR,1990,Lower middle income,,,1990,Lower middle income,LMIC
KIR,2018,Lower middle income,Yes,,2018,Lower middle income,LMIC
KIR,2004,Lower middle income,No,,2004,Lower middle income,LMIC
KIR,2021,Lower middle income,No,,2021,Lower middle income,LMIC
KIR,1998,Lower middle income,No,,1998,Lower middle income,LMIC
KIR,2007,Lower middle income,Yes,,2007,Lower middle income,LMIC
KIR,1988,Lower middle income,,,1988,Lower middle income,LMIC
KIR,2005,Lower middle income,No,,2005,Lower middle income,LMIC
KIR,1989,Lower middle income,,,1989,Lower middle income,LMIC
KIR,2023,Lower middle income,Yes,,2023,Lower middle income,LMIC
KIR,1987,Lower middle income,,,1987,Lower middle income,LMIC
KIR,2003,Lower middle income,No,,2003,Lower middle income,LMIC
KIR,2002,Lower middle income,No,,2002,Lower middle income,LMIC
KIR,1991,Lower middle income,,,1991,Lower middle income,LMIC
KIR,1999,Lower middle income,No,,1999,Lower middle income,LMIC
KIR,2013,Lower middle income,Yes,,2013,Lower middle income,LMIC
KIR,2010,Lower middle income,Yes,,2010,Lower middle income,LMIC
KIR,2008,Lower middle income,Yes,,2008,Lower middle income,LMIC
KIR,2016,Lower middle income,Yes,,2016,Lower middle income,LMIC
KIR,1993,Lower middle income,,,1993,Lower middle income,LMIC
KIR,2012,Lower middle income,Yes,,2012,Lower middle income,LMIC
KIR,1995,Lower middle income,,,1995,Lower middle income,LMIC
KIR,1997,Lower middle income,,,1997,Lower middle income,LMIC
KIR,2009,Lower middle income,Yes,,2009,Lower middle income,LMIC
KIR,2022,Lower middle income,Yes,,2022,Lower middle income,LMIC
KIR,1994,Lower middle income,,,1994,Lower middle income,LMIC
KIR,2011,Lower middle income,Yes,,2011,Lower middle income,LMIC
KNA,2006,Upper middle income,No,,2006,Upper middle income,UMIC
KNA,2004,Upper middle income,No,,2004,Upper middle income,UMIC
KNA,2022,High income,No,,2022,High income,HIC
KNA,2017,High income,No,,2017,High income,HIC
KNA,2016,High income,No,,2016,High income,HIC
KNA,1994,Upper middle income,,,1994,Upper middle income,UMIC
KNA,1999,Upper middle income,No,,1999,Upper middle income,UMIC
KNA,2005,Upper middle income,No,,2005,Upper middle income,UMIC
KNA,1989,Upper middle income,,,1989,Upper middle income,UMIC
KNA,2012,High income,No,,2012,High income,HIC
KNA,2014,High income,No,,2014,High income,HIC
KNA,1987,Upper middle income,,,1987,Upper middle income,UMIC
KNA,2023,High income,No,,2023,High income,HIC
KNA,1995,Upper middle income,,,1995,Upper middle income,UMIC
KNA,2009,Upper middle income,No,,2009,Upper middle income,UMIC
KNA,1997,Upper middle income,,,1997,Upper middle income,UMIC
KNA,2018,High income,No,,2018,High income,HIC
KNA,2008,Upper middle income,No,,2008,Upper middle income,UMIC
KNA,2003,Upper middle income,No,,2003,Upper middle income,UMIC
KNA,1993,Upper middle income,,,1993,Upper middle income,UMIC
KNA,2013,High income,No,,2013,High income,HIC
KNA,1992,Upper middle income,,,1992,Upper middle income,UMIC
KNA,1988,Upper middle income,,,1988,Upper middle income,UMIC
KNA,2010,Upper middle income,No,,2010,Upper middle income,UMIC
KNA,2024,High income,No,,2024,High income,HIC
KNA,2020,High income,No,,2020,High income,HIC
KNA,2019,High income,No,,2019,High income,HIC
KNA,1998,Upper middle income,No,,1998,Upper middle income,UMIC
KNA,2011,High income,No,,2011,High income,HIC
KNA,2001,Upper middle income,No,,2001,Upper middle income,UMIC
KNA,1991,Upper middle income,,,1991,Upper middle income,UMIC
KNA,2002,Upper middle income,No,,2002,Upper middle income,UMIC
KNA,2000,Upper middle income,No,,2000,Upper middle income,UMIC
KNA,1996,Upper middle income,,,1996,Upper middle income,UMIC
KNA,1990,Upper middle income,,,1990,Upper middle income,UMIC
KNA,2007,Upper middle income,No,,2007,Upper middle income,UMIC
KNA,2021,High income,No,,2021,High income,HIC
KNA,2015,High income,No,,2015,High income,HIC
KOR,2008,High income,No,,2008,High income,HIC
KOR,2006,High income,No,,2006,High income,HIC
KOR,1997,High income,,,1997,High income,HIC
KOR,2007,High income,No,,2007,High income,HIC
KOR,1987,Upper middle income,,,1987,Upper middle income,UMIC
KOR,1992,Upper middle income,,,1992,Upper middle income,UMIC
KOR,1999,Upper middle income,No,,1999,Upper middle income,UMIC
KOR,2011,High income,No,,2011,High income,HIC
KOR,2009,High income,No,,2009,High income,HIC
KOR,2023,High income,No,,2023,High income,HIC
KOR,1993,Upper middle income,,,1993,Upper middle income,UMIC
KOR,2015,High income,No,,2015,High income,HIC
KOR,2019,High income,No,,2019,High income,HIC
KOR,1998,Upper middle income,No,,1998,Upper middle income,UMIC
KOR,1994,Upper middle income,,,1994,Upper middle income,UMIC
KOR,2004,High income,No,,2004,High income,HIC
KOR,2001,High income,No,,2001,High income,HIC
KOR,2021,High income,No,,2021,High income,HIC
KOR,2022,High income,No,,2022,High income,HIC
KOR,2005,High income,No,,2005,High income,HIC
KOR,2002,High income,No,,2002,High income,HIC
KOR,2018,High income,No,,2018,High income,HIC
KOR,1996,High income,,,1996,High income,HIC
KOR,2003,High income,No,,2003,High income,HIC
KOR,2016,High income,No,,2016,High income,HIC
KOR,1991,Upper middle income,,,1991,Upper middle income,UMIC
KOR,2010,High income,No,,2010,High income,HIC
KOR,1995,High income,,,1995,High income,HIC
KOR,1990,Upper middle income,,,1990,Upper middle income,UMIC
KOR,2014,High income,No,,2014,High income,HIC
KOR,2000,Upper middle income,No,,2000,Upper middle income,UMIC
KOR,1989,Upper middle income,,,1989,Upper middle income,UMIC
KOR,2013,High income,No,,2013,High income,HIC
KOR,2012,High income,No,,2012,High income,HIC
KOR,2024,High income,No,,2024,High income,HIC
KOR,2020,High income,No,,2020,High income,HIC
KOR,2017,High income,No,,2017,High income,HIC
KOR,1988,Upper middle income,,,1988,Upper middle income,UMIC
KWT,2013,High income,No,,2013,High income,HIC
KWT,2024,High income,No,,2024,High income,HIC
KWT,2004,High income,No,,2004,High income,HIC
KWT,2005,High income,No,,2005,High income,HIC
KWT,2006,High income,No,,2006,High income,HIC
KWT,2002,High income,No,,2002,High income,HIC
KWT,2023,High income,No,,2023,High income,HIC
KWT,1998,High income,No,,1998,High income,HIC
KWT,1987,High income,,,1987,High income,HIC
KWT,1996,High income,,,1996,High income,HIC
KWT,1990,High income,,,1990,High income,HIC
KWT,2016,High income,No,,2016,High income,HIC
KWT,2009,High income,No,,2009,High income,HIC
KWT,2021,High income,No,,2021,High income,HIC
KWT,1993,High income,,,1993,High income,HIC
KWT,2022,High income,No,,2022,High income,HIC
KWT,2020,High income,No,,2020,High income,HIC
KWT,2003,High income,No,,2003,High income,HIC
KWT,1997,High income,,,1997,High income,HIC
KWT,2012,High income,No,,2012,High income,HIC
KWT,2017,High income,No,,2017,High income,HIC
KWT,1991,High income,,,1991,High income,HIC
KWT,2000,High income,No,,2000,High income,HIC
KWT,1999,High income,No,,1999,High income,HIC
KWT,1992,High income,,,1992,High income,HIC
KWT,1994,High income,,,1994,High income,HIC
KWT,2008,High income,No,,2008,High income,HIC
KWT,1988,High income,,,1988,High income,HIC
KWT,1995,High income,,,1995,High income,HIC
KWT,2014,High income,No,,2014,High income,HIC
KWT,2007,High income,No,,2007,High income,HIC
KWT,2001,High income,No,,2001,High income,HIC
KWT,2011,High income,No,,2011,High income,HIC
KWT,2010,High income,No,,2010,High income,HIC
KWT,2015,High income,No,,2015,High income,HIC
KWT,2018,High income,No,,2018,High income,HIC
KWT,2019,High income,No,,2019,High income,HIC
KWT,1989,High income,,,1989,High income,HIC
LAO,2015,Lower middle income,No,,2015,Lower middle income,LMIC
LAO,1993,Low income,,,1993,Low income,LIC
LAO,1991,Low income,,,1991,Low income,LIC
LAO,2006,Low income,Yes,,2006,Low income,LIC
LAO,2007,Low income,Yes,,2007,Low income,LIC
LAO,2021,Lower middle income,No,,2021,Lower middle income,LMIC
LAO,2016,Lower middle income,No,,2016,Lower middle income,LMIC
LAO,2020,Lower middle income,No,,2020,Lower middle income,LMIC
LAO,2019,Lower middle income,Yes,,2019,Lower middle income,LMIC
LAO,2018,Lower middle income,No,,2018,Lower middle income,LMIC
LAO,1994,Low income,,,1994,Low income,LIC
LAO,1990,Low income,,,1990,Low income,LIC
LAO,2008,Low income,No,,2008,Low income,LIC
LAO,2013,Lower middle income,No,,2013,Lower middle income,LMIC
LAO,2010,Lower middle income,No,,2010,Lower middle income,LMIC
LAO,2003,Low income,Yes,,2003,Low income,LIC
LAO,2017,Lower middle income,No,,2017,Lower middle income,LMIC
LAO,2005,Low income,Yes,,2005,Low income,LIC
LAO,2022,Lower middle income,No,,2022,Lower middle income,LMIC
LAO,2004,Low income,Yes,,2004,Low income,LIC
LAO,1996,Low income,,,1996,Low income,LIC
LAO,1988,Low income,,,1988,Low income,LIC
LAO,2009,Low income,No,,2009,Low income,LIC
LAO,1992,Low income,,,1992,Low income,LIC
LAO,2000,Low income,Yes,,2000,Low income,LIC
LAO,1995,Low income,,,1995,Low income,LIC
LAO,2011,Lower middle income,No,,2011,Lower middle income,LMIC
LAO,2024,Lower middle income,No,,2024,Lower middle income,LMIC
LAO,1999,Low income,Yes,,1999,Low income,LIC
LAO,1998,Low income,No,,1998,Low income,LIC
LAO,1997,Low income,,,1997,Low income,LIC
LAO,2023,Lower middle income,No,,2023,Lower middle income,LMIC
LAO,2014,Lower middle income,No,,2014,Lower middle income,LMIC
LAO,2012,Lower middle income,No,,2012,Lower middle income,LMIC
LAO,2002,Low income,Yes,,2002,Low income,LIC
LAO,1989,Low income,,,1989,Low income,LIC
LAO,2001,Low income,Yes,,2001,Low income,LIC
LAO,1987,Low income,,,1987,Low income,LIC
LBN,2006,Upper middle income,No,,2006,Upper middle income,UMIC
LBN,2000,Upper middle income,No,,2000,Upper middle income,UMIC
LBN,2005,Upper middle income,No,,2005,Upper middle income,UMIC
LBN,1998,Upper middle income,No,,1998,Upper middle income,UMIC
LBN,2016,Upper middle income,Yes,,2016,Upper middle income,UMIC
LBN,1997,Upper middle income,,,1997,Upper middle income,UMIC
LBN,2015,Upper middle income,Yes,,2015,Upper middle income,UMIC
LBN,1991,Lower middle income,,,1991,Lower middle income,LMIC
LBN,2021,Lower middle income,Yes,,2021,Lower middle income,LMIC
LBN,2001,Upper middle income,No,,2001,Upper middle income,UMIC
LBN,1999,Upper middle income,No,,1999,Upper middle income,UMIC
LBN,1988,Lower middle income,,,1988,Lower middle income,LMIC
LBN,2019,Upper middle income,Yes,,2019,Upper middle income,UMIC
LBN,2011,Upper middle income,No,,2011,Upper middle income,UMIC
LBN,1987,Lower middle income,,,1987,Lower middle income,LMIC
LBN,1996,Lower middle income,,,1996,Lower middle income,LMIC
LBN,1994,Lower middle income,,,1994,Lower middle income,LMIC
LBN,2013,Upper middle income,No,,2013,Upper middle income,UMIC
LBN,2012,Upper middle income,No,,2012,Upper middle income,UMIC
LBN,2023,Lower middle income,Yes,,2023,Lower middle income,LMIC
LBN,2017,Upper middle income,Yes,,2017,Upper middle income,UMIC
LBN,2014,Upper middle income,Yes,,2014,Upper middle income,UMIC
LBN,2002,Upper middle income,No,,2002,Upper middle income,UMIC
LBN,1995,Lower middle income,,,1995,Lower middle income,LMIC
LBN,2024,Lower middle income,Yes,,2024,Lower middle income,LMIC
LBN,1990,Lower middle income,,,1990,Lower middle income,LMIC
LBN,2020,Upper middle income,Yes,,2020,Upper middle income,UMIC
LBN,2004,Upper middle income,No,,2004,Upper middle income,UMIC
LBN,2018,Upper middle income,Yes,,2018,Upper middle income,UMIC
LBN,2007,Upper middle income,No,,2007,Upper middle income,UMIC
LBN,2008,Upper middle income,No,,2008,Upper middle income,UMIC
LBN,2003,Upper middle income,No,,2003,Upper middle income,UMIC
LBN,1989,Lower middle income,,,1989,Lower middle income,LMIC
LBN,2009,Upper middle income,No,,2009,Upper middle income,UMIC
LBN,1992,Lower middle income,,,1992,Lower middle income,LMIC
LBN,2022,Lower middle income,Yes,,2022,Lower middle income,LMIC
LBN,1993,Lower middle income,,,1993,Lower middle income,LMIC
LBN,2010,Upper middle income,No,,2010,Upper middle income,UMIC
LBR,2011,Low income,Yes,Western and Central Africa,2011,Low income,LIC
LBR,2015,Low income,Yes,Western and Central Africa,2015,Low income,LIC
LBR,1994,Low income,,Western and Central Africa,1994,Low income,LIC
LBR,2000,Low income,Yes,Western and Central Africa,2000,Low income,LIC
LBR,2022,Low income,No,Western and Central Africa,2022,Low income,LIC
LBR,2020,Low income,No,Western and Central Africa,2020,Low income,LIC
LBR,2012,Low income,Yes,Western and Central Africa,2012,Low income,LIC
LBR,2021,Low income,No,Western and Central Africa,2021,Low income,LIC
LBR,1989,Low income,,Western and Central Africa,1989,Low income,LIC
LBR,1999,Low income,Yes,Western and Central Africa,1999,Low income,LIC
LBR,1997,Low income,,Western and Central Africa,1997,Low income,LIC
LBR,2017,Low income,Yes,Western and Central Africa,2017,Low income,LIC
LBR,2014,Low income,Yes,Western and Central Africa,2014,Low income,LIC
LBR,2004,Low income,Yes,Western and Central Africa,2004,Low income,LIC
LBR,2008,Low income,Yes,Western and Central Africa,2008,Low income,LIC
LBR,2023,Low income,No,Western and Central Africa,2023,Low income,LIC
LBR,2013,Low income,Yes,Western and Central Africa,2013,Low income,LIC
LBR,2019,Low income,Yes,Western and Central Africa,2019,Low income,LIC
LBR,2010,Low income,Yes,Western and Central Africa,2010,Low income,LIC
LBR,1988,Low income,,Western and Central Africa,1988,Low income,LIC
LBR,2009,Low income,Yes,Western and Central Africa,2009,Low income,LIC
LBR,2005,Low income,Yes,Western and Central Africa,2005,Low income,LIC
LBR,1998,Low income,Yes,Western and Central Africa,1998,Low income,LIC
LBR,2006,Low income,Yes,Western and Central Africa,2006,Low income,LIC
LBR,1993,Low income,,Western and Central Africa,1993,Low income,LIC
LBR,1987,Low income,,Western and Central Africa,1987,Low income,LIC
LBR,1991,Low income,,Western and Central Africa,1991,Low income,LIC
LBR,1992,Low income,,Western and Central Africa,1992,Low income,LIC
LBR,1990,Low income,,Western and Central Africa,1990,Low income,LIC
LBR,2018,Low income,Yes,Western and Central Africa,2018,Low income,LIC
LBR,2024,Low income,No,Western and Central Africa,2024,Low income,LIC
LBR,2002,Low income,Yes,Western and Central Africa,2002,Low income,LIC
LBR,2016,Low income,Yes,Western and Central Africa,2016,Low income,LIC
LBR,2007,Low income,Yes,Western and Central Africa,2007,Low income,LIC
LBR,1996,Low income,,Western and Central Africa,1996,Low income,LIC
LBR,2001,Low income,Yes,Western and Central Africa,2001,Low income,LIC
LBR,2003,Low income,Yes,Western and Central Africa,2003,Low income,LIC
LBY,2012,Upper middle income,Yes,,2012,Upper middle income,UMIC
LBY,2017,Upper middle income,Yes,,2017,Upper middle income,UMIC
LBY,1987,Upper middle income,,,1987,Upper middle income,UMIC
LBY,2014,Upper middle income,Yes,,2014,Upper middle income,UMIC
LBY,1998,Upper middle income,No,,1998,Upper middle income,UMIC
LBY,2024,Upper middle income,Yes,,2024,Upper middle income,UMIC
LBY,2010,Upper middle income,No,,2010,Upper middle income,UMIC
LBY,1999,Upper middle income,No,,1999,Upper middle income,UMIC
LBY,1989,Upper middle income,,,1989,Upper middle income,UMIC
LBY,1995,Upper middle income,,,1995,Upper middle income,UMIC
LBY,2007,Upper middle income,No,,2007,Upper middle income,UMIC
LBY,2000,Upper middle income,No,,2000,Upper middle income,UMIC
LBY,2006,Upper middle income,No,,2006,Upper middle income,UMIC
LBY,2020,Upper middle income,Yes,,2020,Upper middle income,UMIC
LBY,2005,Upper middle income,No,,2005,Upper middle income,UMIC
LBY,2021,Upper middle income,Yes,,2021,Upper middle income,UMIC
LBY,1988,Upper middle income,,,1988,Upper middle income,UMIC
LBY,2004,Upper middle income,No,,2004,Upper middle income,UMIC
LBY,2002,Upper middle income,No,,2002,Upper middle income,UMIC
LBY,1996,Upper middle income,,,1996,Upper middle income,UMIC
LBY,2018,Upper middle income,Yes,,2018,Upper middle income,UMIC
LBY,2011,Upper middle income,Yes,,2011,Upper middle income,UMIC
LBY,2015,Upper middle income,Yes,,2015,Upper middle income,UMIC
LBY,1994,Upper middle income,,,1994,Upper middle income,UMIC
LBY,1993,Upper middle income,,,1993,Upper middle income,UMIC
LBY,2008,Upper middle income,No,,2008,Upper middle income,UMIC
LBY,2003,Upper middle income,No,,2003,Upper middle income,UMIC
LBY,1991,Upper middle income,,,1991,Upper middle income,UMIC
LBY,2001,Upper middle income,No,,2001,Upper middle income,UMIC
LBY,1997,Upper middle income,,,1997,Upper middle income,UMIC
LBY,2009,Upper middle income,No,,2009,Upper middle income,UMIC
LBY,2023,Upper middle income,Yes,,2023,Upper middle income,UMIC
LBY,2022,Upper middle income,Yes,,2022,Upper middle income,UMIC
LBY,1990,Upper middle income,,,1990,Upper middle income,UMIC
LBY,2013,Upper middle income,Yes,,2013,Upper middle income,UMIC
LBY,1992,Upper middle income,,,1992,Upper middle income,UMIC
LBY,2016,Upper middle income,Yes,,2016,Upper middle income,UMIC
LBY,2019,Upper middle income,Yes,,2019,Upper middle income,UMIC
LCA,2006,Upper middle income,No,,2006,Upper middle income,UMIC
LCA,2011,Upper middle income,No,,2011,Upper middle income,UMIC
LCA,1989,Lower middle income,,,1989,Lower middle income,LMIC
LCA,1987,Lower middle income,,,1987,Lower middle income,LMIC
LCA,2009,Upper middle income,No,,2009,Upper middle income,UMIC
LCA,1999,Upper middle income,No,,1999,Upper middle income,UMIC
LCA,2008,Upper middle income,No,,2008,Upper middle income,UMIC
LCA,1996,Upper middle income,,,1996,Upper middle income,UMIC
LCA,1998,Upper middle income,No,,1998,Upper middle income,UMIC
LCA,1994,Upper middle income,,,1994,Upper middle income,UMIC
LCA,2022,Upper middle income,No,,2022,Upper middle income,UMIC
LCA,1997,Upper middle income,,,1997,Upper middle income,UMIC
LCA,2001,Upper middle income,No,,2001,Upper middle income,UMIC
LCA,2005,Upper middle income,No,,2005,Upper middle income,UMIC
LCA,2012,Upper middle income,No,,2012,Upper middle income,UMIC
LCA,1988,Lower middle income,,,1988,Lower middle income,LMIC
LCA,2015,Upper middle income,No,,2015,Upper middle income,UMIC
LCA,2010,Upper middle income,No,,2010,Upper middle income,UMIC
LCA,2024,Upper middle income,No,,2024,Upper middle income,UMIC
LCA,2023,Upper middle income,No,,2023,Upper middle income,UMIC
LCA,1995,Upper middle income,,,1995,Upper middle income,UMIC
LCA,2013,Upper middle income,No,,2013,Upper middle income,UMIC
LCA,1990,Lower middle income,,,1990,Lower middle income,LMIC
LCA,1992,Upper middle income,,,1992,Upper middle income,UMIC
LCA,2014,Upper middle income,No,,2014,Upper middle income,UMIC
LCA,2018,Upper middle income,No,,2018,Upper middle income,UMIC
LCA,2021,Upper middle income,No,,2021,Upper middle income,UMIC
LCA,2016,Upper middle income,No,,2016,Upper middle income,UMIC
LCA,2003,Upper middle income,No,,2003,Upper middle income,UMIC
LCA,2020,Upper middle income,No,,2020,Upper middle income,UMIC
LCA,1993,Upper middle income,,,1993,Upper middle income,UMIC
LCA,2017,Upper middle income,No,,2017,Upper middle income,UMIC
LCA,2019,Upper middle income,No,,2019,Upper middle income,UMIC
LCA,2000,Upper middle income,No,,2000,Upper middle income,UMIC
LCA,2007,Upper middle income,No,,2007,Upper middle income,UMIC
LCA,1991,Lower middle income,,,1991,Lower middle income,LMIC
LCA,2002,Upper middle income,No,,2002,Upper middle income,UMIC
LCA,2004,Upper middle income,No,,2004,Upper middle income,UMIC
LIE,1988,High income,,,1988,High income,HIC
LIE,2002,High income,No,,2002,High income,HIC
LIE,1990,High income,,,1990,High income,HIC
LIE,1989,High income,,,1989,High income,HIC
LIE,1998,High income,No,,1998,High income,HIC
LIE,2013,High income,No,,2013,High income,HIC
LIE,2015,High income,No,,2015,High income,HIC
LIE,2011,High income,No,,2011,High income,HIC
LIE,2014,High income,No,,2014,High income,HIC
LIE,2017,High income,No,,2017,High income,HIC
LIE,1995,High income,,,1995,High income,HIC
LIE,2005,High income,No,,2005,High income,HIC
LIE,2004,High income,No,,2004,High income,HIC
LIE,2010,High income,No,,2010,High income,HIC
LIE,2024,High income,No,,2024,High income,HIC
LIE,2008,High income,No,,2008,High income,HIC
LIE,2018,High income,No,,2018,High income,HIC
LIE,1997,High income,,,1997,High income,HIC
LIE,2012,High income,No,,2012,High income,HIC
LIE,2022,High income,No,,2022,High income,HIC
LIE,2019,High income,No,,2019,High income,HIC
LIE,1992,High income,,,1992,High income,HIC
LIE,2020,High income,No,,2020,High income,HIC
LIE,2003,High income,No,,2003,High income,HIC
LIE,2007,High income,No,,2007,High income,HIC
LIE,2000,High income,No,,2000,High income,HIC
LIE,1991,High income,,,1991,High income,HIC
LIE,2016,High income,No,,2016,High income,HIC
LIE,2006,High income,No,,2006,High income,HIC
LIE,1994,High income,,,1994,High income,HIC
LIE,1996,High income,,,1996,High income,HIC
LIE,1999,High income,No,,1999,High income,HIC
LIE,2021,High income,No,,2021,High income,HIC
LIE,2009,High income,No,,2009,High income,HIC
LIE,2001,High income,No,,2001,High income,HIC
LIE,1993,High income,,,1993,High income,HIC
LIE,2023,High income,No,,2023,High income,HIC
LIE,1987,High income,,,1987,High income,HIC
LKA,2005,Lower middle income,No,,2005,Lower middle income,LMIC
LKA,2007,Lower middle income,No,,2007,Lower middle income,LMIC
LKA,2016,Lower middle income,No,,2016,Lower middle income,LMIC
LKA,2024,Lower middle income,No,,2024,Lower middle income,LMIC
LKA,2015,Lower middle income,No,,2015,Lower middle income,LMIC
LKA,2004,Lower middle income,No,,2004,Lower middle income,LMIC
LKA,2006,Lower middle income,No,,2006,Lower middle income,LMIC
LKA,1992,Low income,,,1992,Low income,LIC
LKA,1999,Lower middle income,No,,1999,Lower middle income,LMIC
LKA,1995,Low income,,,1995,Low income,LIC
LKA,1993,Low income,,,1993,Low income,LIC
LKA,2002,Lower middle income,No,,2002,Lower middle income,LMIC
LKA,2021,Lower middle income,No,,2021,Lower middle income,LMIC
LKA,1989,Low income,,,1989,Low income,LIC
LKA,1991,Low income,,,1991,Low income,LIC
LKA,2008,Lower middle income,No,,2008,Lower middle income,LMIC
LKA,2010,Lower middle income,No,,2010,Lower middle income,LMIC
LKA,1987,Low income,,,1987,Low income,LIC
LKA,2003,Lower middle income,No,,2003,Lower middle income,LMIC
LKA,2012,Lower middle income,No,,2012,Lower middle income,LMIC
LKA,2018,Upper middle income,No,,2018,Upper middle income,UMIC
LKA,2014,Lower middle income,No,,2014,Lower middle income,LMIC
LKA,2023,Lower middle income,No,,2023,Lower middle income,LMIC
LKA,1996,Low income,,,1996,Low income,LIC
LKA,2020,Lower middle income,No,,2020,Lower middle income,LMIC
LKA,2022,Lower middle income,No,,2022,Lower middle income,LMIC
LKA,2019,Lower middle income,No,,2019,Lower middle income,LMIC
LKA,1990,Low income,,,1990,Low income,LIC
LKA,2001,Lower middle income,No,,2001,Lower middle income,LMIC
LKA,1998,Lower middle income,No,,1998,Lower middle income,LMIC
LKA,2017,Lower middle income,No,,2017,Lower middle income,LMIC
LKA,1994,Low income,,,1994,Low income,LIC
LKA,1997,Lower middle income,,,1997,Lower middle income,LMIC
LKA,1988,Low income,,,1988,Low income,LIC
LKA,2000,Lower middle income,No,,2000,Lower middle income,LMIC
LKA,2009,Lower middle income,No,,2009,Lower middle income,LMIC
LKA,2013,Lower middle income,No,,2013,Lower middle income,LMIC
LKA,2011,Lower middle income,No,,2011,Lower middle income,LMIC
LSO,1998,Low income,No,Eastern and Southern Africa,1998,Low income,LIC
LSO,2018,Lower middle income,No,Eastern and Southern Africa,2018,Lower middle income,LMIC
LSO,2005,Lower middle income,No,Eastern and Southern Africa,2005,Lower middle income,LMIC
LSO,1988,Low income,,Eastern and Southern Africa,1988,Low income,LIC
LSO,2014,Lower middle income,No,Eastern and Southern Africa,2014,Lower middle income,LMIC
LSO,2019,Lower middle income,No,Eastern and Southern Africa,2019,Lower middle income,LMIC
LSO,2022,Lower middle income,No,Eastern and Southern Africa,2022,Lower middle income,LMIC
LSO,2000,Low income,No,Eastern and Southern Africa,2000,Low income,LIC
LSO,1994,Low income,,Eastern and Southern Africa,1994,Low income,LIC
LSO,1992,Low income,,Eastern and Southern Africa,1992,Low income,LIC
LSO,2012,Lower middle income,No,Eastern and Southern Africa,2012,Lower middle income,LMIC
LSO,1993,Low income,,Eastern and Southern Africa,1993,Low income,LIC
LSO,2003,Low income,No,Eastern and Southern Africa,2003,Low income,LIC
LSO,2023,Lower middle income,No,Eastern and Southern Africa,2023,Lower middle income,LMIC
LSO,2024,Lower middle income,No,Eastern and Southern Africa,2024,Lower middle income,LMIC
LSO,2013,Lower middle income,No,Eastern and Southern Africa,2013,Lower middle income,LMIC
LSO,2001,Low income,No,Eastern and Southern Africa,2001,Low income,LIC
LSO,2002,Low income,No,Eastern and Southern Africa,2002,Low income,LIC
LSO,2010,Lower middle income,No,Eastern and Southern Africa,2010,Lower middle income,LMIC
LSO,2015,Lower middle income,No,Eastern and Southern Africa,2015,Lower middle income,LMIC
LSO,2016,Lower middle income,No,Eastern and Southern Africa,2016,Lower middle income,LMIC
LSO,2007,Lower middle income,No,Eastern and Southern Africa,2007,Lower middle income,LMIC
LSO,2020,Lower middle income,No,Eastern and Southern Africa,2020,Lower middle income,LMIC
LSO,1995,Lower middle income,,Eastern and Southern Africa,1995,Lower middle income,LMIC
LSO,1991,Low income,,Eastern and Southern Africa,1991,Low income,LIC
LSO,1989,Low income,,Eastern and Southern Africa,1989,Low income,LIC
LSO,2008,Lower middle income,No,Eastern and Southern Africa,2008,Lower middle income,LMIC
LSO,2017,Lower middle income,No,Eastern and Southern Africa,2017,Lower middle income,LMIC
LSO,2004,Low income,No,Eastern and Southern Africa,2004,Low income,LIC
LSO,2011,Lower middle income,No,Eastern and Southern Africa,2011,Lower middle income,LMIC
LSO,1990,Low income,,Eastern and Southern Africa,1990,Low income,LIC
LSO,2006,Lower middle income,No,Eastern and Southern Africa,2006,Lower middle income,LMIC
LSO,1999,Low income,No,Eastern and Southern Africa,1999,Low income,LIC
LSO,1987,Low income,,Eastern and Southern Africa,1987,Low income,LIC
LSO,2009,Lower middle income,No,Eastern and Southern Africa,2009,Lower middle income,LMIC
LSO,2021,Lower middle income,No,Eastern and Southern Africa,2021,Lower middle income,LMIC
LSO,1996,Low income,,Eastern and Southern Africa,1996,Low income,LIC
LTU,1993,Lower middle income,,,1993,Lower middle income,LMIC
LTU,1995,Lower middle income,,,1995,Lower middle income,LMIC
LTU,2023,High income,No,,2023,High income,HIC
LTU,2009,Upper middle income,No,,2009,Upper middle income,UMIC
LTU,2018,High income,No,,2018,High income,HIC
LTU,2012,High income,No,,2012,High income,HIC
LTU,1999,Lower middle income,No,,1999,Lower middle income,LMIC
LTU,1994,Lower middle income,,,1994,Lower middle income,LMIC
LTU,2007,Upper middle income,No,,2007,Upper middle income,UMIC
LTU,2020,High income,No,,2020,High income,HIC
LTU,2001,Upper middle income,No,,2001,Upper middle income,UMIC
LTU,2005,Upper middle income,No,,2005,Upper middle income,UMIC
LTU,2015,High income,No,,2015,High income,HIC
LTU,1990,Upper middle income,,,1990,Upper middle income,UMIC
LTU,2024,High income,No,,2024,High income,HIC
LTU,2004,Upper middle income,No,,2004,Upper middle income,UMIC
LTU,2022,High income,No,,2022,High income,HIC
LTU,2017,High income,No,,2017,High income,HIC
LTU,1996,Lower middle income,,,1996,Lower middle income,LMIC
LTU,1992,Lower middle income,,,1992,Lower middle income,LMIC
LTU,1991,Upper middle income,,,1991,Upper middle income,UMIC
LTU,1989,Upper middle income,,,1989,Upper middle income,UMIC
LTU,2019,High income,No,,2019,High income,HIC
LTU,2010,Upper middle income,No,,2010,Upper middle income,UMIC
LTU,2016,High income,No,,2016,High income,HIC
LTU,1997,Lower middle income,,,1997,Lower middle income,LMIC
LTU,2000,Lower middle income,No,,2000,Lower middle income,LMIC
LTU,2008,Upper middle income,No,,2008,Upper middle income,UMIC
LTU,1988,Upper middle income,,,1988,Upper middle income,UMIC
LTU,2002,Upper middle income,No,,2002,Upper middle income,UMIC
LTU,2003,Upper middle income,No,,2003,Upper middle income,UMIC
LTU,2021,High income,No,,2021,High income,HIC
LTU,1998,Lower middle income,No,,1998,Lower middle income,LMIC
LTU,2014,High income,No,,2014,High income,HIC
LTU,2013,High income,No,,2013,High income,HIC
LTU,2011,Upper middle income,No,,2011,Upper middle income,UMIC
LTU,2006,Upper middle income,No,,2006,Upper middle income,UMIC
LTU,1987,Upper middle income,,,1987,Upper middle income,UMIC
LUX,1999,High income,No,,1999,High income,HIC
LUX,2022,High income,No,,2022,High income,HIC
LUX,2003,High income,No,,2003,High income,HIC
LUX,2006,High income,No,,2006,High income,HIC
LUX,2007,High income,No,,2007,High income,HIC
LUX,1990,High income,,,1990,High income,HIC
LUX,2005,High income,No,,2005,High income,HIC
LUX,1989,High income,,,1989,High income,HIC
LUX,2024,High income,No,,2024,High income,HIC
LUX,2018,High income,No,,2018,High income,HIC
LUX,1993,High income,,,1993,High income,HIC
LUX,2010,High income,No,,2010,High income,HIC
LUX,2021,High income,No,,2021,High income,HIC
LUX,2008,High income,No,,2008,High income,HIC
LUX,2019,High income,No,,2019,High income,HIC
LUX,2017,High income,No,,2017,High income,HIC
LUX,1997,High income,,,1997,High income,HIC
LUX,2014,High income,No,,2014,High income,HIC
LUX,2013,High income,No,,2013,High income,HIC
LUX,2012,High income,No,,2012,High income,HIC
LUX,2011,High income,No,,2011,High income,HIC
LUX,1991,High income,,,1991,High income,HIC
LUX,2009,High income,No,,2009,High income,HIC
LUX,2001,High income,No,,2001,High income,HIC
LUX,1998,High income,No,,1998,High income,HIC
LUX,2015,High income,No,,2015,High income,HIC
LUX,1988,High income,,,1988,High income,HIC
LUX,2004,High income,No,,2004,High income,HIC
LUX,2020,High income,No,,2020,High income,HIC
LUX,1995,High income,,,1995,High income,HIC
LUX,1996,High income,,,1996,High income,HIC
LUX,2023,High income,No,,2023,High income,HIC
LUX,1992,High income,,,1992,High income,HIC
LUX,1987,High income,,,1987,High income,HIC
LUX,2002,High income,No,,2002,High income,HIC
LUX,2016,High income,No,,2016,High income,HIC
LUX,1994,High income,,,1994,High income,HIC
LUX,2000,High income,No,,2000,High income,HIC
LVA,1994,Lower middle income,,,1994,Lower middle income,LMIC
LVA,1997,Lower middle income,,,1997,Lower middle income,LMIC
LVA,2014,High income,No,,2014,High income,HIC
LVA,1988,Upper middle income,,,1988,Upper middle income,UMIC
LVA,2000,Lower middle income,No,,2000,Lower middle income,LMIC
LVA,2020,High income,No,,2020,High income,HIC
LVA,2024,High income,No,,2024,High income,HIC
LVA,2011,Upper middle income,No,,2011,Upper middle income,UMIC
LVA,2007,Upper middle income,No,,2007,Upper middle income,UMIC
LVA,2023,High income,No,,2023,High income,HIC
LVA,1998,Lower middle income,No,,1998,Lower middle income,LMIC
LVA,1990,Upper middle income,,,1990,Upper middle income,UMIC
LVA,2015,High income,No,,2015,High income,HIC
LVA,2012,High income,No,,2012,High income,HIC
LVA,1989,Upper middle income,,,1989,Upper middle income,UMIC
LVA,2005,Upper middle income,No,,2005,Upper middle income,UMIC
LVA,2017,High income,No,,2017,High income,HIC
LVA,2009,High income,No,,2009,High income,HIC
LVA,2018,High income,No,,2018,High income,HIC
LVA,2021,High income,No,,2021,High income,HIC
LVA,2002,Upper middle income,No,,2002,Upper middle income,UMIC
LVA,2013,High income,No,,2013,High income,HIC
LVA,1992,Lower middle income,,,1992,Lower middle income,LMIC
LVA,2022,High income,No,,2022,High income,HIC
LVA,2008,Upper middle income,No,,2008,Upper middle income,UMIC
LVA,2004,Upper middle income,No,,2004,Upper middle income,UMIC
LVA,1993,Lower middle income,,,1993,Lower middle income,LMIC
LVA,1999,Lower middle income,No,,1999,Lower middle income,LMIC
LVA,1991,Upper middle income,,,1991,Upper middle income,UMIC
LVA,2016,High income,No,,2016,High income,HIC
LVA,2010,Upper middle income,No,,2010,Upper middle income,UMIC
LVA,2006,Upper middle income,No,,2006,Upper middle income,UMIC
LVA,2003,Upper middle income,No,,2003,Upper middle income,UMIC
LVA,1996,Lower middle income,,,1996,Lower middle income,LMIC
LVA,2019,High income,No,,2019,High income,HIC
LVA,1995,Lower middle income,,,1995,Lower middle income,LMIC
LVA,2001,Upper middle income,No,,2001,Upper middle income,UMIC
LVA,1987,Upper middle income,,,1987,Upper middle income,UMIC
MAC,2002,High income,No,,2002,High income,HIC
MAC,2009,High income,No,,2009,High income,HIC
MAC,2019,High income,No,,2019,High income,HIC
MAC,2021,High income,No,,2021,High income,HIC
MAC,2022,High income,No,,2022,High income,HIC
MAC,2006,High income,No,,2006,High income,HIC
MAC,2010,High income,No,,2010,High income,HIC
MAC,1990,Upper middle income,,,1990,Upper middle income,UMIC
MAC,2012,High income,No,,2012,High income,HIC
MAC,1994,High income,,,1994,High income,HIC
MAC,1991,Upper middle income,,,1991,Upper middle income,UMIC
MAC,2018,High income,No,,2018,High income,HIC
MAC,1989,Upper middle income,,,1989,Upper middle income,UMIC
MAC,1996,High income,,,1996,High income,HIC
MAC,2016,High income,No,,2016,High income,HIC
MAC,1999,High income,No,,1999,High income,HIC
MAC,1995,High income,,,1995,High income,HIC
MAC,2005,High income,No,,2005,High income,HIC
MAC,2011,High income,No,,2011,High income,HIC
MAC,2017,High income,No,,2017,High income,HIC
MAC,2000,High income,No,,2000,High income,HIC
MAC,2023,High income,No,,2023,High income,HIC
MAC,1997,High income,,,1997,High income,HIC
MAC,1988,Upper middle income,,,1988,Upper middle income,UMIC
MAC,1993,Upper middle income,,,1993,Upper middle income,UMIC
MAC,1992,Upper middle income,,,1992,Upper middle income,UMIC
MAC,2020,High income,No,,2020,High income,HIC
MAC,2007,High income,No,,2007,High income,HIC
MAC,2015,High income,No,,2015,High income,HIC
MAC,2013,High income,No,,2013,High income,HIC
MAC,2008,High income,No,,2008,High income,HIC
MAC,2004,High income,No,,2004,High income,HIC
MAC,2001,High income,No,,2001,High income,HIC
MAC,2024,High income,No,,2024,High income,HIC
MAC,1987,Upper middle income,,,1987,Upper middle income,UMIC
MAC,2014,High income,No,,2014,High income,HIC
MAC,2003,High income,No,,2003,High income,HIC
MAC,1998,High income,No,,1998,High income,HIC
MAF,2016,High income,No,,2016,High income,HIC
MAF,2008,High income,No,,2008,High income,HIC
MAF,2001,High income,No,,2001,High income,HIC
MAF,2004,High income,No,,2004,High income,HIC
MAF,1990,High income,,,1990,High income,HIC
MAF,1991,High income,,,1991,High income,HIC
MAF,1994,High income,,,1994,High income,HIC
MAF,2007,High income,No,,2007,High income,HIC
MAF,2006,High income,No,,2006,High income,HIC
MAF,1993,High income,,,1993,High income,HIC
MAF,1997,High income,,,1997,High income,HIC
MAF,2009,High income,No,,2009,High income,HIC
MAF,1987,High income,,,1987,High income,HIC
MAF,1988,High income,,,1988,High income,HIC
MAF,2003,High income,No,,2003,High income,HIC
MAF,2012,High income,No,,2012,High income,HIC
MAF,2021,High income,No,,2021,High income,HIC
MAF,2023,High income,No,,2023,High income,HIC
MAF,2010,High income,No,,2010,High income,HIC
MAF,2024,High income,No,,2024,High income,HIC
MAF,2022,High income,No,,2022,High income,HIC
MAF,1992,High income,,,1992,High income,HIC
MAF,2011,High income,No,,2011,High income,HIC
MAF,2000,High income,No,,2000,High income,HIC
MAF,2019,High income,No,,2019,High income,HIC
MAF,1996,High income,,,1996,High income,HIC
MAF,2015,High income,No,,2015,High income,HIC
MAF,2018,High income,No,,2018,High income,HIC
MAF,1999,High income,No,,1999,High income,HIC
MAF,2020,High income,No,,2020,High income,HIC
MAF,1989,High income,,,1989,High income,HIC
MAF,2013,High income,No,,2013,High income,HIC
MAF,2014,High income,No,,2014,High income,HIC
MAF,2002,High income,No,,2002,High income,HIC
MAF,1995,High income,,,1995,High income,HIC
MAF,2005,High income,No,,2005,High income,HIC
MAF,2017,High income,No,,2017,High income,HIC
MAF,1998,High income,No,,1998,High income,HIC
MAR,2001,Lower middle income,No,,2001,Lower middle income,LMIC
MAR,2002,Lower middle income,No,,2002,Lower middle income,LMIC
MAR,2011,Lower middle income,No,,2011,Lower middle income,LMIC
MAR,1998,Lower middle income,No,,1998,Lower middle income,LMIC
MAR,1988,Lower middle income,,,1988,Lower middle income,LMIC
MAR,2016,Lower middle income,No,,2016,Lower middle income,LMIC
MAR,2020,Lower middle income,No,,2020,Lower middle income,LMIC
MAR,2024,Lower middle income,No,,2024,Lower middle income,LMIC
MAR,1989,Lower middle income,,,1989,Lower middle income,LMIC
MAR,2006,Lower middle income,No,,2006,Lower middle income,LMIC
MAR,1993,Lower middle income,,,1993,Lower middle income,LMIC
MAR,2018,Lower middle income,No,,2018,Lower middle income,LMIC
MAR,1992,Lower middle income,,,1992,Lower middle income,LMIC
MAR,2007,Lower middle income,No,,2007,Lower middle income,LMIC
MAR,2008,Lower middle income,No,,2008,Lower middle income,LMIC
MAR,1991,Lower middle income,,,1991,Lower middle income,LMIC
MAR,2009,Lower middle income,No,,2009,Lower middle income,LMIC
MAR,1990,Lower middle income,,,1990,Lower middle income,LMIC
MAR,2012,Lower middle income,No,,2012,Lower middle income,LMIC
MAR,2000,Lower middle income,No,,2000,Lower middle income,LMIC
MAR,2005,Lower middle income,No,,2005,Lower middle income,LMIC
MAR,1996,Lower middle income,,,1996,Lower middle income,LMIC
MAR,2017,Lower middle income,No,,2017,Lower middle income,LMIC
MAR,1994,Lower middle income,,,1994,Lower middle income,LMIC
MAR,2019,Lower middle income,No,,2019,Lower middle income,LMIC
MAR,2014,Lower middle income,No,,2014,Lower middle income,LMIC
MAR,2021,Lower middle income,No,,2021,Lower middle income,LMIC
MAR,2015,Lower middle income,No,,2015,Lower middle income,LMIC
MAR,2013,Lower middle income,No,,2013,Lower middle income,LMIC
MAR,2022,Lower middle income,No,,2022,Lower middle income,LMIC
MAR,1999,Lower middle income,No,,1999,Lower middle income,LMIC
MAR,1997,Lower middle income,,,1997,Lower middle income,LMIC
MAR,2003,Lower middle income,No,,2003,Lower middle income,LMIC
MAR,2023,Lower middle income,No,,2023,Lower middle income,LMIC
MAR,1987,Lower middle income,,,1987,Lower middle income,LMIC
MAR,2004,Lower middle income,No,,2004,Lower middle income,LMIC
MAR,2010,Lower middle income,No,,2010,Lower middle income,LMIC
MAR,1995,Lower middle income,,,1995,Lower middle income,LMIC
MCO,2003,High income,No,,2003,High income,HIC
MCO,2015,High income,No,,2015,High income,HIC
MCO,2005,High income,No,,2005,High income,HIC
MCO,2016,High income,No,,2016,High income,HIC
MCO,2024,High income,No,,2024,High income,HIC
MCO,1987,High income,,,1987,High income,HIC
MCO,2011,High income,No,,2011,High income,HIC
MCO,1988,High income,,,1988,High income,HIC
MCO,2013,High income,No,,2013,High income,HIC
MCO,2023,High income,No,,2023,High income,HIC
MCO,1998,High income,No,,1998,High income,HIC
MCO,2004,High income,No,,2004,High income,HIC
MCO,1997,High income,,,1997,High income,HIC
MCO,2019,High income,No,,2019,High income,HIC
MCO,2018,High income,No,,2018,High income,HIC
MCO,1989,High income,,,1989,High income,HIC
MCO,1993,High income,,,1993,High income,HIC
MCO,2017,High income,No,,2017,High income,HIC
MCO,2009,High income,No,,2009,High income,HIC
MCO,1999,High income,No,,1999,High income,HIC
MCO,1996,High income,,,1996,High income,HIC
MCO,2001,High income,No,,2001,High income,HIC
MCO,2012,High income,No,,2012,High income,HIC
MCO,2007,High income,No,,2007,High income,HIC
MCO,1994,High income,,,1994,High income,HIC
MCO,1990,High income,,,1990,High income,HIC
MCO,1992,High income,,,1992,High income,HIC
MCO,2006,High income,No,,2006,High income,HIC
MCO,2002,High income,No,,2002,High income,HIC
MCO,2000,High income,No,,2000,High income,HIC
MCO,2021,High income,No,,2021,High income,HIC
MCO,2022,High income,No,,2022,High income,HIC
MCO,1995,High income,,,1995,High income,HIC
MCO,2008,High income,No,,2008,High income,HIC
MCO,2010,High income,No,,2010,High income,HIC
MCO,1991,High income,,,1991,High income,HIC
MCO,2014,High income,No,,2014,High income,HIC
MCO,2020,High income,No,,2020,High income,HIC
MDA,2022,Upper middle income,No,,2022,Upper middle income,UMIC
MDA,2005,Lower middle income,No,,2005,Lower middle income,LMIC
MDA,2012,Lower middle income,No,,2012,Lower middle income,LMIC
MDA,2017,Lower middle income,No,,2017,Lower middle income,LMIC
MDA,2013,Lower middle income,No,,2013,Lower middle income,LMIC
MDA,2018,Lower middle income,No,,2018,Lower middle income,LMIC
MDA,1997,Low income,,,1997,Low income,LIC
MDA,1987,Lower middle income,,,1987,Lower middle income,LMIC
MDA,1988,Lower middle income,,,1988,Lower middle income,LMIC
MDA,2004,Low income,No,,2004,Low income,LIC
MDA,2015,Lower middle income,No,,2015,Lower middle income,LMIC
MDA,2020,Upper middle income,No,,2020,Upper middle income,UMIC
MDA,2003,Low income,No,,2003,Low income,LIC
MDA,2000,Low income,No,,2000,Low income,LIC
MDA,2001,Low income,No,,2001,Low income,LIC
MDA,1998,Low income,No,,1998,Low income,LIC
MDA,2010,Lower middle income,No,,2010,Lower middle income,LMIC
MDA,1996,Low income,,,1996,Low income,LIC
MDA,1994,Lower middle income,,,1994,Lower middle income,LMIC
MDA,1992,Lower middle income,,,1992,Lower middle income,LMIC
MDA,1989,Lower middle income,,,1989,Lower middle income,LMIC
MDA,2016,Lower middle income,No,,2016,Lower middle income,LMIC
MDA,2023,Upper middle income,No,,2023,Upper middle income,UMIC
MDA,1991,Lower middle income,,,1991,Lower middle income,LMIC
MDA,2006,Lower middle income,No,,2006,Lower middle income,LMIC
MDA,2019,Lower middle income,No,,2019,Lower middle income,LMIC
MDA,1993,Lower middle income,,,1993,Lower middle income,LMIC
MDA,2009,Lower middle income,No,,2009,Lower middle income,LMIC
MDA,2011,Lower middle income,No,,2011,Lower middle income,LMIC
MDA,2014,Lower middle income,No,,2014,Lower middle income,LMIC
MDA,2021,Upper middle income,No,,2021,Upper middle income,UMIC
MDA,2008,Lower middle income,No,,2008,Lower middle income,LMIC
MDA,2002,Low income,No,,2002,Low income,LIC
MDA,1999,Low income,No,,1999,Low income,LIC
MDA,1995,Lower middle income,,,1995,Lower middle income,LMIC
MDA,2024,Upper middle income,No,,2024,Upper middle income,UMIC
MDA,2007,Lower middle income,No,,2007,Lower middle income,LMIC
MDA,1990,Lower middle income,,,1990,Lower middle income,LMIC
MDG,2016,Low income,No,Eastern and Southern Africa,2016,Low income,LIC
MDG,1998,Low income,No,Eastern and Southern Africa,1998,Low income,LIC
MDG,2007,Low income,No,Eastern and Southern Africa,2007,Low income,LIC
MDG,2003,Low income,No,Eastern and Southern Africa,2003,Low income,LIC
MDG,2005,Low income,No,Eastern and Southern Africa,2005,Low income,LIC
MDG,1999,Low income,No,Eastern and Southern Africa,1999,Low income,LIC
MDG,2008,Low income,No,Eastern and Southern Africa,2008,Low income,LIC
MDG,2022,Low income,No,Eastern and Southern Africa,2022,Low income,LIC
MDG,1992,Low income,,Eastern and Southern Africa,1992,Low income,LIC
MDG,1991,Low income,,Eastern and Southern Africa,1991,Low income,LIC
MDG,2004,Low income,No,Eastern and Southern Africa,2004,Low income,LIC
MDG,1990,Low income,,Eastern and Southern Africa,1990,Low income,LIC
MDG,1987,Low income,,Eastern and Southern Africa,1987,Low income,LIC
MDG,2011,Low income,No,Eastern and Southern Africa,2011,Low income,LIC
MDG,2010,Low income,No,Eastern and Southern Africa,2010,Low income,LIC
MDG,1994,Low income,,Eastern and Southern Africa,1994,Low income,LIC
MDG,2021,Low income,No,Eastern and Southern Africa,2021,Low income,LIC
MDG,2013,Low income,Yes,Eastern and Southern Africa,2013,Low income,LIC
MDG,1997,Low income,,Eastern and Southern Africa,1997,Low income,LIC
MDG,2009,Low income,No,Eastern and Southern Africa,2009,Low income,LIC
MDG,2012,Low income,Yes,Eastern and Southern Africa,2012,Low income,LIC
MDG,1989,Low income,,Eastern and Southern Africa,1989,Low income,LIC
MDG,2015,Low income,Yes,Eastern and Southern Africa,2015,Low income,LIC
MDG,2001,Low income,No,Eastern and Southern Africa,2001,Low income,LIC
MDG,2020,Low income,No,Eastern and Southern Africa,2020,Low income,LIC
MDG,1995,Low income,,Eastern and Southern Africa,1995,Low income,LIC
MDG,1993,Low income,,Eastern and Southern Africa,1993,Low income,LIC
MDG,1996,Low income,,Eastern and Southern Africa,1996,Low income,LIC
MDG,2002,Low income,No,Eastern and Southern Africa,2002,Low income,LIC
MDG,2018,Low income,No,Eastern and Southern Africa,2018,Low income,LIC
MDG,2014,Low income,Yes,Eastern and Southern Africa,2014,Low income,LIC
MDG,2017,Low income,No,Eastern and Southern Africa,2017,Low income,LIC
MDG,2024,Low income,No,Eastern and Southern Africa,2024,Low income,LIC
MDG,1988,Low income,,Eastern and Southern Africa,1988,Low income,LIC
MDG,2000,Low income,No,Eastern and Southern Africa,2000,Low income,LIC
MDG,2006,Low income,No,Eastern and Southern Africa,2006,Low income,LIC
MDG,2023,Low income,No,Eastern and Southern Africa,2023,Low income,LIC
MDV,2019,Upper middle income,No,,2019,Upper middle income,UMIC
MDV,1991,Low income,,,1991,Low income,LIC
MDV,2014,Upper middle income,No,,2014,Upper middle income,UMIC
MDV,2007,Lower middle income,No,,2007,Lower middle income,LMIC
MDV,1987,Low income,,,1987,Low income,LIC
MDV,2020,Upper middle income,No,,2020,Upper middle income,UMIC
MDV,2009,Lower middle income,No,,2009,Lower middle income,LMIC
MDV,1999,Lower middle income,No,,1999,Lower middle income,LMIC
MDV,1997,Lower middle income,,,1997,Lower middle income,LMIC
MDV,1994,Lower middle income,,,1994,Lower middle income,LMIC
MDV,2006,Lower middle income,No,,2006,Lower middle income,LMIC
MDV,2000,Lower middle income,No,,2000,Lower middle income,LMIC
MDV,1990,Low income,,,1990,Low income,LIC
MDV,2022,Upper middle income,No,,2022,Upper middle income,UMIC
MDV,2008,Lower middle income,No,,2008,Lower middle income,LMIC
MDV,2023,Upper middle income,No,,2023,Upper middle income,UMIC
MDV,2016,Upper middle income,No,,2016,Upper middle income,UMIC
MDV,1989,Low income,,,1989,Low income,LIC
MDV,2002,Lower middle income,No,,2002,Lower middle income,LMIC
MDV,2010,Upper middle income,No,,2010,Upper middle income,UMIC
MDV,1993,Lower middle income,,,1993,Lower middle income,LMIC
MDV,2024,Upper middle income,No,,2024,Upper middle income,UMIC
MDV,2012,Upper middle income,No,,2012,Upper middle income,UMIC
MDV,1998,Lower middle income,No,,1998,Lower middle income,LMIC
MDV,1992,Low income,,,1992,Low income,LIC
MDV,2001,Lower middle income,No,,2001,Lower middle income,LMIC
MDV,1988,Low income,,,1988,Low income,LIC
MDV,2003,Lower middle income,No,,2003,Lower middle income,LMIC
MDV,2011,Upper middle income,No,,2011,Upper middle income,UMIC
MDV,2004,Lower middle income,No,,2004,Lower middle income,LMIC
MDV,1996,Lower middle income,,,1996,Lower middle income,LMIC
MDV,2015,Upper middle income,No,,2015,Upper middle income,UMIC
MDV,2018,Upper middle income,No,,2018,Upper middle income,UMIC
MDV,2021,Upper middle income,No,,2021,Upper middle income,UMIC
MDV,2005,Lower middle income,No,,2005,Lower middle income,LMIC
MDV,2017,Upper middle income,No,,2017,Upper middle income,UMIC
MDV,1995,Lower middle income,,,1995,Lower middle income,LMIC
MDV,2013,Upper middle income,No,,2013,Upper middle income,UMIC
MEX,1987,Lower middle income,,,1987,Lower middle income,LMIC
MEX,2012,Upper middle income,No,,2012,Upper middle income,UMIC
MEX,1995,Upper middle income,,,1995,Upper middle income,UMIC
MEX,2011,Upper middle income,No,,2011,Upper middle income,UMIC
MEX,2001,Upper middle income,No,,2001,Upper middle income,UMIC
MEX,2015,Upper middle income,No,,2015,Upper middle income,UMIC
MEX,2000,Upper middle income,No,,2000,Upper middle income,UMIC
MEX,2014,Upper middle income,No,,2014,Upper middle income,UMIC
MEX,1992,Upper middle income,,,1992,Upper middle income,UMIC
MEX,1988,Lower middle income,,,1988,Lower middle income,LMIC
MEX,2021,Upper middle income,No,,2021,Upper middle income,UMIC
MEX,2022,Upper middle income,No,,2022,Upper middle income,UMIC
MEX,1990,Upper middle income,,,1990,Upper middle income,UMIC
MEX,2018,Upper middle income,No,,2018,Upper middle income,UMIC
MEX,2003,Upper middle income,No,,2003,Upper middle income,UMIC
MEX,1996,Upper middle income,,,1996,Upper middle income,UMIC
MEX,1994,Upper middle income,,,1994,Upper middle income,UMIC
MEX,1993,Upper middle income,,,1993,Upper middle income,UMIC
MEX,1989,Lower middle income,,,1989,Lower middle income,LMIC
MEX,2023,Upper middle income,No,,2023,Upper middle income,UMIC
MEX,1991,Upper middle income,,,1991,Upper middle income,UMIC
MEX,2019,Upper middle income,No,,2019,Upper middle income,UMIC
MEX,2024,Upper middle income,No,,2024,Upper middle income,UMIC
MEX,2009,Upper middle income,No,,2009,Upper middle income,UMIC
MEX,2006,Upper middle income,No,,2006,Upper middle income,UMIC
MEX,2017,Upper middle income,No,,2017,Upper middle income,UMIC
MEX,2016,Upper middle income,No,,2016,Upper middle income,UMIC
MEX,2007,Upper middle income,No,,2007,Upper middle income,UMIC
MEX,2005,Upper middle income,No,,2005,Upper middle income,UMIC
MEX,1997,Upper middle income,,,1997,Upper middle income,UMIC
MEX,1999,Upper middle income,No,,1999,Upper middle income,UMIC
MEX,2020,Upper middle income,No,,2020,Upper middle income,UMIC
MEX,2002,Upper middle income,No,,2002,Upper middle income,UMIC
MEX,2008,Upper middle income,No,,2008,Upper middle income,UMIC
MEX,1998,Upper middle income,No,,1998,Upper middle income,UMIC
MEX,2010,Upper middle income,No,,2010,Upper middle income,UMIC
MEX,2013,Upper middle income,No,,2013,Upper middle income,UMIC
MEX,2004,Upper middle income,No,,2004,Upper middle income,UMIC
MHL,1998,Lower middle income,No,,1998,Lower middle income,LMIC
MHL,2010,Lower middle income,Yes,,2010,Lower middle income,LMIC
MHL,1988,Lower middle income,,,1988,Lower middle income,LMIC
MHL,2019,Upper middle income,Yes,,2019,Upper middle income,UMIC
MHL,2000,Lower middle income,No,,2000,Lower middle income,LMIC
MHL,2006,Lower middle income,No,,2006,Lower middle income,LMIC
MHL,2018,Upper middle income,Yes,,2018,Upper middle income,UMIC
MHL,1999,Lower middle income,No,,1999,Lower middle income,LMIC
MHL,1987,Lower middle income,,,1987,Lower middle income,LMIC
MHL,2003,Lower middle income,No,,2003,Lower middle income,LMIC
MHL,2005,Lower middle income,No,,2005,Lower middle income,LMIC
MHL,2017,Upper middle income,Yes,,2017,Upper middle income,UMIC
MHL,2015,Upper middle income,Yes,,2015,Upper middle income,UMIC
MHL,1990,Lower middle income,,,1990,Lower middle income,LMIC
MHL,2020,Upper middle income,Yes,,2020,Upper middle income,UMIC
MHL,1994,Lower middle income,,,1994,Lower middle income,LMIC
MHL,1992,Lower middle income,,,1992,Lower middle income,LMIC
MHL,2002,Lower middle income,No,,2002,Lower middle income,LMIC
MHL,2009,Lower middle income,No,,2009,Lower middle income,LMIC
MHL,2022,Upper middle income,Yes,,2022,Upper middle income,UMIC
MHL,2021,Upper middle income,Yes,,2021,Upper middle income,UMIC
MHL,2013,Upper middle income,Yes,,2013,Upper middle income,UMIC
MHL,2012,Upper middle income,Yes,,2012,Upper middle income,UMIC
MHL,2014,Upper middle income,Yes,,2014,Upper middle income,UMIC
MHL,2016,Upper middle income,Yes,,2016,Upper middle income,UMIC
MHL,2001,Lower middle income,No,,2001,Lower middle income,LMIC
MHL,2023,Upper middle income,Yes,,2023,Upper middle income,UMIC
MHL,1993,Lower middle income,,,1993,Lower middle income,LMIC
MHL,2008,Lower middle income,No,,2008,Lower middle income,LMIC
MHL,1996,Lower middle income,,,1996,Lower middle income,LMIC
MHL,1995,Lower middle income,,,1995,Lower middle income,LMIC
MHL,1997,Lower middle income,,,1997,Lower middle income,LMIC
MHL,2007,Lower middle income,No,,2007,Lower middle income,LMIC
MHL,2004,Lower middle income,No,,2004,Lower middle income,LMIC
MHL,2011,Lower middle income,Yes,,2011,Lower middle income,LMIC
MHL,1991,Lower middle income,,,1991,Lower middle income,LMIC
MHL,2024,Upper middle income,Yes,,2024,Upper middle income,UMIC
MHL,1989,Lower middle income,,,1989,Lower middle income,LMIC
MKD,2011,Upper middle income,No,,2011,Upper middle income,UMIC
MKD,2016,Upper middle income,No,,2016,Upper middle income,UMIC
MKD,1998,Lower middle income,No,,1998,Lower middle income,LMIC
MKD,2006,Lower middle income,No,,2006,Lower middle income,LMIC
MKD,2008,Upper middle income,No,,2008,Upper middle income,UMIC
MKD,2018,Upper middle income,No,,2018,Upper middle income,UMIC
MKD,2020,Upper middle income,No,,2020,Upper middle income,UMIC
MKD,2001,Lower middle income,No,,2001,Lower middle income,LMIC
MKD,2015,Upper middle income,No,,2015,Upper middle income,UMIC
MKD,2017,Upper middle income,No,,2017,Upper middle income,UMIC
MKD,2024,Upper middle income,No,,2024,Upper middle income,UMIC
MKD,1989,Upper middle income,,,1989,Upper middle income,UMIC
MKD,2003,Lower middle income,No,,2003,Lower middle income,LMIC
MKD,2000,Lower middle income,No,,2000,Lower middle income,LMIC
MKD,2021,Upper middle income,No,,2021,Upper middle income,UMIC
MKD,2010,Upper middle income,No,,2010,Upper middle income,UMIC
MKD,1990,Upper middle income,,,1990,Upper middle income,UMIC
MKD,2012,Upper middle income,No,,2012,Upper middle income,UMIC
MKD,2005,Lower middle income,No,,2005,Lower middle income,LMIC
MKD,2013,Upper middle income,No,,2013,Upper middle income,UMIC
MKD,1994,Lower middle income,,,1994,Lower middle income,LMIC
MKD,2014,Upper middle income,No,,2014,Upper middle income,UMIC
MKD,1996,Lower middle income,,,1996,Lower middle income,LMIC
MKD,1995,Lower middle income,,,1995,Lower middle income,LMIC
MKD,2004,Lower middle income,No,,2004,Lower middle income,LMIC
MKD,2002,Lower middle income,No,,2002,Lower middle income,LMIC
MKD,1992,Lower middle income,,,1992,Lower middle income,LMIC
MKD,2007,Lower middle income,No,,2007,Lower middle income,LMIC
MKD,1991,Upper middle income,,,1991,Upper middle income,UMIC
MKD,1987,Upper middle income,,,1987,Upper middle income,UMIC
MKD,1997,Lower middle income,,,1997,Lower middle income,LMIC
MKD,2022,Upper middle income,No,,2022,Upper middle income,UMIC
MKD,1988,Upper middle income,,,1988,Upper middle income,UMIC
MKD,2009,Upper middle income,No,,2009,Upper middle income,UMIC
MKD,2023,Upper middle income,No,,2023,Upper middle income,UMIC
MKD,2019,Upper middle income,No,,2019,Upper middle income,UMIC
MKD,1999,Lower middle income,No,,1999,Lower middle income,LMIC
MKD,1993,Lower middle income,,,1993,Lower middle income,LMIC
MLI,1988,Low income,,Western and Central Africa,1988,Low income,LIC
MLI,2015,Low income,Yes,Western and Central Africa,2015,Low income,LIC
MLI,2020,Low income,Yes,Western and Central Africa,2020,Low income,LIC
MLI,1987,Low income,,Western and Central Africa,1987,Low income,LIC
MLI,1992,Low income,,Western and Central Africa,1992,Low income,LIC
MLI,1994,Low income,,Western and Central Africa,1994,Low income,LIC
MLI,2007,Low income,No,Western and Central Africa,2007,Low income,LIC
MLI,1993,Low income,,Western and Central Africa,1993,Low income,LIC
MLI,2021,Low income,Yes,Western and Central Africa,2021,Low income,LIC
MLI,1998,Low income,No,Western and Central Africa,1998,Low income,LIC
MLI,2019,Low income,Yes,Western and Central Africa,2019,Low income,LIC
MLI,2014,Low income,Yes,Western and Central Africa,2014,Low income,LIC
MLI,2012,Low income,Yes,Western and Central Africa,2012,Low income,LIC
MLI,2010,Low income,No,Western and Central Africa,2010,Low income,LIC
MLI,1990,Low income,,Western and Central Africa,1990,Low income,LIC
MLI,1999,Low income,No,Western and Central Africa,1999,Low income,LIC
MLI,2002,Low income,No,Western and Central Africa,2002,Low income,LIC
MLI,1997,Low income,,Western and Central Africa,1997,Low income,LIC
MLI,1991,Low income,,Western and Central Africa,1991,Low income,LIC
MLI,2004,Low income,No,Western and Central Africa,2004,Low income,LIC
MLI,2005,Low income,No,Western and Central Africa,2005,Low income,LIC
MLI,2017,Low income,Yes,Western and Central Africa,2017,Low income,LIC
MLI,2018,Low income,Yes,Western and Central Africa,2018,Low income,LIC
MLI,2001,Low income,No,Western and Central Africa,2001,Low income,LIC
MLI,1996,Low income,,Western and Central Africa,1996,Low income,LIC
MLI,2022,Low income,Yes,Western and Central Africa,2022,Low income,LIC
MLI,2011,Low income,No,Western and Central Africa,2011,Low income,LIC
MLI,2024,Low income,Yes,Western and Central Africa,2024,Low income,LIC
MLI,2009,Low income,No,Western and Central Africa,2009,Low income,LIC
MLI,2016,Low income,Yes,Western and Central Africa,2016,Low income,LIC
MLI,2008,Low income,No,Western and Central Africa,2008,Low income,LIC
MLI,2013,Low income,Yes,Western and Central Africa,2013,Low income,LIC
MLI,1989,Low income,,Western and Central Africa,1989,Low income,LIC
MLI,2006,Low income,No,Western and Central Africa,2006,Low income,LIC
MLI,2000,Low income,No,Western and Central Africa,2000,Low income,LIC
MLI,2003,Low income,No,Western and Central Africa,2003,Low income,LIC
MLI,2023,Low income,Yes,Western and Central Africa,2023,Low income,LIC
MLT,2006,High income,No,,2006,High income,HIC
MLT,2003,High income,No,,2003,High income,HIC
MLT,2020,High income,No,,2020,High income,HIC
MLT,1987,Upper middle income,,,1987,Upper middle income,UMIC
MLT,2017,High income,No,,2017,High income,HIC
MLT,2000,High income,No,,2000,High income,HIC
MLT,2005,High income,No,,2005,High income,HIC
MLT,2007,High income,No,,2007,High income,HIC
MLT,2001,Upper middle income,No,,2001,Upper middle income,UMIC
MLT,1995,Upper middle income,,,1995,Upper middle income,UMIC
MLT,1999,Upper middle income,No,,1999,Upper middle income,UMIC
MLT,2009,High income,No,,2009,High income,HIC
MLT,2011,High income,No,,2011,High income,HIC
MLT,2021,High income,No,,2021,High income,HIC
MLT,2022,High income,No,,2022,High income,HIC
MLT,2016,High income,No,,2016,High income,HIC
MLT,2004,High income,No,,2004,High income,HIC
MLT,2013,High income,No,,2013,High income,HIC
MLT,2019,High income,No,,2019,High income,HIC
MLT,1996,Upper middle income,,,1996,Upper middle income,UMIC
MLT,1990,Upper middle income,,,1990,Upper middle income,UMIC
MLT,2010,High income,No,,2010,High income,HIC
MLT,1998,High income,No,,1998,High income,HIC
MLT,2002,High income,No,,2002,High income,HIC
MLT,2012,High income,No,,2012,High income,HIC
MLT,2015,High income,No,,2015,High income,HIC
MLT,2008,High income,No,,2008,High income,HIC
MLT,1994,Upper middle income,,,1994,Upper middle income,UMIC
MLT,1989,High income,,,1989,High income,HIC
MLT,1991,Upper middle income,,,1991,Upper middle income,UMIC
MLT,1993,Upper middle income,,,1993,Upper middle income,UMIC
MLT,1988,Upper middle income,,,1988,Upper middle income,UMIC
MLT,2023,High income,No,,2023,High income,HIC
MLT,2024,High income,No,,2024,High income,HIC
MLT,1992,Upper middle income,,,1992,Upper middle income,UMIC
MLT,2014,High income,No,,2014,High income,HIC
MLT,2018,High income,No,,2018,High income,HIC
MLT,1997,Upper middle income,,,1997,Upper middle income,UMIC
MMR,2010,Low income,Yes,,2010,Low income,LIC
MMR,2003,Low income,Yes,,2003,Low income,LIC
MMR,1989,Low income,,,1989,Low income,LIC
MMR,2007,Low income,Yes,,2007,Low income,LIC
MMR,2018,Lower middle income,Yes,,2018,Lower middle income,LMIC
MMR,2017,Lower middle income,Yes,,2017,Lower middle income,LMIC
MMR,2001,Low income,Yes,,2001,Low income,LIC
MMR,1987,Low income,,,1987,Low income,LIC
MMR,2020,Lower middle income,Yes,,2020,Lower middle income,LMIC
MMR,2005,Low income,Yes,,2005,Low income,LIC
MMR,2021,Lower middle income,Yes,,2021,Lower middle income,LMIC
MMR,2015,Lower middle income,Yes,,2015,Lower middle income,LMIC
MMR,1988,Low income,,,1988,Low income,LIC
MMR,1992,Low income,,,1992,Low income,LIC
MMR,2024,Lower middle income,Yes,,2024,Lower middle income,LMIC
MMR,1991,Low income,,,1991,Low income,LIC
MMR,1997,Low income,,,1997,Low income,LIC
MMR,1996,Low income,,,1996,Low income,LIC
MMR,2011,Low income,Yes,,2011,Low income,LIC
MMR,1990,Low income,,,1990,Low income,LIC
MMR,1995,Low income,,,1995,Low income,LIC
MMR,1994,Low income,,,1994,Low income,LIC
MMR,2019,Lower middle income,Yes,,2019,Lower middle income,LMIC
MMR,2023,Lower middle income,Yes,,2023,Lower middle income,LMIC
MMR,1993,Low income,,,1993,Low income,LIC
MMR,2004,Low income,Yes,,2004,Low income,LIC
MMR,2009,Low income,Yes,,2009,Low income,LIC
MMR,2016,Lower middle income,Yes,,2016,Lower middle income,LMIC
MMR,2002,Low income,Yes,,2002,Low income,LIC
MMR,2014,Lower middle income,Yes,,2014,Lower middle income,LMIC
MMR,2000,Low income,Yes,,2000,Low income,LIC
MMR,2013,Low income,Yes,,2013,Low income,LIC
MMR,2008,Low income,Yes,,2008,Low income,LIC
MMR,1999,Low income,Yes,,1999,Low income,LIC
MMR,2022,Lower middle income,Yes,,2022,Lower middle income,LMIC
MMR,2012,Low income,Yes,,2012,Low income,LIC
MMR,2006,Low income,Yes,,2006,Low income,LIC
MMR,1998,Low income,Yes,,1998,Low income,LIC
MNE,2005,Lower middle income,No,,2005,Lower middle income,LMIC
MNE,2001,Lower middle income,No,,2001,Lower middle income,LMIC
MNE,1993,Lower middle income,,,1993,Lower middle income,LMIC
MNE,2008,Upper middle income,No,,2008,Upper middle income,UMIC
MNE,2004,Lower middle income,No,,2004,Lower middle income,LMIC
MNE,2013,Upper middle income,No,,2013,Upper middle income,UMIC
MNE,1995,Lower middle income,,,1995,Lower middle income,LMIC
MNE,2017,Upper middle income,No,,2017,Upper middle income,UMIC
MNE,2015,Upper middle income,No,,2015,Upper middle income,UMIC
MNE,1998,Lower middle income,No,,1998,Lower middle income,LMIC
MNE,1987,Upper middle income,,,1987,Upper middle income,UMIC
MNE,2009,Upper middle income,No,,2009,Upper middle income,UMIC
MNE,2012,Upper middle income,No,,2012,Upper middle income,UMIC
MNE,2006,Upper middle income,No,,2006,Upper middle income,UMIC
MNE,2010,Upper middle income,No,,2010,Upper middle income,UMIC
MNE,2016,Upper middle income,No,,2016,Upper middle income,UMIC
MNE,2021,Upper middle income,No,,2021,Upper middle income,UMIC
MNE,2023,Upper middle income,No,,2023,Upper middle income,UMIC
MNE,2002,Lower middle income,No,,2002,Lower middle income,LMIC
MNE,2011,Upper middle income,No,,2011,Upper middle income,UMIC
MNE,2000,Lower middle income,No,,2000,Lower middle income,LMIC
MNE,1997,Lower middle income,,,1997,Lower middle income,LMIC
MNE,1989,Upper middle income,,,1989,Upper middle income,UMIC
MNE,2024,Upper middle income,No,,2024,Upper middle income,UMIC
MNE,1999,Lower middle income,No,,1999,Lower middle income,LMIC
MNE,1992,Lower middle income,,,1992,Lower middle income,LMIC
MNE,1988,Upper middle income,,,1988,Upper middle income,UMIC
MNE,2003,Lower middle income,No,,2003,Lower middle income,LMIC
MNE,2014,Upper middle income,No,,2014,Upper middle income,UMIC
MNE,2022,Upper middle income,No,,2022,Upper middle income,UMIC
MNE,2007,Upper middle income,No,,2007,Upper middle income,UMIC
MNE,2018,Upper middle income,No,,2018,Upper middle income,UMIC
MNE,1991,Upper middle income,,,1991,Upper middle income,UMIC
MNE,2019,Upper middle income,No,,2019,Upper middle income,UMIC
MNE,2020,Upper middle income,No,,2020,Upper middle income,UMIC
MNE,1994,Lower middle income,,,1994,Lower middle income,LMIC
MNE,1996,Lower middle income,,,1996,Lower middle income,LMIC
MNE,1990,Upper middle income,,,1990,Upper middle income,UMIC
MNG,2021,Lower middle income,No,,2021,Lower middle income,LMIC
MNG,2008,Lower middle income,No,,2008,Lower middle income,LMIC
MNG,1999,Low income,No,,1999,Low income,LIC
MNG,1987,Lower middle income,,,1987,Lower middle income,LMIC
MNG,1997,Low income,,,1997,Low income,LIC
MNG,1991,Lower middle income,,,1991,Lower middle income,LMIC
MNG,2014,Upper middle income,No,,2014,Upper middle income,UMIC
MNG,1998,Low income,No,,1998,Low income,LIC
MNG,2003,Low income,No,,2003,Low income,LIC
MNG,2000,Low income,No,,2000,Low income,LIC
MNG,1995,Low income,,,1995,Low income,LIC
MNG,2001,Low income,No,,2001,Low income,LIC
MNG,2012,Lower middle income,No,,2012,Lower middle income,LMIC
MNG,2010,Lower middle income,No,,2010,Lower middle income,LMIC
MNG,2024,Upper middle income,No,,2024,Upper middle income,UMIC
MNG,2023,Upper middle income,No,,2023,Upper middle income,UMIC
MNG,1990,Lower middle income,,,1990,Lower middle income,LMIC
MNG,2011,Lower middle income,No,,2011,Lower middle income,LMIC
MNG,1996,Low income,,,1996,Low income,LIC
MNG,2022,Lower middle income,No,,2022,Lower middle income,LMIC
MNG,2019,Lower middle income,No,,2019,Lower middle income,LMIC
MNG,2013,Lower middle income,No,,2013,Lower middle income,LMIC
MNG,2006,Low income,No,,2006,Low income,LIC
MNG,2005,Low income,No,,2005,Low income,LIC
MNG,2007,Lower middle income,No,,2007,Lower middle income,LMIC
MNG,2004,Low income,No,,2004,Low income,LIC
MNG,2002,Low income,No,,2002,Low income,LIC
MNG,1988,Lower middle income,,,1988,Lower middle income,LMIC
MNG,1989,Lower middle income,,,1989,Lower middle income,LMIC
MNG,1993,Low income,,,1993,Low income,LIC
MNG,2018,Lower middle income,No,,2018,Lower middle income,LMIC
MNG,2017,Lower middle income,No,,2017,Lower middle income,LMIC
MNG,2015,Lower middle income,No,,2015,Lower middle income,LMIC
MNG,1992,Lower middle income,,,1992,Lower middle income,LMIC
MNG,2009,Lower middle income,No,,2009,Lower middle income,LMIC
MNG,1994,Low income,,,1994,Low income,LIC
MNG,2020,Lower middle income,No,,2020,Lower middle income,LMIC
MNG,2016,Lower middle income,No,,2016,Lower middle income,LMIC
MNP,2000,High income,No,,2000,High income,HIC
MNP,2010,High income,No,,2010,High income,HIC
MNP,1987,Lower middle income,,,1987,Lower middle income,LMIC
MNP,2007,High income,No,,2007,High income,HIC
MNP,1989,Lower middle income,,,1989,Lower middle income,LMIC
MNP,2008,High income,No,,2008,High income,HIC
MNP,1998,High income,No,,1998,High income,HIC
MNP,2018,High income,No,,2018,High income,HIC
MNP,2017,High income,No,,2017,High income,HIC
MNP,2023,High income,No,,2023,High income,HIC
MNP,1992,Lower middle income,,,1992,Lower middle income,LMIC
MNP,2011,High income,No,,2011,High income,HIC
MNP,2006,Upper middle income,No,,2006,Upper middle income,UMIC
MNP,1994,Lower middle income,,,1994,Lower middle income,LMIC
MNP,1991,Lower middle income,,,1991,Lower middle income,LMIC
MNP,2001,High income,No,,2001,High income,HIC
MNP,2003,Upper middle income,No,,2003,Upper middle income,UMIC
MNP,1988,Lower middle income,,,1988,Lower middle income,LMIC
MNP,2022,High income,No,,2022,High income,HIC
MNP,2012,High income,No,,2012,High income,HIC
MNP,2013,High income,No,,2013,High income,HIC
MNP,1996,High income,,,1996,High income,HIC
MNP,2002,Upper middle income,No,,2002,Upper middle income,UMIC
MNP,2015,High income,No,,2015,High income,HIC
MNP,1997,High income,,,1997,High income,HIC
MNP,1993,Lower middle income,,,1993,Lower middle income,LMIC
MNP,2020,High income,No,,2020,High income,HIC
MNP,2024,High income,No,,2024,High income,HIC
MNP,1995,High income,,,1995,High income,HIC
MNP,2009,High income,No,,2009,High income,HIC
MNP,2005,Upper middle income,No,,2005,Upper middle income,UMIC
MNP,1990,Lower middle income,,,1990,Lower middle income,LMIC
MNP,2019,High income,No,,2019,High income,HIC
MNP,1999,High income,No,,1999,High income,HIC
MNP,2004,Upper middle income,No,,2004,Upper middle income,UMIC
MNP,2021,High income,No,,2021,High income,HIC
MNP,2016,High income,No,,2016,High income,HIC
MNP,2014,High income,No,,2014,High income,HIC
MOZ,1992,Low income,,Eastern and Southern Africa,1992,Low income,LIC
MOZ,2013,Low income,No,Eastern and Southern Africa,2013,Low income,LIC
MOZ,1998,Low income,No,Eastern and Southern Africa,1998,Low income,LIC
MOZ,2008,Low income,No,Eastern and Southern Africa,2008,Low income,LIC
MOZ,1995,Low income,,Eastern and Southern Africa,1995,Low income,LIC
MOZ,2012,Low income,No,Eastern and Southern Africa,2012,Low income,LIC
MOZ,1999,Low income,No,Eastern and Southern Africa,1999,Low income,LIC
MOZ,1990,Low income,,Eastern and Southern Africa,1990,Low income,LIC
MOZ,1991,Low income,,Eastern and Southern Africa,1991,Low income,LIC
MOZ,2004,Low income,No,Eastern and Southern Africa,2004,Low income,LIC
MOZ,1996,Low income,,Eastern and Southern Africa,1996,Low income,LIC
MOZ,1994,Low income,,Eastern and Southern Africa,1994,Low income,LIC
MOZ,2019,Low income,Yes,Eastern and Southern Africa,2019,Low income,LIC
MOZ,1997,Low income,,Eastern and Southern Africa,1997,Low income,LIC
MOZ,1988,Low income,,Eastern and Southern Africa,1988,Low income,LIC
MOZ,2010,Low income,No,Eastern and Southern Africa,2010,Low income,LIC
MOZ,2015,Low income,No,Eastern and Southern Africa,2015,Low income,LIC
MOZ,2011,Low income,No,Eastern and Southern Africa,2011,Low income,LIC
MOZ,2022,Low income,Yes,Eastern and Southern Africa,2022,Low income,LIC
MOZ,2005,Low income,No,Eastern and Southern Africa,2005,Low income,LIC
MOZ,2003,Low income,No,Eastern and Southern Africa,2003,Low income,LIC
MOZ,2018,Low income,No,Eastern and Southern Africa,2018,Low income,LIC
MOZ,2017,Low income,Yes,Eastern and Southern Africa,2017,Low income,LIC
MOZ,2014,Low income,No,Eastern and Southern Africa,2014,Low income,LIC
MOZ,1993,Low income,,Eastern and Southern Africa,1993,Low income,LIC
MOZ,1989,Low income,,Eastern and Southern Africa,1989,Low income,LIC
MOZ,2002,Low income,No,Eastern and Southern Africa,2002,Low income,LIC
MOZ,1987,Low income,,Eastern and Southern Africa,1987,Low income,LIC
MOZ,2023,Low income,Yes,Eastern and Southern Africa,2023,Low income,LIC
MOZ,2016,Low income,Yes,Eastern and Southern Africa,2016,Low income,LIC
MOZ,2001,Low income,No,Eastern and Southern Africa,2001,Low income,LIC
MOZ,2020,Low income,Yes,Eastern and Southern Africa,2020,Low income,LIC
MOZ,2024,Low income,Yes,Eastern and Southern Africa,2024,Low income,LIC
MOZ,2007,Low income,No,Eastern and Southern Africa,2007,Low income,LIC
MOZ,2021,Low income,Yes,Eastern and Southern Africa,2021,Low income,LIC
MOZ,2006,Low income,No,Eastern and Southern Africa,2006,Low income,LIC
MOZ,2000,Low income,No,Eastern and Southern Africa,2000,Low income,LIC
MRT,2003,Low income,No,Western and Central Africa,2003,Low income,LIC
MRT,2000,Low income,No,Western and Central Africa,2000,Low income,LIC
MRT,2004,Low income,No,Western and Central Africa,2004,Low income,LIC
MRT,2024,Lower middle income,No,Western and Central Africa,2024,Lower middle income,LMIC
MRT,1997,Low income,,Western and Central Africa,1997,Low income,LIC
MRT,2019,Lower middle income,No,Western and Central Africa,2019,Lower middle income,LMIC
MRT,1995,Low income,,Western and Central Africa,1995,Low income,LIC
MRT,1999,Low income,No,Western and Central Africa,1999,Low income,LIC
MRT,2011,Low income,No,Western and Central Africa,2011,Low income,LIC
MRT,2018,Lower middle income,No,Western and Central Africa,2018,Lower middle income,LMIC
MRT,2017,Lower middle income,No,Western and Central Africa,2017,Lower middle income,LMIC
MRT,2010,Lower middle income,No,Western and Central Africa,2010,Lower middle income,LMIC
MRT,2020,Lower middle income,No,Western and Central Africa,2020,Lower middle income,LMIC
MRT,1996,Low income,,Western and Central Africa,1996,Low income,LIC
MRT,2012,Lower middle income,No,Western and Central Africa,2012,Lower middle income,LMIC
MRT,1992,Low income,,Western and Central Africa,1992,Low income,LIC
MRT,1988,Low income,,Western and Central Africa,1988,Low income,LIC
MRT,2013,Lower middle income,No,Western and Central Africa,2013,Lower middle income,LMIC
MRT,2023,Lower middle income,No,Western and Central Africa,2023,Lower middle income,LMIC
MRT,2021,Lower middle income,No,Western and Central Africa,2021,Lower middle income,LMIC
MRT,1989,Low income,,Western and Central Africa,1989,Low income,LIC
MRT,1994,Low income,,Western and Central Africa,1994,Low income,LIC
MRT,1990,Low income,,Western and Central Africa,1990,Low income,LIC
MRT,2006,Low income,No,Western and Central Africa,2006,Low income,LIC
MRT,2001,Low income,No,Western and Central Africa,2001,Low income,LIC
MRT,1993,Low income,,Western and Central Africa,1993,Low income,LIC
MRT,2015,Lower middle income,No,Western and Central Africa,2015,Lower middle income,LMIC
MRT,2009,Low income,No,Western and Central Africa,2009,Low income,LIC
MRT,1991,Low income,,Western and Central Africa,1991,Low income,LIC
MRT,2014,Lower middle income,No,Western and Central Africa,2014,Lower middle income,LMIC
MRT,2005,Low income,Yes,Western and Central Africa,2005,Low income,LIC
MRT,1998,Low income,No,Western and Central Africa,1998,Low income,LIC
MRT,1987,Low income,,Western and Central Africa,1987,Low income,LIC
MRT,2008,Low income,No,Western and Central Africa,2008,Low income,LIC
MRT,2002,Low income,No,Western and Central Africa,2002,Low income,LIC
MRT,2022,Lower middle income,No,Western and Central Africa,2022,Lower middle income,LMIC
MRT,2016,Lower middle income,No,Western and Central Africa,2016,Lower middle income,LMIC
MUS,2016,Upper middle income,No,Eastern and Southern Africa,2016,Upper middle income,UMIC
MUS,2005,Upper middle income,No,Eastern and Southern Africa,2005,Upper middle income,UMIC
MUS,2007,Upper middle income,No,Eastern and Southern Africa,2007,Upper middle income,UMIC
MUS,2023,Upper middle income,No,Eastern and Southern Africa,2023,Upper middle income,UMIC
MUS,1990,Lower middle income,,Eastern and Southern Africa,1990,Lower middle income,LMIC
MUS,2020,Upper middle income,No,Eastern and Southern Africa,2020,Upper middle income,UMIC
MUS,2002,Upper middle income,No,Eastern and Southern Africa,2002,Upper middle income,UMIC
MUS,2014,Upper middle income,No,Eastern and Southern Africa,2014,Upper middle income,UMIC
MUS,2018,Upper middle income,No,Eastern and Southern Africa,2018,Upper middle income,UMIC
MUS,2006,Upper middle income,No,Eastern and Southern Africa,2006,Upper middle income,UMIC
MUS,2022,Upper middle income,No,Eastern and Southern Africa,2022,Upper middle income,UMIC
MUS,2008,Upper middle income,No,Eastern and Southern Africa,2008,Upper middle income,UMIC
MUS,1995,Upper middle income,,Eastern and Southern Africa,1995,Upper middle income,UMIC
MUS,1991,Lower middle income,,Eastern and Southern Africa,1991,Lower middle income,LMIC
MUS,2001,Upper middle income,No,Eastern and Southern Africa,2001,Upper middle income,UMIC
MUS,1988,Lower middle income,,Eastern and Southern Africa,1988,Lower middle income,LMIC
MUS,2011,Upper middle income,No,Eastern and Southern Africa,2011,Upper middle income,UMIC
MUS,1996,Upper middle income,,Eastern and Southern Africa,1996,Upper middle income,UMIC
MUS,1987,Lower middle income,,Eastern and Southern Africa,1987,Lower middle income,LMIC
MUS,2021,Upper middle income,No,Eastern and Southern Africa,2021,Upper middle income,UMIC
MUS,2017,Upper middle income,No,Eastern and Southern Africa,2017,Upper middle income,UMIC
MUS,1999,Upper middle income,No,Eastern and Southern Africa,1999,Upper middle income,UMIC
MUS,2024,Upper middle income,No,Eastern and Southern Africa,2024,Upper middle income,UMIC
MUS,2015,Upper middle income,No,Eastern and Southern Africa,2015,Upper middle income,UMIC
MUS,2009,Upper middle income,No,Eastern and Southern Africa,2009,Upper middle income,UMIC
MUS,2010,Upper middle income,No,Eastern and Southern Africa,2010,Upper middle income,UMIC
MUS,2004,Upper middle income,No,Eastern and Southern Africa,2004,Upper middle income,UMIC
MUS,1997,Upper middle income,,Eastern and Southern Africa,1997,Upper middle income,UMIC
MUS,2000,Upper middle income,No,Eastern and Southern Africa,2000,Upper middle income,UMIC
MUS,1992,Upper middle income,,Eastern and Southern Africa,1992,Upper middle income,UMIC
MUS,1989,Lower middle income,,Eastern and Southern Africa,1989,Lower middle income,LMIC
MUS,2003,Upper middle income,No,Eastern and Southern Africa,2003,Upper middle income,UMIC
MUS,1998,Upper middle income,No,Eastern and Southern Africa,1998,Upper middle income,UMIC
MUS,2013,Upper middle income,No,Eastern and Southern Africa,2013,Upper middle income,UMIC
MUS,1994,Upper middle income,,Eastern and Southern Africa,1994,Upper middle income,UMIC
MUS,1993,Upper middle income,,Eastern and Southern Africa,1993,Upper middle income,UMIC
MUS,2012,Upper middle income,No,Eastern and Southern Africa,2012,Upper middle income,UMIC
MWI,2003,Low income,No,Eastern and Southern Africa,2003,Low income,LIC
MWI,1999,Low income,No,Eastern and Southern Africa,1999,Low income,LIC
MWI,1990,Low income,,Eastern and Southern Africa,1990,Low income,LIC
MWI,1996,Low income,,Eastern and Southern Africa,1996,Low income,LIC
MWI,2010,Low income,No,Eastern and Southern Africa,2010,Low income,LIC
MWI,2007,Low income,No,Eastern and Southern Africa,2007,Low income,LIC
MWI,1993,Low income,,Eastern and Southern Africa,1993,Low income,LIC
MWI,1989,Low income,,Eastern and Southern Africa,1989,Low income,LIC
MWI,2021,Low income,No,Eastern and Southern Africa,2021,Low income,LIC
MWI,2009,Low income,No,Eastern and Southern Africa,2009,Low income,LIC
MWI,2023,Low income,No,Eastern and Southern Africa,2023,Low income,LIC
MWI,2014,Low income,No,Eastern and Southern Africa,2014,Low income,LIC
MWI,2005,Low income,No,Eastern and Southern Africa,2005,Low income,LIC
MWI,1987,Low income,,Eastern and Southern Africa,1987,Low income,LIC
MWI,1998,Low income,No,Eastern and Southern Africa,1998,Low income,LIC
MWI,2004,Low income,No,Eastern and Southern Africa,2004,Low income,LIC
MWI,2000,Low income,No,Eastern and Southern Africa,2000,Low income,LIC
MWI,1988,Low income,,Eastern and Southern Africa,1988,Low income,LIC
MWI,2017,Low income,No,Eastern and Southern Africa,2017,Low income,LIC
MWI,1995,Low income,,Eastern and Southern Africa,1995,Low income,LIC
MWI,1991,Low income,,Eastern and Southern Africa,1991,Low income,LIC
MWI,2020,Low income,No,Eastern and Southern Africa,2020,Low income,LIC
MWI,1997,Low income,,Eastern and Southern Africa,1997,Low income,LIC
MWI,1992,Low income,,Eastern and Southern Africa,1992,Low income,LIC
MWI,2019,Low income,No,Eastern and Southern Africa,2019,Low income,LIC
MWI,2012,Low income,Yes,Eastern and Southern Africa,2012,Low income,LIC
MWI,2016,Low income,No,Eastern and Southern Africa,2016,Low income,LIC
MWI,2001,Low income,No,Eastern and Southern Africa,2001,Low income,LIC
MWI,2002,Low income,No,Eastern and Southern Africa,2002,Low income,LIC
MWI,2015,Low income,No,Eastern and Southern Africa,2015,Low income,LIC
MWI,2024,Low income,No,Eastern and Southern Africa,2024,Low income,LIC
MWI,2006,Low income,No,Eastern and Southern Africa,2006,Low income,LIC
MWI,2013,Low income,No,Eastern and Southern Africa,2013,Low income,LIC
MWI,2011,Low income,No,Eastern and Southern Africa,2011,Low income,LIC
MWI,2022,Low income,No,Eastern and Southern Africa,2022,Low income,LIC
MWI,2008,Low income,No,Eastern and Southern Africa,2008,Low income,LIC
MWI,2018,Low income,No,Eastern and Southern Africa,2018,Low income,LIC
MYS,2001,Upper middle income,No,,2001,Upper middle income,UMIC
MYS,1991,Lower middle income,,,1991,Lower middle income,LMIC
MYS,2019,Upper middle income,No,,2019,Upper middle income,UMIC
MYS,2022,Upper middle income,No,,2022,Upper middle income,UMIC
MYS,2012,Upper middle income,No,,2012,Upper middle income,UMIC
MYS,2007,Upper middle income,No,,2007,Upper middle income,UMIC
MYS,1988,Lower middle income,,,1988,Lower middle income,LMIC
MYS,2016,Upper middle income,No,,2016,Upper middle income,UMIC
MYS,1987,Lower middle income,,,1987,Lower middle income,LMIC
MYS,2018,Upper middle income,No,,2018,Upper middle income,UMIC
MYS,2000,Upper middle income,No,,2000,Upper middle income,UMIC
MYS,2004,Upper middle income,No,,2004,Upper middle income,UMIC
MYS,2002,Upper middle income,No,,2002,Upper middle income,UMIC
MYS,1990,Lower middle income,,,1990,Lower middle income,LMIC
MYS,1993,Upper middle income,,,1993,Upper middle income,UMIC
MYS,1998,Upper middle income,No,,1998,Upper middle income,UMIC
MYS,1999,Upper middle income,No,,1999,Upper middle income,UMIC
MYS,2011,Upper middle income,No,,2011,Upper middle income,UMIC
MYS,2020,Upper middle income,No,,2020,Upper middle income,UMIC
MYS,2008,Upper middle income,No,,2008,Upper middle income,UMIC
MYS,2015,Upper middle income,No,,2015,Upper middle income,UMIC
MYS,1997,Upper middle income,,,1997,Upper middle income,UMIC
MYS,2005,Upper middle income,No,,2005,Upper middle income,UMIC
MYS,2014,Upper middle income,No,,2014,Upper middle income,UMIC
MYS,2010,Upper middle income,No,,2010,Upper middle income,UMIC
MYS,2006,Upper middle income,No,,2006,Upper middle income,UMIC
MYS,2021,Upper middle income,No,,2021,Upper middle income,UMIC
MYS,2009,Upper middle income,No,,2009,Upper middle income,UMIC
MYS,1995,Upper middle income,,,1995,Upper middle income,UMIC
MYS,2024,Upper middle income,No,,2024,Upper middle income,UMIC
MYS,1994,Upper middle income,,,1994,Upper middle income,UMIC
MYS,2017,Upper middle income,No,,2017,Upper middle income,UMIC
MYS,2023,Upper middle income,No,,2023,Upper middle income,UMIC
MYS,2013,Upper middle income,No,,2013,Upper middle income,UMIC
MYS,1992,Upper middle income,,,1992,Upper middle income,UMIC
MYS,1989,Lower middle income,,,1989,Lower middle income,LMIC
MYS,1996,Upper middle income,,,1996,Upper middle income,UMIC
MYS,2003,Upper middle income,No,,2003,Upper middle income,UMIC
NAM,1999,Lower middle income,No,Eastern and Southern Africa,1999,Lower middle income,LMIC
NAM,2017,Upper middle income,No,Eastern and Southern Africa,2017,Upper middle income,UMIC
NAM,2018,Upper middle income,No,Eastern and Southern Africa,2018,Upper middle income,UMIC
NAM,1993,Lower middle income,,Eastern and Southern Africa,1993,Lower middle income,LMIC
NAM,2008,Upper middle income,No,Eastern and Southern Africa,2008,Upper middle income,UMIC
NAM,1995,Lower middle income,,Eastern and Southern Africa,1995,Lower middle income,LMIC
NAM,2012,Upper middle income,No,Eastern and Southern Africa,2012,Upper middle income,UMIC
NAM,2020,Upper middle income,No,Eastern and Southern Africa,2020,Upper middle income,UMIC
NAM,2010,Upper middle income,No,Eastern and Southern Africa,2010,Upper middle income,UMIC
NAM,1987,Lower middle income,,Eastern and Southern Africa,1987,Lower middle income,LMIC
NAM,2016,Upper middle income,No,Eastern and Southern Africa,2016,Upper middle income,UMIC
NAM,2011,Upper middle income,No,Eastern and Southern Africa,2011,Upper middle income,UMIC
NAM,2024,Lower middle income,No,Eastern and Southern Africa,2024,Lower middle income,LMIC
NAM,2023,Upper middle income,No,Eastern and Southern Africa,2023,Upper middle income,UMIC
NAM,2022,Upper middle income,No,Eastern and Southern Africa,2022,Upper middle income,UMIC
NAM,2014,Upper middle income,No,Eastern and Southern Africa,2014,Upper middle income,UMIC
NAM,2005,Lower middle income,No,Eastern and Southern Africa,2005,Lower middle income,LMIC
NAM,2003,Lower middle income,No,Eastern and Southern Africa,2003,Lower middle income,LMIC
NAM,2001,Lower middle income,No,Eastern and Southern Africa,2001,Lower middle income,LMIC
NAM,1998,Lower middle income,No,Eastern and Southern Africa,1998,Lower middle income,LMIC
NAM,1996,Lower middle income,,Eastern and Southern Africa,1996,Lower middle income,LMIC
NAM,1994,Lower middle income,,Eastern and Southern Africa,1994,Lower middle income,LMIC
NAM,1988,Lower middle income,,Eastern and Southern Africa,1988,Lower middle income,LMIC
NAM,2021,Upper middle income,No,Eastern and Southern Africa,2021,Upper middle income,UMIC
NAM,2000,Lower middle income,No,Eastern and Southern Africa,2000,Lower middle income,LMIC
NAM,1989,Lower middle income,,Eastern and Southern Africa,1989,Lower middle income,LMIC
NAM,2013,Upper middle income,No,Eastern and Southern Africa,2013,Upper middle income,UMIC
NAM,1997,Lower middle income,,Eastern and Southern Africa,1997,Lower middle income,LMIC
NAM,2002,Lower middle income,No,Eastern and Southern Africa,2002,Lower middle income,LMIC
NAM,2006,Lower middle income,No,Eastern and Southern Africa,2006,Lower middle income,LMIC
NAM,1990,Lower middle income,,Eastern and Southern Africa,1990,Lower middle income,LMIC
NAM,2015,Upper middle income,No,Eastern and Southern Africa,2015,Upper middle income,UMIC
NAM,2004,Lower middle income,No,Eastern and Southern Africa,2004,Lower middle income,LMIC
NAM,2007,Lower middle income,No,Eastern and Southern Africa,2007,Lower middle income,LMIC
NAM,1991,Lower middle income,,Eastern and Southern Africa,1991,Lower middle income,LMIC
NAM,2009,Upper middle income,No,Eastern and Southern Africa,2009,Upper middle income,UMIC
NAM,2019,Upper middle income,No,Eastern and Southern Africa,2019,Upper middle income,UMIC
NCL,2017,High income,No,,2017,High income,HIC
NCL,2012,High income,No,,2012,High income,HIC
NCL,2009,High income,No,,2009,High income,HIC
NCL,2014,High income,No,,2014,High income,HIC
NCL,2022,High income,No,,2022,High income,HIC
NCL,2002,High income,No,,2002,High income,HIC
NCL,2018,High income,No,,2018,High income,HIC
NCL,2005,High income,No,,2005,High income,HIC
NCL,1992,Upper middle income,,,1992,Upper middle income,UMIC
NCL,2013,High income,No,,2013,High income,HIC
NCL,2010,High income,No,,2010,High income,HIC
NCL,2023,High income,No,,2023,High income,HIC
NCL,2016,High income,No,,2016,High income,HIC
NCL,2021,High income,No,,2021,High income,HIC
NCL,2007,High income,No,,2007,High income,HIC
NCL,1990,Upper middle income,,,1990,Upper middle income,UMIC
NCL,2004,High income,No,,2004,High income,HIC
NCL,1998,High income,No,,1998,High income,HIC
NCL,1991,Upper middle income,,,1991,Upper middle income,UMIC
NCL,2019,High income,No,,2019,High income,HIC
NCL,1996,High income,,,1996,High income,HIC
NCL,1993,Upper middle income,,,1993,Upper middle income,UMIC
NCL,2000,High income,No,,2000,High income,HIC
NCL,2003,High income,No,,2003,High income,HIC
NCL,1994,Upper middle income,,,1994,Upper middle income,UMIC
NCL,1997,High income,,,1997,High income,HIC
NCL,1988,Upper middle income,,,1988,Upper middle income,UMIC
NCL,2006,High income,No,,2006,High income,HIC
NCL,2020,High income,No,,2020,High income,HIC
NCL,2011,High income,No,,2011,High income,HIC
NCL,2001,High income,No,,2001,High income,HIC
NCL,2015,High income,No,,2015,High income,HIC
NCL,1987,Upper middle income,,,1987,Upper middle income,UMIC
NCL,2008,High income,No,,2008,High income,HIC
NCL,1999,High income,No,,1999,High income,HIC
NCL,1989,Upper middle income,,,1989,Upper middle income,UMIC
NCL,1995,High income,,,1995,High income,HIC
NCL,2024,High income,No,,2024,High income,HIC
NER,2024,Low income,Yes,Western and Central Africa,2024,Low income,LIC
NER,2013,Low income,No,Western and Central Africa,2013,Low income,LIC
NER,2022,Low income,Yes,Western and Central Africa,2022,Low income,LIC
NER,2005,Low income,No,Western and Central Africa,2005,Low income,LIC
NER,1990,Low income,,Western and Central Africa,1990,Low income,LIC
NER,2006,Low income,No,Western and Central Africa,2006,Low income,LIC
NER,2001,Low income,Yes,Western and Central Africa,2001,Low income,LIC
NER,2020,Low income,Yes,Western and Central Africa,2020,Low income,LIC
NER,2018,Low income,Yes,Western and Central Africa,2018,Low income,LIC
NER,1995,Low income,,Western and Central Africa,1995,Low income,LIC
NER,2004,Low income,No,Western and Central Africa,2004,Low income,LIC
NER,1994,Low income,,Western and Central Africa,1994,Low income,LIC
NER,2007,Low income,No,Western and Central Africa,2007,Low income,LIC
NER,2016,Low income,No,Western and Central Africa,2016,Low income,LIC
NER,2021,Low income,Yes,Western and Central Africa,2021,Low income,LIC
NER,2003,Low income,Yes,Western and Central Africa,2003,Low income,LIC
NER,1997,Low income,,Western and Central Africa,1997,Low income,LIC
NER,1993,Low income,,Western and Central Africa,1993,Low income,LIC
NER,1992,Low income,,Western and Central Africa,1992,Low income,LIC
NER,1987,Low income,,Western and Central Africa,1987,Low income,LIC
NER,2015,Low income,No,Western and Central Africa,2015,Low income,LIC
NER,2014,Low income,No,Western and Central Africa,2014,Low income,LIC
NER,1988,Low income,,Western and Central Africa,1988,Low income,LIC
NER,2023,Low income,Yes,Western and Central Africa,2023,Low income,LIC
NER,2017,Low income,No,Western and Central Africa,2017,Low income,LIC
NER,2002,Low income,Yes,Western and Central Africa,2002,Low income,LIC
NER,2009,Low income,No,Western and Central Africa,2009,Low income,LIC
NER,1996,Low income,,Western and Central Africa,1996,Low income,LIC
NER,2012,Low income,No,Western and Central Africa,2012,Low income,LIC
NER,1999,Low income,Yes,Western and Central Africa,1999,Low income,LIC
NER,2008,Low income,No,Western and Central Africa,2008,Low income,LIC
NER,2000,Low income,Yes,Western and Central Africa,2000,Low income,LIC
NER,1989,Low income,,Western and Central Africa,1989,Low income,LIC
NER,2019,Low income,Yes,Western and Central Africa,2019,Low income,LIC
NER,2010,Low income,No,Western and Central Africa,2010,Low income,LIC
NER,2011,Low income,No,Western and Central Africa,2011,Low income,LIC
NER,1998,Low income,Yes,Western and Central Africa,1998,Low income,LIC
NGA,1990,Low income,,Western and Central Africa,1990,Low income,LIC
NGA,2021,Lower middle income,Yes,Western and Central Africa,2021,Lower middle income,LMIC
NGA,2007,Low income,No,Western and Central Africa,2007,Low income,LIC
NGA,2014,Lower middle income,No,Western and Central Africa,2014,Lower middle income,LMIC
NGA,1989,Low income,,Western and Central Africa,1989,Low income,LIC
NGA,2001,Low income,Yes,Western and Central Africa,2001,Low income,LIC
NGA,2002,Low income,Yes,Western and Central Africa,2002,Low income,LIC
NGA,1987,Low income,,Western and Central Africa,1987,Low income,LIC
NGA,2016,Lower middle income,No,Western and Central Africa,2016,Lower middle income,LMIC
NGA,1988,Low income,,Western and Central Africa,1988,Low income,LIC
NGA,2013,Lower middle income,No,Western and Central Africa,2013,Lower middle income,LMIC
NGA,2012,Lower middle income,No,Western and Central Africa,2012,Lower middle income,LMIC
NGA,2024,Lower middle income,Yes,Western and Central Africa,2024,Lower middle income,LMIC
NGA,2011,Lower middle income,No,Western and Central Africa,2011,Lower middle income,LMIC
NGA,1994,Low income,,Western and Central Africa,1994,Low income,LIC
NGA,2009,Lower middle income,No,Western and Central Africa,2009,Lower middle income,LMIC
NGA,2004,Low income,Yes,Western and Central Africa,2004,Low income,LIC
NGA,1993,Low income,,Western and Central Africa,1993,Low income,LIC
NGA,2006,Low income,No,Western and Central Africa,2006,Low income,LIC
NGA,1996,Low income,,Western and Central Africa,1996,Low income,LIC
NGA,2010,Lower middle income,No,Western and Central Africa,2010,Lower middle income,LMIC
NGA,2018,Lower middle income,Yes,Western and Central Africa,2018,Lower middle income,LMIC
NGA,2020,Lower middle income,Yes,Western and Central Africa,2020,Lower middle income,LMIC
NGA,2005,Low income,Yes,Western and Central Africa,2005,Low income,LIC
NGA,1999,Low income,Yes,Western and Central Africa,1999,Low income,LIC
NGA,1997,Low income,,Western and Central Africa,1997,Low income,LIC
NGA,2022,Lower middle income,Yes,Western and Central Africa,2022,Lower middle income,LMIC
NGA,2023,Lower middle income,Yes,Western and Central Africa,2023,Lower middle income,LMIC
NGA,1998,Low income,Yes,Western and Central Africa,1998,Low income,LIC
NGA,1995,Low income,,Western and Central Africa,1995,Low income,LIC
NGA,2003,Low income,Yes,Western and Central Africa,2003,Low income,LIC
NGA,2000,Low income,Yes,Western and Central Africa,2000,Low income,LIC
NGA,2019,Lower middle income,Yes,Western and Central Africa,2019,Lower middle income,LMIC
NGA,2017,Lower middle income,No,Western and Central Africa,2017,Lower middle income,LMIC
NGA,2008,Lower middle income,No,Western and Central Africa,2008,Lower middle income,LMIC
NGA,1991,Low income,,Western and Central Africa,1991,Low income,LIC
NGA,2015,Lower middle income,No,Western and Central Africa,2015,Lower middle income,LMIC
NIC,1998,Low income,No,,1998,Low income,LIC
NIC,1988,Lower middle income,,,1988,Lower middle income,LMIC
NIC,2008,Lower middle income,No,,2008,Lower middle income,LMIC
NIC,1999,Low income,No,,1999,Low income,LIC
NIC,2000,Low income,No,,2000,Low income,LIC
NIC,1994,Low income,,,1994,Low income,LIC
NIC,2013,Lower middle income,No,,2013,Lower middle income,LMIC
NIC,2022,Lower middle income,No,,2022,Lower middle income,LMIC
NIC,2001,Low income,No,,2001,Low income,LIC
NIC,1989,Lower middle income,,,1989,Lower middle income,LMIC
NIC,2020,Lower middle income,No,,2020,Lower middle income,LMIC
NIC,1995,Low income,,,1995,Low income,LIC
NIC,2016,Lower middle income,No,,2016,Lower middle income,LMIC
NIC,2014,Lower middle income,No,,2014,Lower middle income,LMIC
NIC,2007,Lower middle income,No,,2007,Lower middle income,LMIC
NIC,2023,Lower middle income,No,,2023,Lower middle income,LMIC
NIC,1992,Low income,,,1992,Low income,LIC
NIC,2024,Lower middle income,No,,2024,Lower middle income,LMIC
NIC,2015,Lower middle income,No,,2015,Lower middle income,LMIC
NIC,2003,Low income,No,,2003,Low income,LIC
NIC,1987,Lower middle income,,,1987,Lower middle income,LMIC
NIC,2004,Low income,No,,2004,Low income,LIC
NIC,1991,Low income,,,1991,Low income,LIC
NIC,2002,Low income,No,,2002,Low income,LIC
NIC,2017,Lower middle income,No,,2017,Lower middle income,LMIC
NIC,1997,Low income,,,1997,Low income,LIC
NIC,2021,Lower middle income,No,,2021,Lower middle income,LMIC
NIC,2019,Lower middle income,No,,2019,Lower middle income,LMIC
NIC,2018,Lower middle income,No,,2018,Lower middle income,LMIC
NIC,2012,Lower middle income,No,,2012,Lower middle income,LMIC
NIC,2005,Lower middle income,No,,2005,Lower middle income,LMIC
NIC,1993,Low income,,,1993,Low income,LIC
NIC,1990,Lower middle income,,,1990,Lower middle income,LMIC
NIC,1996,Low income,,,1996,Low income,LIC
NIC,2010,Lower middle income,No,,2010,Lower middle income,LMIC
NIC,2011,Lower middle income,No,,2011,Lower middle income,LMIC
NIC,2009,Lower middle income,No,,2009,Lower middle income,LMIC
NIC,2006,Lower middle income,No,,2006,Lower middle income,LMIC
NLD,2018,High income,No,,2018,High income,HIC
NLD,2016,High income,No,,2016,High income,HIC
NLD,2019,High income,No,,2019,High income,HIC
NLD,1999,High income,No,,1999,High income,HIC
NLD,2010,High income,No,,2010,High income,HIC
NLD,1991,High income,,,1991,High income,HIC
NLD,2003,High income,No,,2003,High income,HIC
NLD,1992,High income,,,1992,High income,HIC
NLD,2017,High income,No,,2017,High income,HIC
NLD,1993,High income,,,1993,High income,HIC
NLD,2021,High income,No,,2021,High income,HIC
NLD,2014,High income,No,,2014,High income,HIC
NLD,1987,High income,,,1987,High income,HIC
NLD,1994,High income,,,1994,High income,HIC
NLD,2006,High income,No,,2006,High income,HIC
NLD,2000,High income,No,,2000,High income,HIC
NLD,2012,High income,No,,2012,High income,HIC
NLD,2007,High income,No,,2007,High income,HIC
NLD,2002,High income,No,,2002,High income,HIC
NLD,2015,High income,No,,2015,High income,HIC
NLD,2024,High income,No,,2024,High income,HIC
NLD,1998,High income,No,,1998,High income,HIC
NLD,2001,High income,No,,2001,High income,HIC
NLD,2022,High income,No,,2022,High income,HIC
NLD,2005,High income,No,,2005,High income,HIC
NLD,1988,High income,,,1988,High income,HIC
NLD,2004,High income,No,,2004,High income,HIC
NLD,1995,High income,,,1995,High income,HIC
NLD,2013,High income,No,,2013,High income,HIC
NLD,2008,High income,No,,2008,High income,HIC
NLD,2009,High income,No,,2009,High income,HIC
NLD,1989,High income,,,1989,High income,HIC
NLD,2020,High income,No,,2020,High income,HIC
NLD,2023,High income,No,,2023,High income,HIC
NLD,1996,High income,,,1996,High income,HIC
NLD,1997,High income,,,1997,High income,HIC
NLD,1990,High income,,,1990,High income,HIC
NLD,2011,High income,No,,2011,High income,HIC
NOR,1994,High income,,,1994,High income,HIC
NOR,2015,High income,No,,2015,High income,HIC
NOR,2016,High income,No,,2016,High income,HIC
NOR,2023,High income,No,,2023,High income,HIC
NOR,2013,High income,No,,2013,High income,HIC
NOR,1999,High income,No,,1999,High income,HIC
NOR,2000,High income,No,,2000,High income,HIC
NOR,1990,High income,,,1990,High income,HIC
NOR,2007,High income,No,,2007,High income,HIC
NOR,2021,High income,No,,2021,High income,HIC
NOR,2003,High income,No,,2003,High income,HIC
NOR,1988,High income,,,1988,High income,HIC
NOR,2024,High income,No,,2024,High income,HIC
NOR,2018,High income,No,,2018,High income,HIC
NOR,1996,High income,,,1996,High income,HIC
NOR,1993,High income,,,1993,High income,HIC
NOR,1992,High income,,,1992,High income,HIC
NOR,2005,High income,No,,2005,High income,HIC
NOR,2004,High income,No,,2004,High income,HIC
NOR,2020,High income,No,,2020,High income,HIC
NOR,2009,High income,No,,2009,High income,HIC
NOR,2011,High income,No,,2011,High income,HIC
NOR,1987,High income,,,1987,High income,HIC
NOR,1998,High income,No,,1998,High income,HIC
NOR,2022,High income,No,,2022,High income,HIC
NOR,2014,High income,No,,2014,High income,HIC
NOR,2008,High income,No,,2008,High income,HIC
NOR,2017,High income,No,,2017,High income,HIC
NOR,2019,High income,No,,2019,High income,HIC
NOR,1991,High income,,,1991,High income,HIC
NOR,2006,High income,No,,2006,High income,HIC
NOR,1997,High income,,,1997,High income,HIC
NOR,2012,High income,No,,2012,High income,HIC
NOR,1989,High income,,,1989,High income,HIC
NOR,1995,High income,,,1995,High income,HIC
NOR,2002,High income,No,,2002,High income,HIC
NOR,2001,High income,No,,2001,High income,HIC
NOR,2010,High income,No,,2010,High income,HIC
NPL,2019,Lower middle income,No,,2019,Lower middle income,LMIC
NPL,2004,Low income,No,,2004,Low income,LIC
NPL,2009,Low income,Yes,,2009,Low income,LIC
NPL,2000,Low income,No,,2000,Low income,LIC
NPL,2016,Low income,No,,2016,Low income,LIC
NPL,2012,Low income,Yes,,2012,Low income,LIC
NPL,2010,Low income,Yes,,2010,Low income,LIC
NPL,2007,Low income,No,,2007,Low income,LIC
NPL,2013,Low income,No,,2013,Low income,LIC
NPL,1988,Low income,,,1988,Low income,LIC
NPL,2003,Low income,No,,2003,Low income,LIC
NPL,2024,Lower middle income,No,,2024,Lower middle income,LMIC
NPL,1999,Low income,Yes,,1999,Low income,LIC
NPL,2001,Low income,No,,2001,Low income,LIC
NPL,1994,Low income,,,1994,Low income,LIC
NPL,2017,Low income,No,,2017,Low income,LIC
NPL,2023,Lower middle income,No,,2023,Lower middle income,LMIC
NPL,1998,Low income,Yes,,1998,Low income,LIC
NPL,2020,Lower middle income,No,,2020,Lower middle income,LMIC
NPL,2022,Lower middle income,No,,2022,Lower middle income,LMIC
NPL,2018,Low income,No,,2018,Low income,LIC
NPL,1996,Low income,,,1996,Low income,LIC
NPL,1993,Low income,,,1993,Low income,LIC
NPL,2005,Low income,No,,2005,Low income,LIC
NPL,2011,Low income,Yes,,2011,Low income,LIC
NPL,1997,Low income,,,1997,Low income,LIC
NPL,2014,Low income,No,,2014,Low income,LIC
NPL,2008,Low income,Yes,,2008,Low income,LIC
NPL,1989,Low income,,,1989,Low income,LIC
NPL,2021,Lower middle income,No,,2021,Lower middle income,LMIC
NPL,1992,Low income,,,1992,Low income,LIC
NPL,1995,Low income,,,1995,Low income,LIC
NPL,1987,Low income,,,1987,Low income,LIC
NPL,1990,Low income,,,1990,Low income,LIC
NPL,2015,Low income,No,,2015,Low income,LIC
NPL,2002,Low income,No,,2002,Low income,LIC
NPL,2006,Low income,No,,2006,Low income,LIC
NPL,1991,Low income,,,1991,Low income,LIC
NRU,2004,High income,No,,2004,High income,HIC
NRU,2019,High income,No,,2019,High income,HIC
NRU,2017,Upper middle income,No,,2017,Upper middle income,UMIC
NRU,1989,High income,,,1989,High income,HIC
NRU,1990,High income,,,1990,High income,HIC
NRU,2013,High income,No,,2013,High income,HIC
NRU,2024,High income,No,,2024,High income,HIC
NRU,2010,High income,No,,2010,High income,HIC
NRU,1991,High income,,,1991,High income,HIC
NRU,2008,High income,No,,2008,High income,HIC
NRU,2009,High income,No,,2009,High income,HIC
NRU,1999,High income,No,,1999,High income,HIC
NRU,2005,High income,No,,2005,High income,HIC
NRU,1995,High income,,,1995,High income,HIC
NRU,2020,High income,No,,2020,High income,HIC
NRU,2016,Upper middle income,No,,2016,Upper middle income,UMIC
NRU,2006,High income,No,,2006,High income,HIC
NRU,2011,High income,No,,2011,High income,HIC
NRU,1996,High income,,,1996,High income,HIC
NRU,2012,High income,No,,2012,High income,HIC
NRU,2015,High income,No,,2015,High income,HIC
NRU,2002,High income,No,,2002,High income,HIC
NRU,2000,High income,No,,2000,High income,HIC
NRU,1997,High income,,,1997,High income,HIC
NRU,1994,High income,,,1994,High income,HIC
NRU,1993,High income,,,1993,High income,HIC
NRU,1992,High income,,,1992,High income,HIC
NRU,2001,High income,No,,2001,High income,HIC
NRU,2021,High income,No,,2021,High income,HIC
NRU,1988,High income,,,1988,High income,HIC
NRU,2023,High income,No,,2023,High income,HIC
NRU,1987,High income,,,1987,High income,HIC
NRU,2018,Upper middle income,No,,2018,Upper middle income,UMIC
NRU,2014,High income,No,,2014,High income,HIC
NRU,2022,High income,No,,2022,High income,HIC
NRU,2007,High income,No,,2007,High income,HIC
NRU,1998,High income,No,,1998,High income,HIC
NRU,2003,High income,No,,2003,High income,HIC
NZL,1999,High income,No,,1999,High income,HIC
NZL,2010,High income,No,,2010,High income,HIC
NZL,2023,High income,No,,2023,High income,HIC
NZL,2021,High income,No,,2021,High income,HIC
NZL,2006,High income,No,,2006,High income,HIC
NZL,1991,High income,,,1991,High income,HIC
NZL,2022,High income,No,,2022,High income,HIC
NZL,2014,High income,No,,2014,High income,HIC
NZL,2020,High income,No,,2020,High income,HIC
NZL,1993,High income,,,1993,High income,HIC
NZL,1988,High income,,,1988,High income,HIC
NZL,1989,High income,,,1989,High income,HIC
NZL,1994,High income,,,1994,High income,HIC
NZL,2016,High income,No,,2016,High income,HIC
NZL,2007,High income,No,,2007,High income,HIC
NZL,2002,High income,No,,2002,High income,HIC
NZL,2013,High income,No,,2013,High income,HIC
NZL,1997,High income,,,1997,High income,HIC
NZL,2018,High income,No,,2018,High income,HIC
NZL,1998,High income,No,,1998,High income,HIC
NZL,2011,High income,No,,2011,High income,HIC
NZL,2004,High income,No,,2004,High income,HIC
NZL,2003,High income,No,,2003,High income,HIC
NZL,2017,High income,No,,2017,High income,HIC
NZL,2015,High income,No,,2015,High income,HIC
NZL,1996,High income,,,1996,High income,HIC
NZL,2005,High income,No,,2005,High income,HIC
NZL,2000,High income,No,,2000,High income,HIC
NZL,1992,High income,,,1992,High income,HIC
NZL,1990,High income,,,1990,High income,HIC
NZL,2012,High income,No,,2012,High income,HIC
NZL,2019,High income,No,,2019,High income,HIC
NZL,1987,High income,,,1987,High income,HIC
NZL,2008,High income,No,,2008,High income,HIC
NZL,2001,High income,No,,2001,High income,HIC
NZL,2024,High income,No,,2024,High income,HIC
NZL,1995,High income,,,1995,High income,HIC
NZL,2009,High income,No,,2009,High income,HIC
OMN,2004,Upper middle income,No,,2004,Upper middle income,UMIC
OMN,2015,High income,No,,2015,High income,HIC
OMN,2000,Upper middle income,No,,2000,Upper middle income,UMIC
OMN,1999,Upper middle income,No,,1999,Upper middle income,UMIC
OMN,2006,Upper middle income,No,,2006,Upper middle income,UMIC
OMN,2022,High income,No,,2022,High income,HIC
OMN,2010,High income,No,,2010,High income,HIC
OMN,2012,High income,No,,2012,High income,HIC
OMN,2020,High income,No,,2020,High income,HIC
OMN,1998,Upper middle income,No,,1998,Upper middle income,UMIC
OMN,2019,High income,No,,2019,High income,HIC
OMN,2014,High income,No,,2014,High income,HIC
OMN,1989,Upper middle income,,,1989,Upper middle income,UMIC
OMN,1987,Upper middle income,,,1987,Upper middle income,UMIC
OMN,2003,Upper middle income,No,,2003,Upper middle income,UMIC
OMN,2008,High income,No,,2008,High income,HIC
OMN,2009,High income,No,,2009,High income,HIC
OMN,1993,Upper middle income,,,1993,Upper middle income,UMIC
OMN,2021,High income,No,,2021,High income,HIC
OMN,2011,High income,No,,2011,High income,HIC
OMN,2001,Upper middle income,No,,2001,Upper middle income,UMIC
OMN,2005,Upper middle income,No,,2005,Upper middle income,UMIC
OMN,2007,High income,No,,2007,High income,HIC
OMN,2024,High income,No,,2024,High income,HIC
OMN,1994,Upper middle income,,,1994,Upper middle income,UMIC
OMN,2002,Upper middle income,No,,2002,Upper middle income,UMIC
OMN,1988,Upper middle income,,,1988,Upper middle income,UMIC
OMN,1992,Upper middle income,,,1992,Upper middle income,UMIC
OMN,1997,Upper middle income,,,1997,Upper middle income,UMIC
OMN,1991,Upper middle income,,,1991,Upper middle income,UMIC
OMN,1995,Upper middle income,,,1995,Upper middle income,UMIC
OMN,2023,High income,No,,2023,High income,HIC
OMN,2016,High income,No,,2016,High income,HIC
OMN,2018,High income,No,,2018,High income,HIC
OMN,1990,Upper middle income,,,1990,Upper middle income,UMIC
OMN,2017,High income,No,,2017,High income,HIC
OMN,1996,Upper middle income,,,1996,Upper middle income,UMIC
OMN,2013,High income,No,,2013,High income,HIC
PAK,2016,Lower middle income,No,,2016,Lower middle income,LMIC
PAK,2004,Low income,No,,2004,Low income,LIC
PAK,2000,Low income,No,,2000,Low income,LIC
PAK,2003,Low income,No,,2003,Low income,LIC
PAK,2005,Low income,No,,2005,Low income,LIC
PAK,1990,Low income,,,1990,Low income,LIC
PAK,1993,Low income,,,1993,Low income,LIC
PAK,1998,Low income,No,,1998,Low income,LIC
PAK,2020,Lower middle income,No,,2020,Lower middle income,LMIC
PAK,2008,Lower middle income,No,,2008,Lower middle income,LMIC
PAK,1992,Low income,,,1992,Low income,LIC
PAK,2022,Lower middle income,No,,2022,Lower middle income,LMIC
PAK,1997,Low income,,,1997,Low income,LIC
PAK,2018,Lower middle income,No,,2018,Lower middle income,LMIC
PAK,2002,Low income,No,,2002,Low income,LIC
PAK,1988,Low income,,,1988,Low income,LIC
PAK,1987,Low income,,,1987,Low income,LIC
PAK,2010,Lower middle income,No,,2010,Lower middle income,LMIC
PAK,2023,Lower middle income,No,,2023,Lower middle income,LMIC
PAK,1995,Low income,,,1995,Low income,LIC
PAK,2015,Lower middle income,No,,2015,Lower middle income,LMIC
PAK,2019,Lower middle income,No,,2019,Lower middle income,LMIC
PAK,2012,Lower middle income,No,,2012,Lower middle income,LMIC
PAK,2007,Low income,No,,2007,Low income,LIC
PAK,2009,Lower middle income,No,,2009,Lower middle income,LMIC
PAK,2013,Lower middle income,No,,2013,Lower middle income,LMIC
PAK,1996,Low income,,,1996,Low income,LIC
PAK,2017,Lower middle income,No,,2017,Lower middle income,LMIC
PAK,2001,Low income,No,,2001,Low income,LIC
PAK,1994,Low income,,,1994,Low income,LIC
PAK,2006,Low income,No,,2006,Low income,LIC
PAK,1991,Low income,,,1991,Low income,LIC
PAK,1999,Low income,No,,1999,Low income,LIC
PAK,2024,Lower middle income,No,,2024,Lower middle income,LMIC
PAK,2014,Lower middle income,No,,2014,Lower middle income,LMIC
PAK,2021,Lower middle income,No,,2021,Lower middle income,LMIC
PAK,2011,Lower middle income,No,,2011,Lower middle income,LMIC
PAK,1989,Low income,,,1989,Low income,LIC
PAN,1987,Upper middle income,,,1987,Upper middle income,UMIC
PAN,2023,High income,No,,2023,High income,HIC
PAN,2008,Upper middle income,No,,2008,Upper middle income,UMIC
PAN,1993,Lower middle income,,,1993,Lower middle income,LMIC
PAN,2003,Upper middle income,No,,2003,Upper middle income,UMIC
PAN,1996,Lower middle income,,,1996,Lower middle income,LMIC
PAN,2013,Upper middle income,No,,2013,Upper middle income,UMIC
PAN,2021,High income,No,,2021,High income,HIC
PAN,2020,Upper middle income,No,,2020,Upper middle income,UMIC
PAN,2006,Upper middle income,No,,2006,Upper middle income,UMIC
PAN,2007,Upper middle income,No,,2007,Upper middle income,UMIC
PAN,2011,Upper middle income,No,,2011,Upper middle income,UMIC
PAN,2001,Upper middle income,No,,2001,Upper middle income,UMIC
PAN,2018,High income,No,,2018,High income,HIC
PAN,2019,High income,No,,2019,High income,HIC
PAN,2024,High income,No,,2024,High income,HIC
PAN,2016,Upper middle income,No,,2016,Upper middle income,UMIC
PAN,1988,Lower middle income,,,1988,Lower middle income,LMIC
PAN,2014,Upper middle income,No,,2014,Upper middle income,UMIC
PAN,2022,High income,No,,2022,High income,HIC
PAN,1995,Lower middle income,,,1995,Lower middle income,LMIC
PAN,2004,Upper middle income,No,,2004,Upper middle income,UMIC
PAN,1991,Lower middle income,,,1991,Lower middle income,LMIC
PAN,1992,Lower middle income,,,1992,Lower middle income,LMIC
PAN,2009,Upper middle income,No,,2009,Upper middle income,UMIC
PAN,1990,Lower middle income,,,1990,Lower middle income,LMIC
PAN,2010,Upper middle income,No,,2010,Upper middle income,UMIC
PAN,2017,High income,No,,2017,High income,HIC
PAN,1999,Upper middle income,No,,1999,Upper middle income,UMIC
PAN,1997,Lower middle income,,,1997,Lower middle income,LMIC
PAN,2015,Upper middle income,No,,2015,Upper middle income,UMIC
PAN,1998,Upper middle income,No,,1998,Upper middle income,UMIC
PAN,2012,Upper middle income,No,,2012,Upper middle income,UMIC
PAN,1994,Lower middle income,,,1994,Lower middle income,LMIC
PAN,1989,Lower middle income,,,1989,Lower middle income,LMIC
PAN,2005,Upper middle income,No,,2005,Upper middle income,UMIC
PAN,2000,Upper middle income,No,,2000,Upper middle income,UMIC
PAN,2002,Upper middle income,No,,2002,Upper middle income,UMIC
PER,2018,Upper middle income,No,,2018,Upper middle income,UMIC
PER,1993,Lower middle income,,,1993,Lower middle income,LMIC
PER,1987,Lower middle income,,,1987,Lower middle income,LMIC
PER,2021,Upper middle income,No,,2021,Upper middle income,UMIC
PER,1998,Lower middle income,No,,1998,Lower middle income,LMIC
PER,2010,Upper middle income,No,,2010,Upper middle income,UMIC
PER,2008,Upper middle income,No,,2008,Upper middle income,UMIC
PER,1992,Lower middle income,,,1992,Lower middle income,LMIC
PER,1989,Lower middle income,,,1989,Lower middle income,LMIC
PER,2007,Lower middle income,No,,2007,Lower middle income,LMIC
PER,2022,Upper middle income,No,,2022,Upper middle income,UMIC
PER,2012,Upper middle income,No,,2012,Upper middle income,UMIC
PER,1991,Lower middle income,,,1991,Lower middle income,LMIC
PER,1999,Lower middle income,No,,1999,Lower middle income,LMIC
PER,2024,Upper middle income,No,,2024,Upper middle income,UMIC
PER,1990,Lower middle income,,,1990,Lower middle income,LMIC
PER,2003,Lower middle income,No,,2003,Lower middle income,LMIC
PER,2015,Upper middle income,No,,2015,Upper middle income,UMIC
PER,2023,Upper middle income,No,,2023,Upper middle income,UMIC
PER,2004,Lower middle income,No,,2004,Lower middle income,LMIC
PER,2005,Lower middle income,No,,2005,Lower middle income,LMIC
PER,2019,Upper middle income,No,,2019,Upper middle income,UMIC
PER,2006,Lower middle income,No,,2006,Lower middle income,LMIC
PER,2009,Upper middle income,No,,2009,Upper middle income,UMIC
PER,2014,Upper middle income,No,,2014,Upper middle income,UMIC
PER,2000,Lower middle income,No,,2000,Lower middle income,LMIC
PER,2001,Lower middle income,No,,2001,Lower middle income,LMIC
PER,1995,Lower middle income,,,1995,Lower middle income,LMIC
PER,1997,Lower middle income,,,1997,Lower middle income,LMIC
PER,2013,Upper middle income,No,,2013,Upper middle income,UMIC
PER,2020,Upper middle income,No,,2020,Upper middle income,UMIC
PER,2011,Upper middle income,No,,2011,Upper middle income,UMIC
PER,2016,Upper middle income,No,,2016,Upper middle income,UMIC
PER,1994,Lower middle income,,,1994,Lower middle income,LMIC
PER,1996,Lower middle income,,,1996,Lower middle income,LMIC
PER,2017,Upper middle income,No,,2017,Upper middle income,UMIC
PER,2002,Lower middle income,No,,2002,Lower middle income,LMIC
PER,1988,Lower middle income,,,1988,Lower middle income,LMIC
PHL,2018,Lower middle income,No,,2018,Lower middle income,LMIC
PHL,2017,Lower middle income,No,,2017,Lower middle income,LMIC
PHL,2002,Lower middle income,No,,2002,Lower middle income,LMIC
PHL,2009,Lower middle income,No,,2009,Lower middle income,LMIC
PHL,2014,Lower middle income,No,,2014,Lower middle income,LMIC
PHL,2022,Lower middle income,No,,2022,Lower middle income,LMIC
PHL,2000,Lower middle income,No,,2000,Lower middle income,LMIC
PHL,2005,Lower middle income,No,,2005,Lower middle income,LMIC
PHL,2019,Lower middle income,No,,2019,Lower middle income,LMIC
PHL,2021,Lower middle income,No,,2021,Lower middle income,LMIC
PHL,1989,Lower middle income,,,1989,Lower middle income,LMIC
PHL,1996,Lower middle income,,,1996,Lower middle income,LMIC
PHL,2011,Lower middle income,No,,2011,Lower middle income,LMIC
PHL,2016,Lower middle income,No,,2016,Lower middle income,LMIC
PHL,1999,Lower middle income,No,,1999,Lower middle income,LMIC
PHL,2007,Lower middle income,No,,2007,Lower middle income,LMIC
PHL,1998,Lower middle income,No,,1998,Lower middle income,LMIC
PHL,1995,Lower middle income,,,1995,Lower middle income,LMIC
PHL,2013,Lower middle income,No,,2013,Lower middle income,LMIC
PHL,1990,Lower middle income,,,1990,Lower middle income,LMIC
PHL,2008,Lower middle income,No,,2008,Lower middle income,LMIC
PHL,2010,Lower middle income,No,,2010,Lower middle income,LMIC
PHL,1988,Lower middle income,,,1988,Lower middle income,LMIC
PHL,2012,Lower middle income,No,,2012,Lower middle income,LMIC
PHL,2023,Lower middle income,No,,2023,Lower middle income,LMIC
PHL,2006,Lower middle income,No,,2006,Lower middle income,LMIC
PHL,1993,Lower middle income,,,1993,Lower middle income,LMIC
PHL,2004,Lower middle income,No,,2004,Lower middle income,LMIC
PHL,1992,Lower middle income,,,1992,Lower middle income,LMIC
PHL,1994,Lower middle income,,,1994,Lower middle income,LMIC
PHL,2024,Lower middle income,No,,2024,Lower middle income,LMIC
PHL,1987,Lower middle income,,,1987,Lower middle income,LMIC
PHL,2003,Lower middle income,No,,2003,Lower middle income,LMIC
PHL,2001,Lower middle income,No,,2001,Lower middle income,LMIC
PHL,2015,Lower middle income,No,,2015,Lower middle income,LMIC
PHL,1991,Lower middle income,,,1991,Lower middle income,LMIC
PHL,2020,Lower middle income,No,,2020,Lower middle income,LMIC
PHL,1997,Lower middle income,,,1997,Lower middle income,LMIC
PLW,2021,Upper middle income,No,,2021,Upper middle income,UMIC
PLW,2003,Upper middle income,No,,2003,Upper middle income,UMIC
PLW,1998,Upper middle income,No,,1998,Upper middle income,UMIC
PLW,2020,High income,No,,2020,High income,HIC
PLW,2012,Upper middle income,No,,2012,Upper middle income,UMIC
PLW,2024,High income,No,,2024,High income,HIC
PLW,2018,High income,No,,2018,High income,HIC
PLW,1987,Upper middle income,,,1987,Upper middle income,UMIC
PLW,2008,Upper middle income,No,,2008,Upper middle income,UMIC
PLW,2009,Upper middle income,No,,2009,Upper middle income,UMIC
PLW,1995,Upper middle income,,,1995,Upper middle income,UMIC
PLW,2017,High income,No,,2017,High income,HIC
PLW,2002,Upper middle income,No,,2002,Upper middle income,UMIC
PLW,2007,Upper middle income,No,,2007,Upper middle income,UMIC
PLW,1996,Upper middle income,,,1996,Upper middle income,UMIC
PLW,2006,Upper middle income,No,,2006,Upper middle income,UMIC
PLW,2019,High income,No,,2019,High income,HIC
PLW,1994,Upper middle income,,,1994,Upper middle income,UMIC
PLW,1999,Upper middle income,No,,1999,Upper middle income,UMIC
PLW,2000,Upper middle income,No,,2000,Upper middle income,UMIC
PLW,1989,Upper middle income,,,1989,Upper middle income,UMIC
PLW,1990,Upper middle income,,,1990,Upper middle income,UMIC
PLW,1993,Upper middle income,,,1993,Upper middle income,UMIC
PLW,2015,Upper middle income,No,,2015,Upper middle income,UMIC
PLW,2023,High income,No,,2023,High income,HIC
PLW,2013,Upper middle income,No,,2013,Upper middle income,UMIC
PLW,2001,Upper middle income,No,,2001,Upper middle income,UMIC
PLW,1988,Upper middle income,,,1988,Upper middle income,UMIC
PLW,1991,Upper middle income,,,1991,Upper middle income,UMIC
PLW,2014,Upper middle income,No,,2014,Upper middle income,UMIC
PLW,2005,Upper middle income,No,,2005,Upper middle income,UMIC
PLW,2011,Upper middle income,No,,2011,Upper middle income,UMIC
PLW,2010,Upper middle income,No,,2010,Upper middle income,UMIC
PLW,1997,Upper middle income,,,1997,Upper middle income,UMIC
PLW,2016,High income,No,,2016,High income,HIC
PLW,2004,Upper middle income,No,,2004,Upper middle income,UMIC
PLW,2022,Upper middle income,No,,2022,Upper middle income,UMIC
PLW,1992,Upper middle income,,,1992,Upper middle income,UMIC
PNG,2003,Low income,Yes,,2003,Low income,LIC
PNG,2018,Lower middle income,Yes,,2018,Lower middle income,LMIC
PNG,2020,Lower middle income,Yes,,2020,Lower middle income,LMIC
PNG,1992,Lower middle income,,,1992,Lower middle income,LMIC
PNG,1991,Lower middle income,,,1991,Lower middle income,LMIC
PNG,1987,Lower middle income,,,1987,Lower middle income,LMIC
PNG,2017,Lower middle income,Yes,,2017,Lower middle income,LMIC
PNG,2012,Lower middle income,No,,2012,Lower middle income,LMIC
PNG,1989,Lower middle income,,,1989,Lower middle income,LMIC
PNG,2014,Lower middle income,No,,2014,Lower middle income,LMIC
PNG,2007,Low income,No,,2007,Low income,LIC
PNG,2001,Low income,Yes,,2001,Low income,LIC
PNG,1990,Lower middle income,,,1990,Lower middle income,LMIC
PNG,1994,Lower middle income,,,1994,Lower middle income,LMIC
PNG,2002,Low income,Yes,,2002,Low income,LIC
PNG,2022,Lower middle income,Yes,,2022,Lower middle income,LMIC
PNG,1993,Lower middle income,,,1993,Lower middle income,LMIC
PNG,2005,Low income,Yes,,2005,Low income,LIC
PNG,1995,Lower middle income,,,1995,Lower middle income,LMIC
PNG,2011,Lower middle income,No,,2011,Lower middle income,LMIC
PNG,2015,Lower middle income,Yes,,2015,Lower middle income,LMIC
PNG,2021,Lower middle income,Yes,,2021,Lower middle income,LMIC
PNG,1996,Lower middle income,,,1996,Lower middle income,LMIC
PNG,2009,Lower middle income,No,,2009,Lower middle income,LMIC
PNG,2006,Low income,Yes,,2006,Low income,LIC
PNG,2000,Lower middle income,No,,2000,Lower middle income,LMIC
PNG,2016,Lower middle income,Yes,,2016,Lower middle income,LMIC
PNG,1997,Lower middle income,,,1997,Lower middle income,LMIC
PNG,2023,Lower middle income,Yes,,2023,Lower middle income,LMIC
PNG,1988,Lower middle income,,,1988,Lower middle income,LMIC
PNG,2024,Lower middle income,Yes,,2024,Lower middle income,LMIC
PNG,2013,Lower middle income,No,,2013,Lower middle income,LMIC
PNG,2008,Lower middle income,Yes,,2008,Lower middle income,LMIC
PNG,1999,Lower middle income,No,,1999,Lower middle income,LMIC
PNG,1998,Lower middle income,No,,1998,Lower middle income,LMIC
PNG,2010,Lower middle income,No,,2010,Lower middle income,LMIC
PNG,2019,Lower middle income,Yes,,2019,Lower middle income,LMIC
PNG,2004,Low income,Yes,,2004,Low income,LIC
POL,2003,Upper middle income,No,,2003,Upper middle income,UMIC
POL,2022,High income,No,,2022,High income,HIC
POL,2023,High income,No,,2023,High income,HIC
POL,2002,Upper middle income,No,,2002,Upper middle income,UMIC
POL,1989,Lower middle income,,,1989,Lower middle income,LMIC
POL,1999,Upper middle income,No,,1999,Upper middle income,UMIC
POL,2012,High income,No,,2012,High income,HIC
POL,1998,Upper middle income,No,,1998,Upper middle income,UMIC
POL,2006,Upper middle income,No,,2006,Upper middle income,UMIC
POL,1988,Lower middle income,,,1988,Lower middle income,LMIC
POL,1991,Lower middle income,,,1991,Lower middle income,LMIC
POL,1994,Lower middle income,,,1994,Lower middle income,LMIC
POL,2011,High income,No,,2011,High income,HIC
POL,2008,Upper middle income,No,,2008,Upper middle income,UMIC
POL,2013,High income,No,,2013,High income,HIC
POL,2020,High income,No,,2020,High income,HIC
POL,2004,Upper middle income,No,,2004,Upper middle income,UMIC
POL,2015,High income,No,,2015,High income,HIC
POL,1990,Lower middle income,,,1990,Lower middle income,LMIC
POL,2018,High income,No,,2018,High income,HIC
POL,1997,Upper middle income,,,1997,Upper middle income,UMIC
POL,1992,Lower middle income,,,1992,Lower middle income,LMIC
POL,2005,Upper middle income,No,,2005,Upper middle income,UMIC
POL,1996,Upper middle income,,,1996,Upper middle income,UMIC
POL,2007,Upper middle income,No,,2007,Upper middle income,UMIC
POL,2000,Upper middle income,No,,2000,Upper middle income,UMIC
POL,2009,High income,No,,2009,High income,HIC
POL,2014,High income,No,,2014,High income,HIC
POL,2016,High income,No,,2016,High income,HIC
POL,2019,High income,No,,2019,High income,HIC
POL,2024,High income,No,,2024,High income,HIC
POL,1995,Lower middle income,,,1995,Lower middle income,LMIC
POL,2021,High income,No,,2021,High income,HIC
POL,2017,High income,No,,2017,High income,HIC
POL,1993,Lower middle income,,,1993,Lower middle income,LMIC
POL,2010,High income,No,,2010,High income,HIC
POL,1987,Lower middle income,,,1987,Lower middle income,LMIC
POL,2001,Upper middle income,No,,2001,Upper middle income,UMIC
PRI,2023,High income,No,,2023,High income,HIC
PRI,2012,High income,No,,2012,High income,HIC
PRI,1993,Upper middle income,,,1993,Upper middle income,UMIC
PRI,2019,High income,No,,2019,High income,HIC
PRI,2015,High income,No,,2015,High income,HIC
PRI,2001,Upper middle income,No,,2001,Upper middle income,UMIC
PRI,2002,High income,No,,2002,High income,HIC
PRI,2021,High income,No,,2021,High income,HIC
PRI,1988,Upper middle income,,,1988,Upper middle income,UMIC
PRI,1992,Upper middle income,,,1992,Upper middle income,UMIC
PRI,1996,Upper middle income,,,1996,Upper middle income,UMIC
PRI,2016,High income,No,,2016,High income,HIC
PRI,2007,High income,No,,2007,High income,HIC
PRI,2017,High income,No,,2017,High income,HIC
PRI,2003,High income,No,,2003,High income,HIC
PRI,2014,High income,No,,2014,High income,HIC
PRI,2013,High income,No,,2013,High income,HIC
PRI,2024,High income,No,,2024,High income,HIC
PRI,2005,High income,No,,2005,High income,HIC
PRI,1991,Upper middle income,,,1991,Upper middle income,UMIC
PRI,1997,Upper middle income,,,1997,Upper middle income,UMIC
PRI,1987,Upper middle income,,,1987,Upper middle income,UMIC
PRI,2004,High income,No,,2004,High income,HIC
PRI,2008,High income,No,,2008,High income,HIC
PRI,2018,High income,No,,2018,High income,HIC
PRI,2020,High income,No,,2020,High income,HIC
PRI,1990,Upper middle income,,,1990,Upper middle income,UMIC
PRI,2006,High income,No,,2006,High income,HIC
PRI,1994,Upper middle income,,,1994,Upper middle income,UMIC
PRI,1989,High income,,,1989,High income,HIC
PRI,1998,Upper middle income,No,,1998,Upper middle income,UMIC
PRI,2022,High income,No,,2022,High income,HIC
PRI,1999,Upper middle income,No,,1999,Upper middle income,UMIC
PRI,2000,Upper middle income,No,,2000,Upper middle income,UMIC
PRI,2009,High income,No,,2009,High income,HIC
PRI,2011,High income,No,,2011,High income,HIC
PRI,1995,Upper middle income,,,1995,Upper middle income,UMIC
PRI,2010,High income,No,,2010,High income,HIC
PRK,2024,Low income,No,,2024,Low income,LIC
PRK,1989,Lower middle income,,,1989,Lower middle income,LMIC
PRK,2012,Low income,No,,2012,Low income,LIC
PRK,1993,Lower middle income,,,1993,Lower middle income,LMIC
PRK,2002,Low income,No,,2002,Low income,LIC
PRK,2008,Low income,No,,2008,Low income,LIC
PRK,2011,Low income,No,,2011,Low income,LIC
PRK,1992,Lower middle income,,,1992,Lower middle income,LMIC
PRK,2019,Low income,No,,2019,Low income,LIC
PRK,1997,Lower middle income,,,1997,Lower middle income,LMIC
PRK,2001,Low income,No,,2001,Low income,LIC
PRK,2014,Low income,No,,2014,Low income,LIC
PRK,2004,Low income,No,,2004,Low income,LIC
PRK,2000,Low income,No,,2000,Low income,LIC
PRK,2023,Low income,No,,2023,Low income,LIC
PRK,2006,Low income,No,,2006,Low income,LIC
PRK,2005,Low income,No,,2005,Low income,LIC
PRK,1991,Lower middle income,,,1991,Lower middle income,LMIC
PRK,2003,Low income,No,,2003,Low income,LIC
PRK,2015,Low income,No,,2015,Low income,LIC
PRK,1996,Lower middle income,,,1996,Lower middle income,LMIC
PRK,2007,Low income,No,,2007,Low income,LIC
PRK,2022,Low income,No,,2022,Low income,LIC
PRK,2010,Low income,No,,2010,Low income,LIC
PRK,1999,Low income,No,,1999,Low income,LIC
PRK,2018,Low income,No,,2018,Low income,LIC
PRK,2020,Low income,No,,2020,Low income,LIC
PRK,2021,Low income,No,,2021,Low income,LIC
PRK,2016,Low income,No,,2016,Low income,LIC
PRK,1995,Lower middle income,,,1995,Lower middle income,LMIC
PRK,1988,Lower middle income,,,1988,Lower middle income,LMIC
PRK,2017,Low income,No,,2017,Low income,LIC
PRK,1987,Lower middle income,,,1987,Lower middle income,LMIC
PRK,2009,Low income,No,,2009,Low income,LIC
PRK,2013,Low income,No,,2013,Low income,LIC
PRK,1990,Lower middle income,,,1990,Lower middle income,LMIC
PRK,1998,Low income,No,,1998,Low income,LIC
PRK,1994,Lower middle income,,,1994,Lower middle income,LMIC
PRT,2014,High income,No,,2014,High income,HIC
PRT,2024,High income,No,,2024,High income,HIC
PRT,2002,High income,No,,2002,High income,HIC
PRT,1990,Upper middle income,,,1990,Upper middle income,UMIC
PRT,2006,High income,No,,2006,High income,HIC
PRT,1991,Upper middle income,,,1991,Upper middle income,UMIC
PRT,2008,High income,No,,2008,High income,HIC
PRT,2021,High income,No,,2021,High income,HIC
PRT,2019,High income,No,,2019,High income,HIC
PRT,2015,High income,No,,2015,High income,HIC
PRT,1996,High income,,,1996,High income,HIC
PRT,2001,High income,No,,2001,High income,HIC
PRT,1987,Upper middle income,,,1987,Upper middle income,UMIC
PRT,2017,High income,No,,2017,High income,HIC
PRT,2018,High income,No,,2018,High income,HIC
PRT,1988,Upper middle income,,,1988,Upper middle income,UMIC
PRT,2007,High income,No,,2007,High income,HIC
PRT,2022,High income,No,,2022,High income,HIC
PRT,2016,High income,No,,2016,High income,HIC
PRT,2020,High income,No,,2020,High income,HIC
PRT,2000,High income,No,,2000,High income,HIC
PRT,1997,High income,,,1997,High income,HIC
PRT,1995,High income,,,1995,High income,HIC
PRT,1994,High income,,,1994,High income,HIC
PRT,2005,High income,No,,2005,High income,HIC
PRT,1992,Upper middle income,,,1992,Upper middle income,UMIC
PRT,2010,High income,No,,2010,High income,HIC
PRT,1998,High income,No,,1998,High income,HIC
PRT,2011,High income,No,,2011,High income,HIC
PRT,2013,High income,No,,2013,High income,HIC
PRT,1999,High income,No,,1999,High income,HIC
PRT,2003,High income,No,,2003,High income,HIC
PRT,2012,High income,No,,2012,High income,HIC
PRT,2009,High income,No,,2009,High income,HIC
PRT,2023,High income,No,,2023,High income,HIC
PRT,1993,Upper middle income,,,1993,Upper middle income,UMIC
PRT,1989,Upper middle income,,,1989,Upper middle income,UMIC
PRT,2004,High income,No,,2004,High income,HIC
PRY,2009,Lower middle income,No,,2009,Lower middle income,LMIC
PRY,2002,Lower middle income,No,,2002,Lower middle income,LMIC
PRY,1989,Lower middle income,,,1989,Lower middle income,LMIC
PRY,1995,Lower middle income,,,1995,Lower middle income,LMIC
PRY,1988,Lower middle income,,,1988,Lower middle income,LMIC
PRY,1993,Lower middle income,,,1993,Lower middle income,LMIC
PRY,2018,Upper middle income,No,,2018,Upper middle income,UMIC
PRY,1997,Lower middle income,,,1997,Lower middle income,LMIC
PRY,2012,Lower middle income,No,,2012,Lower middle income,LMIC
PRY,1990,Lower middle income,,,1990,Lower middle income,LMIC
PRY,2011,Lower middle income,No,,2011,Lower middle income,LMIC
PRY,2017,Upper middle income,No,,2017,Upper middle income,UMIC
PRY,2001,Lower middle income,No,,2001,Lower middle income,LMIC
PRY,2005,Lower middle income,No,,2005,Lower middle income,LMIC
PRY,2022,Upper middle income,No,,2022,Upper middle income,UMIC
PRY,2008,Lower middle income,No,,2008,Lower middle income,LMIC
PRY,2024,Upper middle income,No,,2024,Upper middle income,UMIC
PRY,2007,Lower middle income,No,,2007,Lower middle income,LMIC
PRY,2020,Upper middle income,No,,2020,Upper middle income,UMIC
PRY,1992,Lower middle income,,,1992,Lower middle income,LMIC
PRY,2021,Upper middle income,No,,2021,Upper middle income,UMIC
PRY,1996,Lower middle income,,,1996,Lower middle income,LMIC
PRY,2000,Lower middle income,No,,2000,Lower middle income,LMIC
PRY,1994,Lower middle income,,,1994,Lower middle income,LMIC
PRY,2003,Lower middle income,No,,2003,Lower middle income,LMIC
PRY,1991,Lower middle income,,,1991,Lower middle income,LMIC
PRY,2004,Lower middle income,No,,2004,Lower middle income,LMIC
PRY,2019,Upper middle income,No,,2019,Upper middle income,UMIC
PRY,2023,Upper middle income,No,,2023,Upper middle income,UMIC
PRY,2014,Upper middle income,No,,2014,Upper middle income,UMIC
PRY,2013,Lower middle income,No,,2013,Lower middle income,LMIC
PRY,2015,Upper middle income,No,,2015,Upper middle income,UMIC
PRY,1998,Lower middle income,No,,1998,Lower middle income,LMIC
PRY,2016,Upper middle income,No,,2016,Upper middle income,UMIC
PRY,2006,Lower middle income,No,,2006,Lower middle income,LMIC
PRY,2010,Lower middle income,No,,2010,Lower middle income,LMIC
PRY,1999,Lower middle income,No,,1999,Lower middle income,LMIC
PRY,1987,Lower middle income,,,1987,Lower middle income,LMIC
PSE,2018,Lower middle income,Yes,,2018,Lower middle income,LMIC
PSE,2016,Lower middle income,Yes,,2016,Lower middle income,LMIC
PSE,2013,Lower middle income,Yes,,2013,Lower middle income,LMIC
PSE,1999,Lower middle income,Yes,,1999,Lower middle income,LMIC
PSE,1991,Lower middle income,,,1991,Lower middle income,LMIC
PSE,2002,Lower middle income,Yes,,2002,Lower middle income,LMIC
PSE,2020,Lower middle income,Yes,,2020,Lower middle income,LMIC
PSE,2015,Lower middle income,Yes,,2015,Lower middle income,LMIC
PSE,1997,Lower middle income,,,1997,Lower middle income,LMIC
PSE,2003,Lower middle income,Yes,,2003,Lower middle income,LMIC
PSE,1989,Lower middle income,,,1989,Lower middle income,LMIC
PSE,2019,Lower middle income,Yes,,2019,Lower middle income,LMIC
PSE,1988,Lower middle income,,,1988,Lower middle income,LMIC
PSE,2010,Lower middle income,Yes,,2010,Lower middle income,LMIC
PSE,2011,Lower middle income,Yes,,2011,Lower middle income,LMIC
PSE,1996,Lower middle income,,,1996,Lower middle income,LMIC
PSE,2014,Lower middle income,Yes,,2014,Lower middle income,LMIC
PSE,2009,Lower middle income,Yes,,2009,Lower middle income,LMIC
PSE,2006,Lower middle income,Yes,,2006,Lower middle income,LMIC
PSE,2022,Upper middle income,Yes,,2022,Upper middle income,UMIC
PSE,2008,Lower middle income,Yes,,2008,Lower middle income,LMIC
PSE,1987,Lower middle income,,,1987,Lower middle income,LMIC
PSE,2004,Lower middle income,Yes,,2004,Lower middle income,LMIC
PSE,1994,Lower middle income,,,1994,Lower middle income,LMIC
PSE,1993,Lower middle income,,,1993,Lower middle income,LMIC
PSE,2005,Lower middle income,Yes,,2005,Lower middle income,LMIC
PSE,1990,Lower middle income,,,1990,Lower middle income,LMIC
PSE,2024,Lower middle income,Yes,,2024,Lower middle income,LMIC
PSE,2007,Lower middle income,Yes,,2007,Lower middle income,LMIC
PSE,2017,Lower middle income,Yes,,2017,Lower middle income,LMIC
PSE,2023,Lower middle income,Yes,,2023,Lower middle income,LMIC
PSE,2012,Lower middle income,Yes,,2012,Lower middle income,LMIC
PSE,2021,Lower middle income,Yes,,2021,Lower middle income,LMIC
PSE,1992,Lower middle income,,,1992,Lower middle income,LMIC
PSE,1998,Lower middle income,Yes,,1998,Lower middle income,LMIC
PSE,2000,Lower middle income,Yes,,2000,Lower middle income,LMIC
PSE,1995,Lower middle income,,,1995,Lower middle income,LMIC
PSE,2001,Lower middle income,Yes,,2001,Lower middle income,LMIC
PYF,2015,High income,No,,2015,High income,HIC
PYF,1987,High income,,,1987,High income,HIC
PYF,2022,High income,No,,2022,High income,HIC
PYF,1993,High income,,,1993,High income,HIC
PYF,1992,High income,,,1992,High income,HIC
PYF,2016,High income,No,,2016,High income,HIC
PYF,1995,High income,,,1995,High income,HIC
PYF,2021,High income,No,,2021,High income,HIC
PYF,2020,High income,No,,2020,High income,HIC
PYF,2003,High income,No,,2003,High income,HIC
PYF,2017,High income,No,,2017,High income,HIC
PYF,2023,High income,No,,2023,High income,HIC
PYF,2004,High income,No,,2004,High income,HIC
PYF,1990,High income,,,1990,High income,HIC
PYF,2024,High income,No,,2024,High income,HIC
PYF,2009,High income,No,,2009,High income,HIC
PYF,2012,High income,No,,2012,High income,HIC
PYF,1997,High income,,,1997,High income,HIC
PYF,1999,High income,No,,1999,High income,HIC
PYF,2010,High income,No,,2010,High income,HIC
PYF,1988,High income,,,1988,High income,HIC
PYF,2001,High income,No,,2001,High income,HIC
PYF,2002,High income,No,,2002,High income,HIC
PYF,2014,High income,No,,2014,High income,HIC
PYF,1996,High income,,,1996,High income,HIC
PYF,1994,High income,,,1994,High income,HIC
PYF,2013,High income,No,,2013,High income,HIC
PYF,2008,High income,No,,2008,High income,HIC
PYF,2005,High income,No,,2005,High income,HIC
PYF,2006,High income,No,,2006,High income,HIC
PYF,2011,High income,No,,2011,High income,HIC
PYF,1998,High income,No,,1998,High income,HIC
PYF,1991,High income,,,1991,High income,HIC
PYF,2019,High income,No,,2019,High income,HIC
PYF,2007,High income,No,,2007,High income,HIC
PYF,1989,High income,,,1989,High income,HIC
PYF,2018,High income,No,,2018,High income,HIC
PYF,2000,High income,No,,2000,High income,HIC
QAT,2006,High income,No,,2006,High income,HIC
QAT,1987,High income,,,1987,High income,HIC
QAT,2023,High income,No,,2023,High income,HIC
QAT,1999,High income,No,,1999,High income,HIC
QAT,2012,High income,No,,2012,High income,HIC
QAT,2013,High income,No,,2013,High income,HIC
QAT,2014,High income,No,,2014,High income,HIC
QAT,2005,High income,No,,2005,High income,HIC
QAT,2000,High income,No,,2000,High income,HIC
QAT,1996,High income,,,1996,High income,HIC
QAT,2020,High income,No,,2020,High income,HIC
QAT,1989,High income,,,1989,High income,HIC
QAT,2003,High income,No,,2003,High income,HIC
QAT,2021,High income,No,,2021,High income,HIC
QAT,2001,High income,No,,2001,High income,HIC
QAT,2010,High income,No,,2010,High income,HIC
QAT,2007,High income,No,,2007,High income,HIC
QAT,1993,High income,,,1993,High income,HIC
QAT,1997,High income,,,1997,High income,HIC
QAT,2004,High income,No,,2004,High income,HIC
QAT,1994,High income,,,1994,High income,HIC
QAT,2018,High income,No,,2018,High income,HIC
QAT,2017,High income,No,,2017,High income,HIC
QAT,2016,High income,No,,2016,High income,HIC
QAT,2024,High income,No,,2024,High income,HIC
QAT,2002,High income,No,,2002,High income,HIC
QAT,1988,High income,,,1988,High income,HIC
QAT,2022,High income,No,,2022,High income,HIC
QAT,2019,High income,No,,2019,High income,HIC
QAT,2015,High income,No,,2015,High income,HIC
QAT,2011,High income,No,,2011,High income,HIC
QAT,1991,High income,,,1991,High income,HIC
QAT,2009,High income,No,,2009,High income,HIC
QAT,1990,High income,,,1990,High income,HIC
QAT,1992,High income,,,1992,High income,HIC
QAT,2008,High income,No,,2008,High income,HIC
QAT,1995,High income,,,1995,High income,HIC
QAT,1998,High income,No,,1998,High income,HIC
ROU,1988,Upper middle income,,,1988,Upper middle income,UMIC
ROU,2014,Upper middle income,No,,2014,Upper middle income,UMIC
ROU,2020,Upper middle income,No,,2020,Upper middle income,UMIC
ROU,2024,High income,No,,2024,High income,HIC
ROU,2016,Upper middle income,No,,2016,Upper middle income,UMIC
ROU,2005,Upper middle income,No,,2005,Upper middle income,UMIC
ROU,2023,High income,No,,2023,High income,HIC
ROU,2019,High income,No,,2019,High income,HIC
ROU,1991,Lower middle income,,,1991,Lower middle income,LMIC
ROU,1998,Lower middle income,No,,1998,Lower middle income,LMIC
ROU,2007,Upper middle income,No,,2007,Upper middle income,UMIC
ROU,1996,Lower middle income,,,1996,Lower middle income,LMIC
ROU,1987,Upper middle income,,,1987,Upper middle income,UMIC
ROU,2000,Lower middle income,No,,2000,Lower middle income,LMIC
ROU,2015,Upper middle income,No,,2015,Upper middle income,UMIC
ROU,2011,Upper middle income,No,,2011,Upper middle income,UMIC
ROU,2022,High income,No,,2022,High income,HIC
ROU,2004,Lower middle income,No,,2004,Lower middle income,LMIC
ROU,1995,Lower middle income,,,1995,Lower middle income,LMIC
ROU,2013,Upper middle income,No,,2013,Upper middle income,UMIC
ROU,2003,Lower middle income,No,,2003,Lower middle income,LMIC
ROU,1994,Lower middle income,,,1994,Lower middle income,LMIC
ROU,2006,Upper middle income,No,,2006,Upper middle income,UMIC
ROU,1992,Lower middle income,,,1992,Lower middle income,LMIC
ROU,2021,High income,No,,2021,High income,HIC
ROU,2018,Upper middle income,No,,2018,Upper middle income,UMIC
ROU,2017,Upper middle income,No,,2017,Upper middle income,UMIC
ROU,2009,Upper middle income,No,,2009,Upper middle income,UMIC
ROU,2002,Lower middle income,No,,2002,Lower middle income,LMIC
ROU,2012,Upper middle income,No,,2012,Upper middle income,UMIC
ROU,2001,Lower middle income,No,,2001,Lower middle income,LMIC
ROU,1999,Lower middle income,No,,1999,Lower middle income,LMIC
ROU,1997,Lower middle income,,,1997,Lower middle income,LMIC
ROU,1990,Lower middle income,,,1990,Lower middle income,LMIC
ROU,1989,Upper middle income,,,1989,Upper middle income,UMIC
ROU,1993,Lower middle income,,,1993,Lower middle income,LMIC
ROU,2008,Upper middle income,No,,2008,Upper middle income,UMIC
ROU,2010,Upper middle income,No,,2010,Upper middle income,UMIC
RUS,2008,Upper middle income,No,,2008,Upper middle income,UMIC
RUS,1997,Lower middle income,,,1997,Lower middle income,LMIC
RUS,2001,Lower middle income,No,,2001,Lower middle income,LMIC
RUS,2010,Upper middle income,No,,2010,Upper middle income,UMIC
RUS,1995,Lower middle income,,,1995,Lower middle income,LMIC
RUS,2006,Upper middle income,No,,2006,Upper middle income,UMIC
RUS,2012,High income,No,,2012,High income,HIC
RUS,1991,Upper middle income,,,1991,Upper middle income,UMIC
RUS,1987,Upper middle income,,,1987,Upper middle income,UMIC
RUS,2017,Upper middle income,No,,2017,Upper middle income,UMIC
RUS,2004,Upper middle income,No,,2004,Upper middle income,UMIC
RUS,2013,High income,No,,2013,High income,HIC
RUS,2024,High income,No,,2024,High income,HIC
RUS,2009,Upper middle income,No,,2009,Upper middle income,UMIC
RUS,2002,Lower middle income,No,,2002,Lower middle income,LMIC
RUS,1993,Lower middle income,,,1993,Lower middle income,LMIC
RUS,2003,Lower middle income,No,,2003,Lower middle income,LMIC
RUS,1996,Lower middle income,,,1996,Lower middle income,LMIC
RUS,1990,Upper middle income,,,1990,Upper middle income,UMIC
RUS,1998,Lower middle income,No,,1998,Lower middle income,LMIC
RUS,2019,Upper middle income,No,,2019,Upper middle income,UMIC
RUS,2023,High income,No,,2023,High income,HIC
RUS,2020,Upper middle income,No,,2020,Upper middle income,UMIC
RUS,2018,Upper middle income,No,,2018,Upper middle income,UMIC
RUS,2011,Upper middle income,No,,2011,Upper middle income,UMIC
RUS,2016,Upper middle income,No,,2016,Upper middle income,UMIC
RUS,2000,Lower middle income,No,,2000,Lower middle income,LMIC
RUS,1992,Lower middle income,,,1992,Lower middle income,LMIC
RUS,2005,Upper middle income,No,,2005,Upper middle income,UMIC
RUS,1988,Upper middle income,,,1988,Upper middle income,UMIC
RUS,2021,Upper middle income,No,,2021,Upper middle income,UMIC
RUS,1989,Upper middle income,,,1989,Upper middle income,UMIC
RUS,2022,Upper middle income,No,,2022,Upper middle income,UMIC
RUS,1999,Lower middle income,No,,1999,Lower middle income,LMIC
RUS,2007,Upper middle income,No,,2007,Upper middle income,UMIC
RUS,2015,Upper middle income,No,,2015,Upper middle income,UMIC
RUS,1994,Lower middle income,,,1994,Lower middle income,LMIC
RUS,2014,High income,No,,2014,High income,HIC
RWA,2003,Low income,No,Eastern and Southern Africa,2003,Low income,LIC
RWA,2005,Low income,No,Eastern and Southern Africa,2005,Low income,LIC
RWA,2011,Low income,No,Eastern and Southern Africa,2011,Low income,LIC
RWA,2000,Low income,No,Eastern and Southern Africa,2000,Low income,LIC
RWA,2006,Low income,No,Eastern and Southern Africa,2006,Low income,LIC
RWA,2022,Low income,No,Eastern and Southern Africa,2022,Low income,LIC
RWA,2016,Low income,No,Eastern and Southern Africa,2016,Low income,LIC
RWA,2010,Low income,No,Eastern and Southern Africa,2010,Low income,LIC
RWA,2017,Low income,No,Eastern and Southern Africa,2017,Low income,LIC
RWA,2018,Low income,No,Eastern and Southern Africa,2018,Low income,LIC
RWA,1989,Low income,,Eastern and Southern Africa,1989,Low income,LIC
RWA,2007,Low income,No,Eastern and Southern Africa,2007,Low income,LIC
RWA,2001,Low income,No,Eastern and Southern Africa,2001,Low income,LIC
RWA,2002,Low income,No,Eastern and Southern Africa,2002,Low income,LIC
RWA,1994,Low income,,Eastern and Southern Africa,1994,Low income,LIC
RWA,2020,Low income,No,Eastern and Southern Africa,2020,Low income,LIC
RWA,1997,Low income,,Eastern and Southern Africa,1997,Low income,LIC
RWA,1993,Low income,,Eastern and Southern Africa,1993,Low income,LIC
RWA,1998,Low income,No,Eastern and Southern Africa,1998,Low income,LIC
RWA,2004,Low income,No,Eastern and Southern Africa,2004,Low income,LIC
RWA,2021,Low income,No,Eastern and Southern Africa,2021,Low income,LIC
RWA,1999,Low income,No,Eastern and Southern Africa,1999,Low income,LIC
RWA,2012,Low income,No,Eastern and Southern Africa,2012,Low income,LIC
RWA,2014,Low income,No,Eastern and Southern Africa,2014,Low income,LIC
RWA,2015,Low income,No,Eastern and Southern Africa,2015,Low income,LIC
RWA,1995,Low income,,Eastern and Southern Africa,1995,Low income,LIC
RWA,2013,Low income,No,Eastern and Southern Africa,2013,Low income,LIC
RWA,1987,Low income,,Eastern and Southern Africa,1987,Low income,LIC
RWA,2023,Low income,No,Eastern and Southern Africa,2023,Low income,LIC
RWA,2019,Low income,No,Eastern and Southern Africa,2019,Low income,LIC
RWA,1988,Low income,,Eastern and Southern Africa,1988,Low income,LIC
RWA,1990,Low income,,Eastern and Southern Africa,1990,Low income,LIC
RWA,1996,Low income,,Eastern and Southern Africa,1996,Low income,LIC
RWA,1992,Low income,,Eastern and Southern Africa,1992,Low income,LIC
RWA,2008,Low income,No,Eastern and Southern Africa,2008,Low income,LIC
RWA,1991,Low income,,Eastern and Southern Africa,1991,Low income,LIC
RWA,2009,Low income,No,Eastern and Southern Africa,2009,Low income,LIC
SAU,2023,High income,No,,2023,High income,HIC
SAU,2002,Upper middle income,No,,2002,Upper middle income,UMIC
SAU,2017,High income,No,,2017,High income,HIC
SAU,1993,Upper middle income,,,1993,Upper middle income,UMIC
SAU,1988,High income,,,1988,High income,HIC
SAU,2008,High income,No,,2008,High income,HIC
SAU,2010,High income,No,,2010,High income,HIC
SAU,1992,Upper middle income,,,1992,Upper middle income,UMIC
SAU,1987,High income,,,1987,High income,HIC
SAU,2009,High income,No,,2009,High income,HIC
SAU,2019,High income,No,,2019,High income,HIC
SAU,1998,Upper middle income,No,,1998,Upper middle income,UMIC
SAU,1995,Upper middle income,,,1995,Upper middle income,UMIC
SAU,2020,High income,No,,2020,High income,HIC
SAU,2016,High income,No,,2016,High income,HIC
SAU,1994,Upper middle income,,,1994,Upper middle income,UMIC
SAU,2011,High income,No,,2011,High income,HIC
SAU,1991,Upper middle income,,,1991,Upper middle income,UMIC
SAU,2022,High income,No,,2022,High income,HIC
SAU,1996,Upper middle income,,,1996,Upper middle income,UMIC
SAU,1999,Upper middle income,No,,1999,Upper middle income,UMIC
SAU,2000,Upper middle income,No,,2000,Upper middle income,UMIC
SAU,1989,High income,,,1989,High income,HIC
SAU,2018,High income,No,,2018,High income,HIC
SAU,2015,High income,No,,2015,High income,HIC
SAU,2012,High income,No,,2012,High income,HIC
SAU,2007,High income,No,,2007,High income,HIC
SAU,2004,High income,No,,2004,High income,HIC
SAU,2013,High income,No,,2013,High income,HIC
SAU,1997,Upper middle income,,,1997,Upper middle income,UMIC
SAU,2006,High income,No,,2006,High income,HIC
SAU,2014,High income,No,,2014,High income,HIC
SAU,2003,Upper middle income,No,,2003,Upper middle income,UMIC
SAU,1990,Upper middle income,,,1990,Upper middle income,UMIC
SAU,2021,High income,No,,2021,High income,HIC
SAU,2024,High income,No,,2024,High income,HIC
SAU,2005,High income,No,,2005,High income,HIC
SAU,2001,Upper middle income,No,,2001,Upper middle income,UMIC
SDN,1987,Low income,,Eastern and Southern Africa,1987,Low income,LIC
SDN,2019,Low income,Yes,Eastern and Southern Africa,2019,Low income,LIC
SDN,1999,Low income,Yes,Eastern and Southern Africa,1999,Low income,LIC
SDN,1989,Low income,,Eastern and Southern Africa,1989,Low income,LIC
SDN,2011,Lower middle income,Yes,Eastern and Southern Africa,2011,Lower middle income,LMIC
SDN,2013,Lower middle income,Yes,Eastern and Southern Africa,2013,Lower middle income,LMIC
SDN,1994,Low income,,Eastern and Southern Africa,1994,Low income,LIC
SDN,2009,Lower middle income,Yes,Eastern and Southern Africa,2009,Lower middle income,LMIC
SDN,2024,Low income,Yes,Eastern and Southern Africa,2024,Low income,LIC
SDN,1991,Low income,,Eastern and Southern Africa,1991,Low income,LIC
SDN,2017,Lower middle income,Yes,Eastern and Southern Africa,2017,Lower middle income,LMIC
SDN,1993,Low income,,Eastern and Southern Africa,1993,Low income,LIC
SDN,1996,Low income,,Eastern and Southern Africa,1996,Low income,LIC
SDN,2000,Low income,Yes,Eastern and Southern Africa,2000,Low income,LIC
SDN,2010,Lower middle income,Yes,Eastern and Southern Africa,2010,Lower middle income,LMIC
SDN,2020,Low income,Yes,Eastern and Southern Africa,2020,Low income,LIC
SDN,2015,Lower middle income,Yes,Eastern and Southern Africa,2015,Lower middle income,LMIC
SDN,1998,Low income,Yes,Eastern and Southern Africa,1998,Low income,LIC
SDN,2002,Low income,Yes,Eastern and Southern Africa,2002,Low income,LIC
SDN,2005,Low income,Yes,Eastern and Southern Africa,2005,Low income,LIC
SDN,1997,Low income,,Eastern and Southern Africa,1997,Low income,LIC
SDN,2012,Lower middle income,Yes,Eastern and Southern Africa,2012,Lower middle income,LMIC
SDN,2006,Low income,Yes,Eastern and Southern Africa,2006,Low income,LIC
SDN,2008,Lower middle income,Yes,Eastern and Southern Africa,2008,Lower middle income,LMIC
SDN,2014,Lower middle income,Yes,Eastern and Southern Africa,2014,Lower middle income,LMIC
SDN,2022,Low income,Yes,Eastern and Southern Africa,2022,Low income,LIC
SDN,1988,Low income,,Eastern and Southern Africa,1988,Low income,LIC
SDN,2003,Low income,Yes,Eastern and Southern Africa,2003,Low income,LIC
SDN,1990,Low income,,Eastern and Southern Africa,1990,Low income,LIC
SDN,2016,Lower middle income,Yes,Eastern and Southern Africa,2016,Lower middle income,LMIC
SDN,1995,Low income,,Eastern and Southern Africa,1995,Low income,LIC
SDN,2007,Lower middle income,Yes,Eastern and Southern Africa,2007,Lower middle income,LMIC
SDN,2021,Low income,Yes,Eastern and Southern Africa,2021,Low income,LIC
SDN,2023,Low income,Yes,Eastern and Southern Africa,2023,Low income,LIC
SDN,2004,Low income,Yes,Eastern and Southern Africa,2004,Low income,LIC
SDN,1992,Low income,,Eastern and Southern Africa,1992,Low income,LIC
SDN,2001,Low income,Yes,Eastern and Southern Africa,2001,Low income,LIC
SEN,1994,Low income,,Western and Central Africa,1994,Low income,LIC
SEN,2007,Low income,No,Western and Central Africa,2007,Low income,LIC
SEN,2017,Low income,No,Western and Central Africa,2017,Low income,LIC
SEN,2016,Low income,No,Western and Central Africa,2016,Low income,LIC
SEN,2013,Lower middle income,No,Western and Central Africa,2013,Lower middle income,LMIC
SEN,1998,Low income,No,Western and Central Africa,1998,Low income,LIC
SEN,1987,Lower middle income,,Western and Central Africa,1987,Lower middle income,LMIC
SEN,1988,Lower middle income,,Western and Central Africa,1988,Lower middle income,LMIC
SEN,2008,Low income,No,Western and Central Africa,2008,Low income,LIC
SEN,1995,Low income,,Western and Central Africa,1995,Low income,LIC
SEN,1997,Low income,,Western and Central Africa,1997,Low income,LIC
SEN,2023,Lower middle income,No,Western and Central Africa,2023,Lower middle income,LMIC
SEN,1993,Lower middle income,,Western and Central Africa,1993,Lower middle income,LMIC
SEN,2004,Low income,No,Western and Central Africa,2004,Low income,LIC
SEN,2019,Lower middle income,No,Western and Central Africa,2019,Lower middle income,LMIC
SEN,2014,Lower middle income,No,Western and Central Africa,2014,Lower middle income,LMIC
SEN,2003,Low income,No,Western and Central Africa,2003,Low income,LIC
SEN,2015,Low income,No,Western and Central Africa,2015,Low income,LIC
SEN,2010,Lower middle income,No,Western and Central Africa,2010,Lower middle income,LMIC
SEN,2021,Lower middle income,No,Western and Central Africa,2021,Lower middle income,LMIC
SEN,1991,Lower middle income,,Western and Central Africa,1991,Lower middle income,LMIC
SEN,1992,Lower middle income,,Western and Central Africa,1992,Lower middle income,LMIC
SEN,2024,Lower middle income,No,Western and Central Africa,2024,Lower middle income,LMIC
SEN,1989,Lower middle income,,Western and Central Africa,1989,Lower middle income,LMIC
SEN,2012,Lower middle income,No,Western and Central Africa,2012,Lower middle income,LMIC
SEN,1996,Low income,,Western and Central Africa,1996,Low income,LIC
SEN,1999,Low income,No,Western and Central Africa,1999,Low income,LIC
SEN,1990,Lower middle income,,Western and Central Africa,1990,Lower middle income,LMIC
SEN,2011,Lower middle income,No,Western and Central Africa,2011,Lower middle income,LMIC
SEN,2002,Low income,No,Western and Central Africa,2002,Low income,LIC
SEN,2018,Lower middle income,No,Western and Central Africa,2018,Lower middle income,LMIC
SEN,2009,Lower middle income,No,Western and Central Africa,2009,Lower middle income,LMIC
SEN,2006,Low income,No,Western and Central Africa,2006,Low income,LIC
SEN,2020,Lower middle income,No,Western and Central Africa,2020,Lower middle income,LMIC
SEN,2001,Low income,No,Western and Central Africa,2001,Low income,LIC
SEN,2000,Low income,No,Western and Central Africa,2000,Low income,LIC
SEN,2005,Low income,No,Western and Central Africa,2005,Low income,LIC
SGP,1990,High income,,,1990,High income,HIC
SGP,2001,High income,No,,2001,High income,HIC
SGP,1996,High income,,,1996,High income,HIC
SGP,2005,High income,No,,2005,High income,HIC
SGP,2007,High income,No,,2007,High income,HIC
SGP,2020,High income,No,,2020,High income,HIC
SGP,1992,High income,,,1992,High income,HIC
SGP,1988,High income,,,1988,High income,HIC
SGP,1993,High income,,,1993,High income,HIC
SGP,1989,High income,,,1989,High income,HIC
SGP,2023,High income,No,,2023,High income,HIC
SGP,2022,High income,No,,2022,High income,HIC
SGP,2021,High income,No,,2021,High income,HIC
SGP,2003,High income,No,,2003,High income,HIC
SGP,2015,High income,No,,2015,High income,HIC
SGP,2008,High income,No,,2008,High income,HIC
SGP,2009,High income,No,,2009,High income,HIC
SGP,2018,High income,No,,2018,High income,HIC
SGP,2012,High income,No,,2012,High income,HIC
SGP,2002,High income,No,,2002,High income,HIC
SGP,2013,High income,No,,2013,High income,HIC
SGP,2016,High income,No,,2016,High income,HIC
SGP,1994,High income,,,1994,High income,HIC
SGP,2014,High income,No,,2014,High income,HIC
SGP,1997,High income,,,1997,High income,HIC
SGP,1998,High income,No,,1998,High income,HIC
SGP,2024,High income,No,,2024,High income,HIC
SGP,2019,High income,No,,2019,High income,HIC
SGP,1999,High income,No,,1999,High income,HIC
SGP,2011,High income,No,,2011,High income,HIC
SGP,2010,High income,No,,2010,High income,HIC
SGP,1987,High income,,,1987,High income,HIC
SGP,2006,High income,No,,2006,High income,HIC
SGP,2004,High income,No,,2004,High income,HIC
SGP,1991,High income,,,1991,High income,HIC
SGP,2000,High income,No,,2000,High income,HIC
SGP,2017,High income,No,,2017,High income,HIC
SGP,1995,High income,,,1995,High income,HIC
SLB,1992,Lower middle income,,,1992,Lower middle income,LMIC
SLB,2015,Lower middle income,Yes,,2015,Lower middle income,LMIC
SLB,2003,Low income,Yes,,2003,Low income,LIC
SLB,2002,Low income,Yes,,2002,Low income,LIC
SLB,1997,Lower middle income,,,1997,Lower middle income,LMIC
SLB,1999,Low income,Yes,,1999,Low income,LIC
SLB,1993,Lower middle income,,,1993,Lower middle income,LMIC
SLB,2011,Lower middle income,Yes,,2011,Lower middle income,LMIC
SLB,2019,Lower middle income,Yes,,2019,Lower middle income,LMIC
SLB,1991,Low income,,,1991,Low income,LIC
SLB,1988,Lower middle income,,,1988,Lower middle income,LMIC
SLB,2023,Lower middle income,Yes,,2023,Lower middle income,LMIC
SLB,2022,Lower middle income,Yes,,2022,Lower middle income,LMIC
SLB,2018,Lower middle income,Yes,,2018,Lower middle income,LMIC
SLB,1995,Lower middle income,,,1995,Lower middle income,LMIC
SLB,1994,Lower middle income,,,1994,Lower middle income,LMIC
SLB,2009,Low income,Yes,,2009,Low income,LIC
SLB,2020,Lower middle income,Yes,,2020,Lower middle income,LMIC
SLB,2000,Low income,Yes,,2000,Low income,LIC
SLB,1987,Low income,,,1987,Low income,LIC
SLB,1996,Lower middle income,,,1996,Lower middle income,LMIC
SLB,2006,Low income,Yes,,2006,Low income,LIC
SLB,2005,Low income,Yes,,2005,Low income,LIC
SLB,2017,Lower middle income,Yes,,2017,Lower middle income,LMIC
SLB,1998,Low income,Yes,,1998,Low income,LIC
SLB,2007,Low income,Yes,,2007,Low income,LIC
SLB,2008,Lower middle income,Yes,,2008,Lower middle income,LMIC
SLB,1989,Low income,,,1989,Low income,LIC
SLB,1990,Low income,,,1990,Low income,LIC
SLB,2012,Lower middle income,Yes,,2012,Lower middle income,LMIC
SLB,2004,Low income,Yes,,2004,Low income,LIC
SLB,2024,Lower middle income,Yes,,2024,Lower middle income,LMIC
SLB,2021,Lower middle income,Yes,,2021,Lower middle income,LMIC
SLB,2001,Low income,Yes,,2001,Low income,LIC
SLB,2014,Lower middle income,Yes,,2014,Lower middle income,LMIC
SLB,2010,Lower middle income,Yes,,2010,Lower middle income,LMIC
SLB,2016,Lower middle income,Yes,,2016,Lower middle income,LMIC
SLB,2013,Lower middle income,Yes,,2013,Lower middle income,LMIC
SLE,2023,Low income,No,Western and Central Africa,2023,Low income,LIC
SLE,1997,Low income,,Western and Central Africa,1997,Low income,LIC
SLE,2000,Low income,Yes,Western and Central Africa,2000,Low income,LIC
SLE,1989,Low income,,Western and Central Africa,1989,Low income,LIC
SLE,2016,Low income,Yes,Western and Central Africa,2016,Low income,LIC
SLE,1993,Low income,,Western and Central Africa,1993,Low income,LIC
SLE,2008,Low income,Yes,Western and Central Africa,2008,Low income,LIC
SLE,2006,Low income,Yes,Western and Central Africa,2006,Low income,LIC
SLE,1987,Low income,,Western and Central Africa,1987,Low income,LIC
SLE,2003,Low income,Yes,Western and Central Africa,2003,Low income,LIC
SLE,2010,Low income,Yes,Western and Central Africa,2010,Low income,LIC
SLE,2022,Low income,No,Western and Central Africa,2022,Low income,LIC
SLE,2009,Low income,Yes,Western and Central Africa,2009,Low income,LIC
SLE,2007,Low income,Yes,Western and Central Africa,2007,Low income,LIC
SLE,2017,Low income,No,Western and Central Africa,2017,Low income,LIC
SLE,1998,Low income,Yes,Western and Central Africa,1998,Low income,LIC
SLE,1995,Low income,,Western and Central Africa,1995,Low income,LIC
SLE,2004,Low income,Yes,Western and Central Africa,2004,Low income,LIC
SLE,2014,Low income,Yes,Western and Central Africa,2014,Low income,LIC
SLE,2013,Low income,Yes,Western and Central Africa,2013,Low income,LIC
SLE,1999,Low income,Yes,Western and Central Africa,1999,Low income,LIC
SLE,2015,Low income,Yes,Western and Central Africa,2015,Low income,LIC
SLE,1996,Low income,,Western and Central Africa,1996,Low income,LIC
SLE,2012,Low income,Yes,Western and Central Africa,2012,Low income,LIC
SLE,2001,Low income,Yes,Western and Central Africa,2001,Low income,LIC
SLE,2011,Low income,Yes,Western and Central Africa,2011,Low income,LIC
SLE,1992,Low income,,Western and Central Africa,1992,Low income,LIC
SLE,1988,Low income,,Western and Central Africa,1988,Low income,LIC
SLE,1994,Low income,,Western and Central Africa,1994,Low income,LIC
SLE,1991,Low income,,Western and Central Africa,1991,Low income,LIC
SLE,2005,Low income,Yes,Western and Central Africa,2005,Low income,LIC
SLE,2020,Low income,No,Western and Central Africa,2020,Low income,LIC
SLE,2018,Low income,No,Western and Central Africa,2018,Low income,LIC
SLE,1990,Low income,,Western and Central Africa,1990,Low income,LIC
SLE,2021,Low income,No,Western and Central Africa,2021,Low income,LIC
SLE,2024,Low income,No,Western and Central Africa,2024,Low income,LIC
SLE,2002,Low income,Yes,Western and Central Africa,2002,Low income,LIC
SLV,2007,Lower middle income,No,,2007,Lower middle income,LMIC
SLV,2021,Lower middle income,No,,2021,Lower middle income,LMIC
SLV,2013,Lower middle income,No,,2013,Lower middle income,LMIC
SLV,1998,Lower middle income,No,,1998,Lower middle income,LMIC
SLV,2004,Lower middle income,No,,2004,Lower middle income,LMIC
SLV,2020,Lower middle income,No,,2020,Lower middle income,LMIC
SLV,2005,Lower middle income,No,,2005,Lower middle income,LMIC
SLV,2015,Lower middle income,No,,2015,Lower middle income,LMIC
SLV,1988,Lower middle income,,,1988,Lower middle income,LMIC
SLV,2024,Upper middle income,No,,2024,Upper middle income,UMIC
SLV,2014,Lower middle income,No,,2014,Lower middle income,LMIC
SLV,2018,Lower middle income,No,,2018,Lower middle income,LMIC
SLV,1992,Lower middle income,,,1992,Lower middle income,LMIC
SLV,1997,Lower middle income,,,1997,Lower middle income,LMIC
SLV,2022,Upper middle income,No,,2022,Upper middle income,UMIC
SLV,1993,Lower middle income,,,1993,Lower middle income,LMIC
SLV,2012,Lower middle income,No,,2012,Lower middle income,LMIC
SLV,2001,Lower middle income,No,,2001,Lower middle income,LMIC
SLV,2009,Lower middle income,No,,2009,Lower middle income,LMIC
SLV,2023,Upper middle income,No,,2023,Upper middle income,UMIC
SLV,2006,Lower middle income,No,,2006,Lower middle income,LMIC
SLV,1999,Lower middle income,No,,1999,Lower middle income,LMIC
SLV,1996,Lower middle income,,,1996,Lower middle income,LMIC
SLV,2003,Lower middle income,No,,2003,Lower middle income,LMIC
SLV,2010,Lower middle income,No,,2010,Lower middle income,LMIC
SLV,2017,Lower middle income,No,,2017,Lower middle income,LMIC
SLV,1991,Lower middle income,,,1991,Lower middle income,LMIC
SLV,1990,Lower middle income,,,1990,Lower middle income,LMIC
SLV,2008,Lower middle income,No,,2008,Lower middle income,LMIC
SLV,2019,Lower middle income,No,,2019,Lower middle income,LMIC
SLV,1989,Lower middle income,,,1989,Lower middle income,LMIC
SLV,1994,Lower middle income,,,1994,Lower middle income,LMIC
SLV,1995,Lower middle income,,,1995,Lower middle income,LMIC
SLV,2016,Lower middle income,No,,2016,Lower middle income,LMIC
SLV,2000,Lower middle income,No,,2000,Lower middle income,LMIC
SLV,2002,Lower middle income,No,,2002,Lower middle income,LMIC
SLV,1987,Lower middle income,,,1987,Lower middle income,LMIC
SLV,2011,Lower middle income,No,,2011,Lower middle income,LMIC
SMR,2021,High income,No,,2021,High income,HIC
SMR,2018,High income,No,,2018,High income,HIC
SMR,2024,High income,No,,2024,High income,HIC
SMR,2013,High income,No,,2013,High income,HIC
SMR,1987,High income,,,1987,High income,HIC
SMR,2009,High income,No,,2009,High income,HIC
SMR,2006,High income,No,,2006,High income,HIC
SMR,1995,High income,,,1995,High income,HIC
SMR,2000,High income,No,,2000,High income,HIC
SMR,1998,High income,No,,1998,High income,HIC
SMR,2019,High income,No,,2019,High income,HIC
SMR,2020,High income,No,,2020,High income,HIC
SMR,1989,High income,,,1989,High income,HIC
SMR,1996,High income,,,1996,High income,HIC
SMR,2003,High income,No,,2003,High income,HIC
SMR,2011,High income,No,,2011,High income,HIC
SMR,1988,High income,,,1988,High income,HIC
SMR,2007,High income,No,,2007,High income,HIC
SMR,2005,High income,No,,2005,High income,HIC
SMR,2002,High income,No,,2002,High income,HIC
SMR,2014,High income,No,,2014,High income,HIC
SMR,2004,High income,No,,2004,High income,HIC
SMR,2023,High income,No,,2023,High income,HIC
SMR,1994,High income,,,1994,High income,HIC
SMR,1990,High income,,,1990,High income,HIC
SMR,2008,High income,No,,2008,High income,HIC
SMR,1999,High income,No,,1999,High income,HIC
SMR,2001,High income,No,,2001,High income,HIC
SMR,2015,High income,No,,2015,High income,HIC
SMR,1992,High income,,,1992,High income,HIC
SMR,1993,High income,,,1993,High income,HIC
SMR,2022,High income,No,,2022,High income,HIC
SMR,2010,High income,No,,2010,High income,HIC
SMR,2016,High income,No,,2016,High income,HIC
SMR,2012,High income,No,,2012,High income,HIC
SMR,2017,High income,No,,2017,High income,HIC
SMR,1997,High income,,,1997,High income,HIC
SMR,1991,High income,,,1991,High income,HIC
SOM,2007,Low income,Yes,Eastern and Southern Africa,2007,Low income,LIC
SOM,1992,Low income,,Eastern and Southern Africa,1992,Low income,LIC
SOM,2020,Low income,Yes,Eastern and Southern Africa,2020,Low income,LIC
SOM,2023,Low income,Yes,Eastern and Southern Africa,2023,Low income,LIC
SOM,2016,Low income,Yes,Eastern and Southern Africa,2016,Low income,LIC
SOM,2004,Low income,Yes,Eastern and Southern Africa,2004,Low income,LIC
SOM,2013,Low income,Yes,Eastern and Southern Africa,2013,Low income,LIC
SOM,2022,Low income,Yes,Eastern and Southern Africa,2022,Low income,LIC
SOM,2018,Low income,Yes,Eastern and Southern Africa,2018,Low income,LIC
SOM,2009,Low income,Yes,Eastern and Southern Africa,2009,Low income,LIC
SOM,2001,Low income,Yes,Eastern and Southern Africa,2001,Low income,LIC
SOM,2014,Low income,Yes,Eastern and Southern Africa,2014,Low income,LIC
SOM,1997,Low income,,Eastern and Southern Africa,1997,Low income,LIC
SOM,2011,Low income,Yes,Eastern and Southern Africa,2011,Low income,LIC
SOM,2015,Low income,Yes,Eastern and Southern Africa,2015,Low income,LIC
SOM,1989,Low income,,Eastern and Southern Africa,1989,Low income,LIC
SOM,2021,Low income,Yes,Eastern and Southern Africa,2021,Low income,LIC
SOM,1996,Low income,,Eastern and Southern Africa,1996,Low income,LIC
SOM,2002,Low income,Yes,Eastern and Southern Africa,2002,Low income,LIC
SOM,1995,Low income,,Eastern and Southern Africa,1995,Low income,LIC
SOM,1990,Low income,,Eastern and Southern Africa,1990,Low income,LIC
SOM,2017,Low income,Yes,Eastern and Southern Africa,2017,Low income,LIC
SOM,2010,Low income,Yes,Eastern and Southern Africa,2010,Low income,LIC
SOM,2000,Low income,Yes,Eastern and Southern Africa,2000,Low income,LIC
SOM,1991,Low income,,Eastern and Southern Africa,1991,Low income,LIC
SOM,2006,Low income,Yes,Eastern and Southern Africa,2006,Low income,LIC
SOM,2005,Low income,Yes,Eastern and Southern Africa,2005,Low income,LIC
SOM,1988,Low income,,Eastern and Southern Africa,1988,Low income,LIC
SOM,1993,Low income,,Eastern and Southern Africa,1993,Low income,LIC
SOM,1994,Low income,,Eastern and Southern Africa,1994,Low income,LIC
SOM,1999,Low income,Yes,Eastern and Southern Africa,1999,Low income,LIC
SOM,2003,Low income,Yes,Eastern and Southern Africa,2003,Low income,LIC
SOM,2008,Low income,Yes,Eastern and Southern Africa,2008,Low income,LIC
SOM,2024,Low income,Yes,Eastern and Southern Africa,2024,Low income,LIC
SOM,2019,Low income,Yes,Eastern and Southern Africa,2019,Low income,LIC
SOM,1987,Low income,,Eastern and Southern Africa,1987,Low income,LIC
SOM,2012,Low income,Yes,Eastern and Southern Africa,2012,Low income,LIC
SRB,1996,Lower middle income,,,1996,Lower middle income,LMIC
SRB,1993,Lower middle income,,,1993,Lower middle income,LMIC
SRB,2019,Upper middle income,No,,2019,Upper middle income,UMIC
SRB,2022,Upper middle income,No,,2022,Upper middle income,UMIC
SRB,2010,Upper middle income,No,,2010,Upper middle income,UMIC
SRB,2015,Upper middle income,No,,2015,Upper middle income,UMIC
SRB,1998,Lower middle income,No,,1998,Lower middle income,LMIC
SRB,2020,Upper middle income,No,,2020,Upper middle income,UMIC
SRB,2012,Upper middle income,No,,2012,Upper middle income,UMIC
SRB,2007,Upper middle income,No,,2007,Upper middle income,UMIC
SRB,2017,Upper middle income,No,,2017,Upper middle income,UMIC
SRB,1991,Upper middle income,,,1991,Upper middle income,UMIC
SRB,2003,Lower middle income,No,,2003,Lower middle income,LMIC
SRB,2008,Upper middle income,No,,2008,Upper middle income,UMIC
SRB,1988,Upper middle income,,,1988,Upper middle income,UMIC
SRB,2000,Lower middle income,No,,2000,Lower middle income,LMIC
SRB,1992,Lower middle income,,,1992,Lower middle income,LMIC
SRB,1997,Lower middle income,,,1997,Lower middle income,LMIC
SRB,2018,Upper middle income,No,,2018,Upper middle income,UMIC
SRB,1999,Lower middle income,No,,1999,Lower middle income,LMIC
SRB,2002,Lower middle income,No,,2002,Lower middle income,LMIC
SRB,1994,Lower middle income,,,1994,Lower middle income,LMIC
SRB,2005,Lower middle income,No,,2005,Lower middle income,LMIC
SRB,2016,Upper middle income,No,,2016,Upper middle income,UMIC
SRB,1995,Lower middle income,,,1995,Lower middle income,LMIC
SRB,2013,Upper middle income,No,,2013,Upper middle income,UMIC
SRB,1987,Upper middle income,,,1987,Upper middle income,UMIC
SRB,2023,Upper middle income,No,,2023,Upper middle income,UMIC
SRB,2006,Upper middle income,No,,2006,Upper middle income,UMIC
SRB,1989,Upper middle income,,,1989,Upper middle income,UMIC
SRB,2001,Lower middle income,No,,2001,Lower middle income,LMIC
SRB,2021,Upper middle income,No,,2021,Upper middle income,UMIC
SRB,2011,Upper middle income,No,,2011,Upper middle income,UMIC
SRB,2009,Upper middle income,No,,2009,Upper middle income,UMIC
SRB,1990,Upper middle income,,,1990,Upper middle income,UMIC
SRB,2014,Upper middle income,No,,2014,Upper middle income,UMIC
SRB,2004,Lower middle income,No,,2004,Lower middle income,LMIC
SRB,2024,Upper middle income,No,,2024,Upper middle income,UMIC
SSD,1999,Lower middle income,No,Eastern and Southern Africa,1999,Lower middle income,LMIC
SSD,2003,Lower middle income,No,Eastern and Southern Africa,2003,Lower middle income,LMIC
SSD,1994,Lower middle income,,Eastern and Southern Africa,1994,Lower middle income,LMIC
SSD,2011,Lower middle income,Yes,Eastern and Southern Africa,2011,Lower middle income,LMIC
SSD,1996,Lower middle income,,Eastern and Southern Africa,1996,Lower middle income,LMIC
SSD,1987,Lower middle income,,Eastern and Southern Africa,1987,Lower middle income,LMIC
SSD,2014,Low income,Yes,Eastern and Southern Africa,2014,Low income,LIC
SSD,2021,Low income,Yes,Eastern and Southern Africa,2021,Low income,LIC
SSD,2018,Low income,Yes,Eastern and Southern Africa,2018,Low income,LIC
SSD,1993,Lower middle income,,Eastern and Southern Africa,1993,Lower middle income,LMIC
SSD,1992,Lower middle income,,Eastern and Southern Africa,1992,Lower middle income,LMIC
SSD,2013,Lower middle income,Yes,Eastern and Southern Africa,2013,Lower middle income,LMIC
SSD,2023,Low income,Yes,Eastern and Southern Africa,2023,Low income,LIC
SSD,2002,Lower middle income,No,Eastern and Southern Africa,2002,Lower middle income,LMIC
SSD,2009,Lower middle income,No,Eastern and Southern Africa,2009,Lower middle income,LMIC
SSD,2006,Lower middle income,No,Eastern and Southern Africa,2006,Lower middle income,LMIC
SSD,2000,Lower middle income,No,Eastern and Southern Africa,2000,Lower middle income,LMIC
SSD,2017,Low income,Yes,Eastern and Southern Africa,2017,Low income,LIC
SSD,2010,Lower middle income,No,Eastern and Southern Africa,2010,Lower middle income,LMIC
SSD,1995,Lower middle income,,Eastern and Southern Africa,1995,Lower middle income,LMIC
SSD,2001,Lower middle income,No,Eastern and Southern Africa,2001,Lower middle income,LMIC
SSD,1988,Lower middle income,,Eastern and Southern Africa,1988,Lower middle income,LMIC
SSD,1997,Lower middle income,,Eastern and Southern Africa,1997,Lower middle income,LMIC
SSD,2012,Low income,Yes,Eastern and Southern Africa,2012,Low income,LIC
SSD,2005,Lower middle income,No,Eastern and Southern Africa,2005,Lower middle income,LMIC
SSD,2007,Lower middle income,No,Eastern and Southern Africa,2007,Lower middle income,LMIC
SSD,1991,Lower middle income,,Eastern and Southern Africa,1991,Lower middle income,LMIC
SSD,2022,Low income,Yes,Eastern and Southern Africa,2022,Low income,LIC
SSD,1989,Lower middle income,,Eastern and Southern Africa,1989,Lower middle income,LMIC
SSD,1990,Lower middle income,,Eastern and Southern Africa,1990,Lower middle income,LMIC
SSD,1998,Lower middle income,No,Eastern and Southern Africa,1998,Lower middle income,LMIC
SSD,2019,Low income,Yes,Eastern and Southern Africa,2019,Low income,LIC
SSD,2008,Lower middle income,No,Eastern and Southern Africa,2008,Lower middle income,LMIC
SSD,2015,Low income,Yes,Eastern and Southern Africa,2015,Low income,LIC
SSD,2016,Low income,Yes,Eastern and Southern Africa,2016,Low income,LIC
SSD,2024,Low income,Yes,Eastern and Southern Africa,2024,Low income,LIC
SSD,2020,Low income,Yes,Eastern and Southern Africa,2020,Low income,LIC
STP,1988,Low income,,Eastern and Southern Africa,1988,Low income,LIC
STP,2019,Lower middle income,No,Eastern and Southern Africa,2019,Lower middle income,LMIC
STP,1993,Low income,,Eastern and Southern Africa,1993,Low income,LIC
STP,2013,Lower middle income,No,Eastern and Southern Africa,2013,Lower middle income,LMIC
STP,2014,Lower middle income,No,Eastern and Southern Africa,2014,Lower middle income,LMIC
STP,2005,Low income,Yes,Eastern and Southern Africa,2005,Low income,LIC
STP,2022,Lower middle income,Yes,Eastern and Southern Africa,2022,Lower middle income,LMIC
STP,1991,Low income,,Eastern and Southern Africa,1991,Low income,LIC
STP,1995,Low income,,Eastern and Southern Africa,1995,Low income,LIC
STP,2007,Low income,Yes,Eastern and Southern Africa,2007,Low income,LIC
STP,2008,Lower middle income,Yes,Eastern and Southern Africa,2008,Lower middle income,LMIC
STP,2002,Low income,Yes,Eastern and Southern Africa,2002,Low income,LIC
STP,2018,Lower middle income,No,Eastern and Southern Africa,2018,Lower middle income,LMIC
STP,2009,Lower middle income,Yes,Eastern and Southern Africa,2009,Lower middle income,LMIC
STP,2003,Low income,Yes,Eastern and Southern Africa,2003,Low income,LIC
STP,1998,Low income,Yes,Eastern and Southern Africa,1998,Low income,LIC
STP,2006,Low income,Yes,Eastern and Southern Africa,2006,Low income,LIC
STP,2016,Lower middle income,No,Eastern and Southern Africa,2016,Lower middle income,LMIC
STP,1996,Low income,,Eastern and Southern Africa,1996,Low income,LIC
STP,2001,Low income,Yes,Eastern and Southern Africa,2001,Low income,LIC
STP,2021,Lower middle income,No,Eastern and Southern Africa,2021,Lower middle income,LMIC
STP,2010,Lower middle income,No,Eastern and Southern Africa,2010,Lower middle income,LMIC
STP,1999,Low income,Yes,Eastern and Southern Africa,1999,Low income,LIC
STP,2012,Lower middle income,No,Eastern and Southern Africa,2012,Lower middle income,LMIC
STP,2015,Lower middle income,No,Eastern and Southern Africa,2015,Lower middle income,LMIC
STP,2011,Lower middle income,No,Eastern and Southern Africa,2011,Lower middle income,LMIC
STP,2024,Lower middle income,Yes,Eastern and Southern Africa,2024,Lower middle income,LMIC
STP,2017,Lower middle income,No,Eastern and Southern Africa,2017,Lower middle income,LMIC
STP,2004,Low income,Yes,Eastern and Southern Africa,2004,Low income,LIC
STP,2000,Low income,Yes,Eastern and Southern Africa,2000,Low income,LIC
STP,1987,Low income,,Eastern and Southern Africa,1987,Low income,LIC
STP,1997,Low income,,Eastern and Southern Africa,1997,Low income,LIC
STP,1994,Low income,,Eastern and Southern Africa,1994,Low income,LIC
STP,2023,Lower middle income,Yes,Eastern and Southern Africa,2023,Lower middle income,LMIC
STP,1989,Low income,,Eastern and Southern Africa,1989,Low income,LIC
STP,1992,Low income,,Eastern and Southern Africa,1992,Low income,LIC
STP,2020,Lower middle income,No,Eastern and Southern Africa,2020,Lower middle income,LMIC
SUR,1988,Upper middle income,,,1988,Upper middle income,UMIC
SUR,2001,Lower middle income,No,,2001,Lower middle income,LMIC
SUR,2019,Upper middle income,No,,2019,Upper middle income,UMIC
SUR,1991,Upper middle income,,,1991,Upper middle income,UMIC
SUR,2008,Upper middle income,No,,2008,Upper middle income,UMIC
SUR,1997,Lower middle income,,,1997,Lower middle income,LMIC
SUR,2002,Lower middle income,No,,2002,Lower middle income,LMIC
SUR,1998,Lower middle income,No,,1998,Lower middle income,LMIC
SUR,2006,Lower middle income,No,,2006,Lower middle income,LMIC
SUR,2010,Upper middle income,No,,2010,Upper middle income,UMIC
SUR,2007,Upper middle income,No,,2007,Upper middle income,UMIC
SUR,1994,Lower middle income,,,1994,Lower middle income,LMIC
SUR,2003,Lower middle income,No,,2003,Lower middle income,LMIC
SUR,1992,Upper middle income,,,1992,Upper middle income,UMIC
SUR,2024,Upper middle income,No,,2024,Upper middle income,UMIC
SUR,1999,Lower middle income,No,,1999,Lower middle income,LMIC
SUR,2012,Upper middle income,No,,2012,Upper middle income,UMIC
SUR,2013,Upper middle income,No,,2013,Upper middle income,UMIC
SUR,1987,Upper middle income,,,1987,Upper middle income,UMIC
SUR,2005,Lower middle income,No,,2005,Lower middle income,LMIC
SUR,2009,Upper middle income,No,,2009,Upper middle income,UMIC
SUR,2004,Lower middle income,No,,2004,Lower middle income,LMIC
SUR,2021,Upper middle income,No,,2021,Upper middle income,UMIC
SUR,2023,Upper middle income,No,,2023,Upper middle income,UMIC
SUR,1989,Upper middle income,,,1989,Upper middle income,UMIC
SUR,1990,Upper middle income,,,1990,Upper middle income,UMIC
SUR,2017,Upper middle income,No,,2017,Upper middle income,UMIC
SUR,1995,Lower middle income,,,1995,Lower middle income,LMIC
SUR,1993,Lower middle income,,,1993,Lower middle income,LMIC
SUR,2016,Upper middle income,No,,2016,Upper middle income,UMIC
SUR,1996,Lower middle income,,,1996,Lower middle income,LMIC
SUR,2015,Upper middle income,No,,2015,Upper middle income,UMIC
SUR,2020,Upper middle income,No,,2020,Upper middle income,UMIC
SUR,2014,Upper middle income,No,,2014,Upper middle income,UMIC
SUR,2000,Lower middle income,No,,2000,Lower middle income,LMIC
SUR,2011,Upper middle income,No,,2011,Upper middle income,UMIC
SUR,2018,Upper middle income,No,,2018,Upper middle income,UMIC
SUR,2022,Upper middle income,No,,2022,Upper middle income,UMIC
SVK,1995,Lower middle income,,,1995,Lower middle income,LMIC
SVK,2009,High income,No,,2009,High income,HIC
SVK,1996,Upper middle income,,,1996,Upper middle income,UMIC
SVK,1990,Upper middle income,,,1990,Upper middle income,UMIC
SVK,1999,Upper middle income,No,,1999,Upper middle income,UMIC
SVK,1988,Upper middle income,,,1988,Upper middle income,UMIC
SVK,2014,High income,No,,2014,High income,HIC
SVK,2013,High income,No,,2013,High income,HIC
SVK,2021,High income,No,,2021,High income,HIC
SVK,2006,Upper middle income,No,,2006,Upper middle income,UMIC
SVK,1987,Upper middle income,,,1987,Upper middle income,UMIC
SVK,2019,High income,No,,2019,High income,HIC
SVK,2018,High income,No,,2018,High income,HIC
SVK,1992,Lower middle income,,,1992,Lower middle income,LMIC
SVK,2017,High income,No,,2017,High income,HIC
SVK,1993,Lower middle income,,,1993,Lower middle income,LMIC
SVK,2002,Upper middle income,No,,2002,Upper middle income,UMIC
SVK,2012,High income,No,,2012,High income,HIC
SVK,1997,Upper middle income,,,1997,Upper middle income,UMIC
SVK,2007,High income,No,,2007,High income,HIC
SVK,2011,High income,No,,2011,High income,HIC
SVK,2003,Upper middle income,No,,2003,Upper middle income,UMIC
SVK,2000,Upper middle income,No,,2000,Upper middle income,UMIC
SVK,2024,High income,No,,2024,High income,HIC
SVK,2010,High income,No,,2010,High income,HIC
SVK,1991,Upper middle income,,,1991,Upper middle income,UMIC
SVK,2023,High income,No,,2023,High income,HIC
SVK,1989,Upper middle income,,,1989,Upper middle income,UMIC
SVK,2001,Upper middle income,No,,2001,Upper middle income,UMIC
SVK,2005,Upper middle income,No,,2005,Upper middle income,UMIC
SVK,2022,High income,No,,2022,High income,HIC
SVK,1994,Lower middle income,,,1994,Lower middle income,LMIC
SVK,1998,Upper middle income,No,,1998,Upper middle income,UMIC
SVK,2008,High income,No,,2008,High income,HIC
SVK,2020,High income,No,,2020,High income,HIC
SVK,2015,High income,No,,2015,High income,HIC
SVK,2004,Upper middle income,No,,2004,Upper middle income,UMIC
SVK,2016,High income,No,,2016,High income,HIC
SVN,2009,High income,No,,2009,High income,HIC
SVN,1994,Upper middle income,,,1994,Upper middle income,UMIC
SVN,2006,High income,No,,2006,High income,HIC
SVN,2018,High income,No,,2018,High income,HIC
SVN,2000,High income,No,,2000,High income,HIC
SVN,2017,High income,No,,2017,High income,HIC
SVN,2021,High income,No,,2021,High income,HIC
SVN,2011,High income,No,,2011,High income,HIC
SVN,2007,High income,No,,2007,High income,HIC
SVN,2020,High income,No,,2020,High income,HIC
SVN,1998,High income,No,,1998,High income,HIC
SVN,2016,High income,No,,2016,High income,HIC
SVN,2010,High income,No,,2010,High income,HIC
SVN,1990,Upper middle income,,,1990,Upper middle income,UMIC
SVN,1995,Upper middle income,,,1995,Upper middle income,UMIC
SVN,2003,High income,No,,2003,High income,HIC
SVN,2002,High income,No,,2002,High income,HIC
SVN,2013,High income,No,,2013,High income,HIC
SVN,2004,High income,No,,2004,High income,HIC
SVN,1992,Upper middle income,,,1992,Upper middle income,UMIC
SVN,2023,High income,No,,2023,High income,HIC
SVN,2022,High income,No,,2022,High income,HIC
SVN,1999,High income,No,,1999,High income,HIC
SVN,1987,Upper middle income,,,1987,Upper middle income,UMIC
SVN,2015,High income,No,,2015,High income,HIC
SVN,2014,High income,No,,2014,High income,HIC
SVN,2019,High income,No,,2019,High income,HIC
SVN,2012,High income,No,,2012,High income,HIC
SVN,1993,Upper middle income,,,1993,Upper middle income,UMIC
SVN,1991,Upper middle income,,,1991,Upper middle income,UMIC
SVN,2005,High income,No,,2005,High income,HIC
SVN,1988,Upper middle income,,,1988,Upper middle income,UMIC
SVN,2024,High income,No,,2024,High income,HIC
SVN,1996,Upper middle income,,,1996,Upper middle income,UMIC
SVN,1997,High income,,,1997,High income,HIC
SVN,2001,High income,No,,2001,High income,HIC
SVN,2008,High income,No,,2008,High income,HIC
SVN,1989,Upper middle income,,,1989,Upper middle income,UMIC
SWE,1996,High income,,,1996,High income,HIC
SWE,2002,High income,No,,2002,High income,HIC
SWE,1989,High income,,,1989,High income,HIC
SWE,1987,High income,,,1987,High income,HIC
SWE,2003,High income,No,,2003,High income,HIC
SWE,1998,High income,No,,1998,High income,HIC
SWE,2001,High income,No,,2001,High income,HIC
SWE,2021,High income,No,,2021,High income,HIC
SWE,2024,High income,No,,2024,High income,HIC
SWE,2006,High income,No,,2006,High income,HIC
SWE,1997,High income,,,1997,High income,HIC
SWE,2008,High income,No,,2008,High income,HIC
SWE,2012,High income,No,,2012,High income,HIC
SWE,2017,High income,No,,2017,High income,HIC
SWE,1988,High income,,,1988,High income,HIC
SWE,2023,High income,No,,2023,High income,HIC
SWE,2022,High income,No,,2022,High income,HIC
SWE,2005,High income,No,,2005,High income,HIC
SWE,2018,High income,No,,2018,High income,HIC
SWE,2009,High income,No,,2009,High income,HIC
SWE,2016,High income,No,,2016,High income,HIC
SWE,2004,High income,No,,2004,High income,HIC
SWE,2013,High income,No,,2013,High income,HIC
SWE,2015,High income,No,,2015,High income,HIC
SWE,1991,High income,,,1991,High income,HIC
SWE,2011,High income,No,,2011,High income,HIC
SWE,1993,High income,,,1993,High income,HIC
SWE,1992,High income,,,1992,High income,HIC
SWE,2014,High income,No,,2014,High income,HIC
SWE,1990,High income,,,1990,High income,HIC
SWE,1994,High income,,,1994,High income,HIC
SWE,2020,High income,No,,2020,High income,HIC
SWE,2019,High income,No,,2019,High income,HIC
SWE,1995,High income,,,1995,High income,HIC
SWE,2007,High income,No,,2007,High income,HIC
SWE,2010,High income,No,,2010,High income,HIC
SWE,2000,High income,No,,2000,High income,HIC
SWE,1999,High income,No,,1999,High income,HIC
SWZ,1999,Lower middle income,No,Eastern and Southern Africa,1999,Lower middle income,LMIC
SWZ,2009,Lower middle income,No,Eastern and Southern Africa,2009,Lower middle income,LMIC
SWZ,2016,Lower middle income,No,Eastern and Southern Africa,2016,Lower middle income,LMIC
SWZ,2017,Lower middle income,No,Eastern and Southern Africa,2017,Lower middle income,LMIC
SWZ,2014,Lower middle income,No,Eastern and Southern Africa,2014,Lower middle income,LMIC
SWZ,2011,Lower middle income,No,Eastern and Southern Africa,2011,Lower middle income,LMIC
SWZ,2015,Lower middle income,No,Eastern and Southern Africa,2015,Lower middle income,LMIC
SWZ,2021,Lower middle income,No,Eastern and Southern Africa,2021,Lower middle income,LMIC
SWZ,1997,Lower middle income,,Eastern and Southern Africa,1997,Lower middle income,LMIC
SWZ,1991,Lower middle income,,Eastern and Southern Africa,1991,Lower middle income,LMIC
SWZ,2008,Lower middle income,No,Eastern and Southern Africa,2008,Lower middle income,LMIC
SWZ,1987,Lower middle income,,Eastern and Southern Africa,1987,Lower middle income,LMIC
SWZ,2005,Lower middle income,No,Eastern and Southern Africa,2005,Lower middle income,LMIC
SWZ,1996,Lower middle income,,Eastern and Southern Africa,1996,Lower middle income,LMIC
SWZ,2002,Lower middle income,No,Eastern and Southern Africa,2002,Lower middle income,LMIC
SWZ,1990,Lower middle income,,Eastern and Southern Africa,1990,Lower middle income,LMIC
SWZ,1995,Lower middle income,,Eastern and Southern Africa,1995,Lower middle income,LMIC
SWZ,2006,Lower middle income,No,Eastern and Southern Africa,2006,Lower middle income,LMIC
SWZ,2000,Lower middle income,No,Eastern and Southern Africa,2000,Lower middle income,LMIC
SWZ,1993,Lower middle income,,Eastern and Southern Africa,1993,Lower middle income,LMIC
SWZ,2010,Lower middle income,No,Eastern and Southern Africa,2010,Lower middle income,LMIC
SWZ,2003,Lower middle income,No,Eastern and Southern Africa,2003,Lower middle income,LMIC
SWZ,1989,Lower middle income,,Eastern and Southern Africa,1989,Lower middle income,LMIC
SWZ,2012,Lower middle income,No,Eastern and Southern Africa,2012,Lower middle income,LMIC
SWZ,1994,Lower middle income,,Eastern and Southern Africa,1994,Lower middle income,LMIC
SWZ,1992,Lower middle income,,Eastern and Southern Africa,1992,Lower middle income,LMIC
SWZ,2004,Lower middle income,No,Eastern and Southern Africa,2004,Lower middle income,LMIC
SWZ,2013,Lower middle income,No,Eastern and Southern Africa,2013,Lower middle income,LMIC
SWZ,1998,Lower middle income,No,Eastern and Southern Africa,1998,Lower middle income,LMIC
SWZ,2018,Lower middle income,No,Eastern and Southern Africa,2018,Lower middle income,LMIC
SWZ,2019,Lower middle income,No,Eastern and Southern Africa,2019,Lower middle income,LMIC
SWZ,2020,Lower middle income,No,Eastern and Southern Africa,2020,Lower middle income,LMIC
SWZ,2023,Lower middle income,No,Eastern and Southern Africa,2023,Lower middle income,LMIC
SWZ,1988,Lower middle income,,Eastern and Southern Africa,1988,Lower middle income,LMIC
SWZ,2024,Lower middle income,No,Eastern and Southern Africa,2024,Lower middle income,LMIC
SWZ,2001,Lower middle income,No,Eastern and Southern Africa,2001,Lower middle income,LMIC
SWZ,2007,Lower middle income,No,Eastern and Southern Africa,2007,Lower middle income,LMIC
SXM,1989,High income,,,1989,High income,HIC
SXM,1988,High income,,,1988,High income,HIC
SXM,2001,High income,No,,2001,High income,HIC
SXM,2002,High income,No,,2002,High income,HIC
SXM,2010,High income,No,,2010,High income,HIC
SXM,2011,High income,No,,2011,High income,HIC
SXM,2013,High income,No,,2013,High income,HIC
SXM,2014,High income,No,,2014,High income,HIC
SXM,2007,High income,No,,2007,High income,HIC
SXM,2016,High income,No,,2016,High income,HIC
SXM,2004,High income,No,,2004,High income,HIC
SXM,2015,High income,No,,2015,High income,HIC
SXM,1991,High income,,,1991,High income,HIC
SXM,2018,High income,No,,2018,High income,HIC
SXM,2009,High income,No,,2009,High income,HIC
SXM,1987,High income,,,1987,High income,HIC
SXM,1998,High income,No,,1998,High income,HIC
SXM,2008,High income,No,,2008,High income,HIC
SXM,1994,High income,,,1994,High income,HIC
SXM,2024,High income,No,,2024,High income,HIC
SXM,1999,High income,No,,1999,High income,HIC
SXM,2020,High income,No,,2020,High income,HIC
SXM,1993,High income,,,1993,High income,HIC
SXM,1992,High income,,,1992,High income,HIC
SXM,2017,High income,No,,2017,High income,HIC
SXM,2022,High income,No,,2022,High income,HIC
SXM,2005,High income,No,,2005,High income,HIC
SXM,2021,High income,No,,2021,High income,HIC
SXM,1997,High income,,,1997,High income,HIC
SXM,1995,High income,,,1995,High income,HIC
SXM,2023,High income,No,,2023,High income,HIC
SXM,2000,High income,No,,2000,High income,HIC
SXM,2003,High income,No,,2003,High income,HIC
SXM,2012,High income,No,,2012,High income,HIC
SXM,2019,High income,No,,2019,High income,HIC
SXM,1996,High income,,,1996,High income,HIC
SXM,1990,High income,,,1990,High income,HIC
SXM,2006,High income,No,,2006,High income,HIC
SYC,2016,High income,No,Eastern and Southern Africa,2016,High income,HIC
SYC,2011,Upper middle income,No,Eastern and Southern Africa,2011,Upper middle income,UMIC
SYC,1995,Upper middle income,,Eastern and Southern Africa,1995,Upper middle income,UMIC
SYC,2023,High income,No,Eastern and Southern Africa,2023,High income,HIC
SYC,2018,High income,No,Eastern and Southern Africa,2018,High income,HIC
SYC,2014,High income,No,Eastern and Southern Africa,2014,High income,HIC
SYC,2008,Upper middle income,No,Eastern and Southern Africa,2008,Upper middle income,UMIC
SYC,1993,Upper middle income,,Eastern and Southern Africa,1993,Upper middle income,UMIC
SYC,1997,Upper middle income,,Eastern and Southern Africa,1997,Upper middle income,UMIC
SYC,1999,Upper middle income,No,Eastern and Southern Africa,1999,Upper middle income,UMIC
SYC,1991,Upper middle income,,Eastern and Southern Africa,1991,Upper middle income,UMIC
SYC,2022,High income,No,Eastern and Southern Africa,2022,High income,HIC
SYC,2009,Upper middle income,No,Eastern and Southern Africa,2009,Upper middle income,UMIC
SYC,2003,Upper middle income,No,Eastern and Southern Africa,2003,Upper middle income,UMIC
SYC,2015,High income,No,Eastern and Southern Africa,2015,High income,HIC
SYC,1994,Upper middle income,,Eastern and Southern Africa,1994,Upper middle income,UMIC
SYC,2021,High income,No,Eastern and Southern Africa,2021,High income,HIC
SYC,1987,Upper middle income,,Eastern and Southern Africa,1987,Upper middle income,UMIC
SYC,2013,Upper middle income,No,Eastern and Southern Africa,2013,Upper middle income,UMIC
SYC,2024,High income,No,Eastern and Southern Africa,2024,High income,HIC
SYC,2000,Upper middle income,No,Eastern and Southern Africa,2000,Upper middle income,UMIC
SYC,2010,Upper middle income,No,Eastern and Southern Africa,2010,Upper middle income,UMIC
SYC,2012,Upper middle income,No,Eastern and Southern Africa,2012,Upper middle income,UMIC
SYC,1998,Upper middle income,No,Eastern and Southern Africa,1998,Upper middle income,UMIC
SYC,2001,Upper middle income,No,Eastern and Southern Africa,2001,Upper middle income,UMIC
SYC,1990,Upper middle income,,Eastern and Southern Africa,1990,Upper middle income,UMIC
SYC,2017,High income,No,Eastern and Southern Africa,2017,High income,HIC
SYC,1988,Upper middle income,,Eastern and Southern Africa,1988,Upper middle income,UMIC
SYC,2004,Upper middle income,No,Eastern and Southern Africa,2004,Upper middle income,UMIC
SYC,1992,Upper middle income,,Eastern and Southern Africa,1992,Upper middle income,UMIC
SYC,2019,High income,No,Eastern and Southern Africa,2019,High income,HIC
SYC,1989,Upper middle income,,Eastern and Southern Africa,1989,Upper middle income,UMIC
SYC,1996,Upper middle income,,Eastern and Southern Africa,1996,Upper middle income,UMIC
SYC,2005,Upper middle income,No,Eastern and Southern Africa,2005,Upper middle income,UMIC
SYC,2006,Upper middle income,No,Eastern and Southern Africa,2006,Upper middle income,UMIC
SYC,2007,Upper middle income,No,Eastern and Southern Africa,2007,Upper middle income,UMIC
SYC,2002,Upper middle income,No,Eastern and Southern Africa,2002,Upper middle income,UMIC
SYR,2016,Lower middle income,Yes,,2016,Lower middle income,LMIC
SYR,1999,Lower middle income,No,,1999,Lower middle income,LMIC
SYR,2001,Lower middle income,No,,2001,Lower middle income,LMIC
SYR,1996,Lower middle income,,,1996,Lower middle income,LMIC
SYR,2017,Low income,Yes,,2017,Low income,LIC
SYR,2000,Lower middle income,No,,2000,Lower middle income,LMIC
SYR,1989,Lower middle income,,,1989,Lower middle income,LMIC
SYR,2014,Lower middle income,Yes,,2014,Lower middle income,LMIC
SYR,1995,Lower middle income,,,1995,Lower middle income,LMIC
SYR,2011,Lower middle income,Yes,,2011,Lower middle income,LMIC
SYR,1987,Lower middle income,,,1987,Lower middle income,LMIC
SYR,2006,Lower middle income,No,,2006,Lower middle income,LMIC
SYR,2023,Low income,Yes,,2023,Low income,LIC
SYR,2010,Lower middle income,No,,2010,Lower middle income,LMIC
SYR,2009,Lower middle income,No,,2009,Lower middle income,LMIC
SYR,1992,Lower middle income,,,1992,Lower middle income,LMIC
SYR,2015,Lower middle income,Yes,,2015,Lower middle income,LMIC
SYR,1990,Lower middle income,,,1990,Lower middle income,LMIC
SYR,1998,Lower middle income,No,,1998,Lower middle income,LMIC
SYR,2022,Low income,Yes,,2022,Low income,LIC
SYR,1993,Lower middle income,,,1993,Lower middle income,LMIC
SYR,2024,Low income,Yes,,2024,Low income,LIC
SYR,2021,Low income,Yes,,2021,Low income,LIC
SYR,2003,Lower middle income,No,,2003,Lower middle income,LMIC
SYR,1991,Lower middle income,,,1991,Lower middle income,LMIC
SYR,1997,Lower middle income,,,1997,Lower middle income,LMIC
SYR,2002,Lower middle income,No,,2002,Lower middle income,LMIC
SYR,2005,Lower middle income,No,,2005,Lower middle income,LMIC
SYR,2007,Lower middle income,No,,2007,Lower middle income,LMIC
SYR,2008,Lower middle income,No,,2008,Lower middle income,LMIC
SYR,2012,Lower middle income,Yes,,2012,Lower middle income,LMIC
SYR,1994,Lower middle income,,,1994,Lower middle income,LMIC
SYR,2013,Lower middle income,Yes,,2013,Lower middle income,LMIC
SYR,2018,Low income,Yes,,2018,Low income,LIC
SYR,1988,Lower middle income,,,1988,Lower middle income,LMIC
SYR,2020,Low income,Yes,,2020,Low income,LIC
SYR,2004,Lower middle income,No,,2004,Lower middle income,LMIC
SYR,2019,Low income,Yes,,2019,Low income,LIC
TCA,1999,High income,No,,1999,High income,HIC
TCA,2023,High income,No,,2023,High income,HIC
TCA,1994,High income,,,1994,High income,HIC
TCA,2013,High income,No,,2013,High income,HIC
TCA,2001,High income,No,,2001,High income,HIC
TCA,2015,High income,No,,2015,High income,HIC
TCA,2018,High income,No,,2018,High income,HIC
TCA,2005,High income,No,,2005,High income,HIC
TCA,2019,High income,No,,2019,High income,HIC
TCA,2009,High income,No,,2009,High income,HIC
TCA,1990,High income,,,1990,High income,HIC
TCA,2017,High income,No,,2017,High income,HIC
TCA,2012,High income,No,,2012,High income,HIC
TCA,2014,High income,No,,2014,High income,HIC
TCA,1998,High income,No,,1998,High income,HIC
TCA,2020,High income,No,,2020,High income,HIC
TCA,2016,High income,No,,2016,High income,HIC
TCA,1996,High income,,,1996,High income,HIC
TCA,1988,High income,,,1988,High income,HIC
TCA,2007,High income,No,,2007,High income,HIC
TCA,2004,High income,No,,2004,High income,HIC
TCA,2008,High income,No,,2008,High income,HIC
TCA,1989,High income,,,1989,High income,HIC
TCA,2024,High income,No,,2024,High income,HIC
TCA,2010,High income,No,,2010,High income,HIC
TCA,2021,High income,No,,2021,High income,HIC
TCA,2002,High income,No,,2002,High income,HIC
TCA,1995,High income,,,1995,High income,HIC
TCA,2003,High income,No,,2003,High income,HIC
TCA,1991,High income,,,1991,High income,HIC
TCA,1997,High income,,,1997,High income,HIC
TCA,1987,High income,,,1987,High income,HIC
TCA,2006,High income,No,,2006,High income,HIC
TCA,1993,High income,,,1993,High income,HIC
TCA,2011,High income,No,,2011,High income,HIC
TCA,1992,High income,,,1992,High income,HIC
TCA,2000,High income,No,,2000,High income,HIC
TCA,2022,High income,No,,2022,High income,HIC
TCD,2014,Low income,Yes,Western and Central Africa,2014,Low income,LIC
TCD,1987,Low income,,Western and Central Africa,1987,Low income,LIC
TCD,2015,Low income,Yes,Western and Central Africa,2015,Low income,LIC
TCD,2008,Low income,Yes,Western and Central Africa,2008,Low income,LIC
TCD,2013,Low income,Yes,Western and Central Africa,2013,Low income,LIC
TCD,1999,Low income,No,Western and Central Africa,1999,Low income,LIC
TCD,2023,Low income,Yes,Western and Central Africa,2023,Low income,LIC
TCD,1994,Low income,,Western and Central Africa,1994,Low income,LIC
TCD,2001,Low income,Yes,Western and Central Africa,2001,Low income,LIC
TCD,1993,Low income,,Western and Central Africa,1993,Low income,LIC
TCD,2009,Low income,Yes,Western and Central Africa,2009,Low income,LIC
TCD,2018,Low income,Yes,Western and Central Africa,2018,Low income,LIC
TCD,1988,Low income,,Western and Central Africa,1988,Low income,LIC
TCD,1998,Low income,No,Western and Central Africa,1998,Low income,LIC
TCD,2012,Low income,Yes,Western and Central Africa,2012,Low income,LIC
TCD,2010,Low income,Yes,Western and Central Africa,2010,Low income,LIC
TCD,2007,Low income,Yes,Western and Central Africa,2007,Low income,LIC
TCD,2016,Low income,Yes,Western and Central Africa,2016,Low income,LIC
TCD,1991,Low income,,Western and Central Africa,1991,Low income,LIC
TCD,2019,Low income,Yes,Western and Central Africa,2019,Low income,LIC
TCD,1996,Low income,,Western and Central Africa,1996,Low income,LIC
TCD,2005,Low income,Yes,Western and Central Africa,2005,Low income,LIC
TCD,2022,Low income,Yes,Western and Central Africa,2022,Low income,LIC
TCD,2003,Low income,Yes,Western and Central Africa,2003,Low income,LIC
TCD,2024,Low income,Yes,Western and Central Africa,2024,Low income,LIC
TCD,2002,Low income,Yes,Western and Central Africa,2002,Low income,LIC
TCD,1992,Low income,,Western and Central Africa,1992,Low income,LIC
TCD,1990,Low income,,Western and Central Africa,1990,Low income,LIC
TCD,2021,Low income,Yes,Western and Central Africa,2021,Low income,LIC
TCD,1995,Low income,,Western and Central Africa,1995,Low income,LIC
TCD,1989,Low income,,Western and Central Africa,1989,Low income,LIC
TCD,2017,Low income,Yes,Western and Central Africa,2017,Low income,LIC
TCD,2004,Low income,Yes,Western and Central Africa,2004,Low income,LIC
TCD,2011,Low income,Yes,Western and Central Africa,2011,Low income,LIC
TCD,1997,Low income,,Western and Central Africa,1997,Low income,LIC
TCD,2006,Low income,Yes,Western and Central Africa,2006,Low income,LIC
TCD,2000,Low income,No,Western and Central Africa,2000,Low income,LIC
TGO,2003,Low income,Yes,Western and Central Africa,2003,Low income,LIC
TGO,1988,Low income,,Western and Central Africa,1988,Low income,LIC
TGO,2023,Low income,No,Western and Central Africa,2023,Low income,LIC
TGO,2024,Low income,No,Western and Central Africa,2024,Low income,LIC
TGO,2017,Low income,Yes,Western and Central Africa,2017,Low income,LIC
TGO,2001,Low income,Yes,Western and Central Africa,2001,Low income,LIC
TGO,2005,Low income,Yes,Western and Central Africa,2005,Low income,LIC
TGO,2010,Low income,Yes,Western and Central Africa,2010,Low income,LIC
TGO,2019,Low income,No,Western and Central Africa,2019,Low income,LIC
TGO,2002,Low income,Yes,Western and Central Africa,2002,Low income,LIC
TGO,2007,Low income,Yes,Western and Central Africa,2007,Low income,LIC
TGO,1994,Low income,,Western and Central Africa,1994,Low income,LIC
TGO,1990,Low income,,Western and Central Africa,1990,Low income,LIC
TGO,1989,Low income,,Western and Central Africa,1989,Low income,LIC
TGO,1991,Low income,,Western and Central Africa,1991,Low income,LIC
TGO,2004,Low income,Yes,Western and Central Africa,2004,Low income,LIC
TGO,2022,Low income,No,Western and Central Africa,2022,Low income,LIC
TGO,1995,Low income,,Western and Central Africa,1995,Low income,LIC
TGO,2009,Low income,Yes,Western and Central Africa,2009,Low income,LIC
TGO,1987,Low income,,Western and Central Africa,1987,Low income,LIC
TGO,2016,Low income,Yes,Western and Central Africa,2016,Low income,LIC
TGO,1996,Low income,,Western and Central Africa,1996,Low income,LIC
TGO,2013,Low income,Yes,Western and Central Africa,2013,Low income,LIC
TGO,2012,Low income,Yes,Western and Central Africa,2012,Low income,LIC
TGO,1992,Low income,,Western and Central Africa,1992,Low income,LIC
TGO,2006,Low income,Yes,Western and Central Africa,2006,Low income,LIC
TGO,2018,Low income,No,Western and Central Africa,2018,Low income,LIC
TGO,2021,Low income,No,Western and Central Africa,2021,Low income,LIC
TGO,2000,Low income,Yes,Western and Central Africa,2000,Low income,LIC
TGO,2011,Low income,Yes,Western and Central Africa,2011,Low income,LIC
TGO,2020,Low income,No,Western and Central Africa,2020,Low income,LIC
TGO,1997,Low income,,Western and Central Africa,1997,Low income,LIC
TGO,1999,Low income,Yes,Western and Central Africa,1999,Low income,LIC
TGO,2008,Low income,Yes,Western and Central Africa,2008,Low income,LIC
TGO,1993,Low income,,Western and Central Africa,1993,Low income,LIC
TGO,2014,Low income,Yes,Western and Central Africa,2014,Low income,LIC
TGO,2015,Low income,Yes,Western and Central Africa,2015,Low income,LIC
THA,1990,Lower middle income,,,1990,Lower middle income,LMIC
THA,2021,Upper middle income,No,,2021,Upper middle income,UMIC
THA,1996,Lower middle income,,,1996,Lower middle income,LMIC
THA,2015,Upper middle income,No,,2015,Upper middle income,UMIC
THA,2013,Upper middle income,No,,2013,Upper middle income,UMIC
THA,2019,Upper middle income,No,,2019,Upper middle income,UMIC
THA,2024,Upper middle income,No,,2024,Upper middle income,UMIC
THA,1995,Lower middle income,,,1995,Lower middle income,LMIC
THA,2022,Upper middle income,No,,2022,Upper middle income,UMIC
THA,2001,Lower middle income,No,,2001,Lower middle income,LMIC
THA,2020,Upper middle income,No,,2020,Upper middle income,UMIC
THA,1991,Lower middle income,,,1991,Lower middle income,LMIC
THA,1999,Lower middle income,No,,1999,Lower middle income,LMIC
THA,2012,Upper middle income,No,,2012,Upper middle income,UMIC
THA,1987,Lower middle income,,,1987,Lower middle income,LMIC
THA,1998,Lower middle income,No,,1998,Lower middle income,LMIC
THA,2018,Upper middle income,No,,2018,Upper middle income,UMIC
THA,2006,Lower middle income,No,,2006,Lower middle income,LMIC
THA,1997,Lower middle income,,,1997,Lower middle income,LMIC
THA,2010,Upper middle income,No,,2010,Upper middle income,UMIC
THA,1989,Lower middle income,,,1989,Lower middle income,LMIC
THA,2011,Upper middle income,No,,2011,Upper middle income,UMIC
THA,2000,Lower middle income,No,,2000,Lower middle income,LMIC
THA,2009,Lower middle income,No,,2009,Lower middle income,LMIC
THA,2017,Upper middle income,No,,2017,Upper middle income,UMIC
THA,2003,Lower middle income,No,,2003,Lower middle income,LMIC
THA,2004,Lower middle income,No,,2004,Lower middle income,LMIC
THA,2014,Upper middle income,No,,2014,Upper middle income,UMIC
THA,2016,Upper middle income,No,,2016,Upper middle income,UMIC
THA,1994,Lower middle income,,,1994,Lower middle income,LMIC
THA,2007,Lower middle income,No,,2007,Lower middle income,LMIC
THA,2023,Upper middle income,No,,2023,Upper middle income,UMIC
THA,1993,Lower middle income,,,1993,Lower middle income,LMIC
THA,2008,Lower middle income,No,,2008,Lower middle income,LMIC
THA,2005,Lower middle income,No,,2005,Lower middle income,LMIC
THA,1988,Lower middle income,,,1988,Lower middle income,LMIC
THA,1992,Lower middle income,,,1992,Lower middle income,LMIC
THA,2002,Lower middle income,No,,2002,Lower middle income,LMIC
TJK,2022,Lower middle income,No,,2022,Lower middle income,LMIC
TJK,1992,Low income,,,1992,Low income,LIC
TJK,2011,Low income,No,,2011,Low income,LIC
TJK,1999,Low income,Yes,,1999,Low income,LIC
TJK,2008,Low income,Yes,,2008,Low income,LIC
TJK,1990,Lower middle income,,,1990,Lower middle income,LMIC
TJK,2021,Lower middle income,No,,2021,Lower middle income,LMIC
TJK,2016,Lower middle income,No,,2016,Lower middle income,LMIC
TJK,1987,Lower middle income,,,1987,Lower middle income,LMIC
TJK,2005,Low income,No,,2005,Low income,LIC
TJK,2018,Low income,No,,2018,Low income,LIC
TJK,1998,Low income,Yes,,1998,Low income,LIC
TJK,2024,Lower middle income,No,,2024,Lower middle income,LMIC
TJK,1994,Low income,,,1994,Low income,LIC
TJK,1997,Low income,,,1997,Low income,LIC
TJK,2006,Low income,No,,2006,Low income,LIC
TJK,2007,Low income,Yes,,2007,Low income,LIC
TJK,2009,Low income,Yes,,2009,Low income,LIC
TJK,2015,Lower middle income,No,,2015,Lower middle income,LMIC
TJK,2003,Low income,Yes,,2003,Low income,LIC
TJK,2023,Lower middle income,No,,2023,Lower middle income,LMIC
TJK,2014,Lower middle income,No,,2014,Lower middle income,LMIC
TJK,2012,Low income,No,,2012,Low income,LIC
TJK,1993,Low income,,,1993,Low income,LIC
TJK,1995,Low income,,,1995,Low income,LIC
TJK,2002,Low income,Yes,,2002,Low income,LIC
TJK,2017,Low income,No,,2017,Low income,LIC
TJK,2004,Low income,Yes,,2004,Low income,LIC
TJK,1996,Low income,,,1996,Low income,LIC
TJK,2013,Low income,No,,2013,Low income,LIC
TJK,2020,Lower middle income,No,,2020,Lower middle income,LMIC
TJK,2000,Low income,Yes,,2000,Low income,LIC
TJK,2019,Low income,No,,2019,Low income,LIC
TJK,2010,Low income,No,,2010,Low income,LIC
TJK,2001,Low income,Yes,,2001,Low income,LIC
TJK,1988,Lower middle income,,,1988,Lower middle income,LMIC
TJK,1991,Lower middle income,,,1991,Lower middle income,LMIC
TJK,1989,Lower middle income,,,1989,Lower middle income,LMIC
TKM,1997,Low income,,,1997,Low income,LIC
TKM,2014,Upper middle income,No,,2014,Upper middle income,UMIC
TKM,1996,Lower middle income,,,1996,Lower middle income,LMIC
TKM,2019,Upper middle income,No,,2019,Upper middle income,UMIC
TKM,1992,Lower middle income,,,1992,Lower middle income,LMIC
TKM,2017,Upper middle income,No,,2017,Upper middle income,UMIC
TKM,2005,Lower middle income,No,,2005,Lower middle income,LMIC
TKM,2008,Lower middle income,No,,2008,Lower middle income,LMIC
TKM,2006,Lower middle income,No,,2006,Lower middle income,LMIC
TKM,1999,Low income,No,,1999,Low income,LIC
TKM,1990,Lower middle income,,,1990,Lower middle income,LMIC
TKM,1989,Lower middle income,,,1989,Lower middle income,LMIC
TKM,1991,Lower middle income,,,1991,Lower middle income,LMIC
TKM,2004,Lower middle income,No,,2004,Lower middle income,LMIC
TKM,2021,Upper middle income,No,,2021,Upper middle income,UMIC
TKM,2002,Lower middle income,No,,2002,Lower middle income,LMIC
TKM,1995,Lower middle income,,,1995,Lower middle income,LMIC
TKM,2023,Upper middle income,No,,2023,Upper middle income,UMIC
TKM,1987,Lower middle income,,,1987,Lower middle income,LMIC
TKM,2022,Upper middle income,No,,2022,Upper middle income,UMIC
TKM,1998,Low income,No,,1998,Low income,LIC
TKM,2018,Upper middle income,No,,2018,Upper middle income,UMIC
TKM,2001,Lower middle income,No,,2001,Lower middle income,LMIC
TKM,2009,Lower middle income,No,,2009,Lower middle income,LMIC
TKM,2015,Upper middle income,No,,2015,Upper middle income,UMIC
TKM,2012,Upper middle income,No,,2012,Upper middle income,UMIC
TKM,2011,Upper middle income,No,,2011,Upper middle income,UMIC
TKM,2000,Lower middle income,No,,2000,Lower middle income,LMIC
TKM,1988,Lower middle income,,,1988,Lower middle income,LMIC
TKM,2016,Upper middle income,No,,2016,Upper middle income,UMIC
TKM,2003,Lower middle income,No,,2003,Lower middle income,LMIC
TKM,2020,Upper middle income,No,,2020,Upper middle income,UMIC
TKM,2013,Upper middle income,No,,2013,Upper middle income,UMIC
TKM,2010,Lower middle income,No,,2010,Lower middle income,LMIC
TKM,2024,Upper middle income,No,,2024,Upper middle income,UMIC
TKM,2007,Lower middle income,No,,2007,Lower middle income,LMIC
TKM,1993,Lower middle income,,,1993,Lower middle income,LMIC
TKM,1994,Lower middle income,,,1994,Lower middle income,LMIC
TLS,2022,Lower middle income,Yes,,2022,Lower middle income,LMIC
TLS,1999,Low income,No,,1999,Low income,LIC
TLS,2008,Lower middle income,Yes,,2008,Lower middle income,LMIC
TLS,2012,Lower middle income,Yes,,2012,Lower middle income,LMIC
TLS,2000,Low income,No,,2000,Low income,LIC
TLS,2017,Lower middle income,Yes,,2017,Lower middle income,LMIC
TLS,1987,Low income,,,1987,Low income,LIC
TLS,2001,Low income,Yes,,2001,Low income,LIC
TLS,2015,Lower middle income,No,,2015,Lower middle income,LMIC
TLS,2018,Lower middle income,Yes,,2018,Lower middle income,LMIC
TLS,1989,Low income,,,1989,Low income,LIC
TLS,2005,Low income,Yes,,2005,Low income,LIC
TLS,1996,Low income,,,1996,Low income,LIC
TLS,1998,Low income,No,,1998,Low income,LIC
TLS,2019,Lower middle income,Yes,,2019,Lower middle income,LMIC
TLS,2024,Lower middle income,Yes,,2024,Lower middle income,LMIC
TLS,1988,Low income,,,1988,Low income,LIC
TLS,1995,Low income,,,1995,Low income,LIC
TLS,2021,Lower middle income,Yes,,2021,Lower middle income,LMIC
TLS,2002,Low income,Yes,,2002,Low income,LIC
TLS,2006,Low income,Yes,,2006,Low income,LIC
TLS,2004,Low income,Yes,,2004,Low income,LIC
TLS,2007,Lower middle income,Yes,,2007,Lower middle income,LMIC
TLS,2023,Lower middle income,Yes,,2023,Lower middle income,LMIC
TLS,2013,Lower middle income,Yes,,2013,Lower middle income,LMIC
TLS,1992,Low income,,,1992,Low income,LIC
TLS,1990,Low income,,,1990,Low income,LIC
TLS,1991,Low income,,,1991,Low income,LIC
TLS,2020,Lower middle income,Yes,,2020,Lower middle income,LMIC
TLS,2014,Lower middle income,Yes,,2014,Lower middle income,LMIC
TLS,2003,Low income,Yes,,2003,Low income,LIC
TLS,2010,Lower middle income,Yes,,2010,Lower middle income,LMIC
TLS,2011,Lower middle income,Yes,,2011,Lower middle income,LMIC
TLS,2016,Lower middle income,No,,2016,Lower middle income,LMIC
TLS,1997,Low income,,,1997,Low income,LIC
TLS,2009,Lower middle income,Yes,,2009,Lower middle income,LMIC
TLS,1993,Low income,,,1993,Low income,LIC
TLS,1994,Low income,,,1994,Low income,LIC
TON,1990,Lower middle income,,,1990,Lower middle income,LMIC
TON,2019,Upper middle income,No,,2019,Upper middle income,UMIC
TON,2010,Lower middle income,No,,2010,Lower middle income,LMIC
TON,2015,Lower middle income,No,,2015,Lower middle income,LMIC
TON,1999,Lower middle income,No,,1999,Lower middle income,LMIC
TON,1992,Lower middle income,,,1992,Lower middle income,LMIC
TON,2020,Upper middle income,No,,2020,Upper middle income,UMIC
TON,2011,Lower middle income,No,,2011,Lower middle income,LMIC
TON,2018,Upper middle income,No,,2018,Upper middle income,UMIC
TON,2007,Lower middle income,Yes,,2007,Lower middle income,LMIC
TON,1991,Lower middle income,,,1991,Lower middle income,LMIC
TON,1988,Lower middle income,,,1988,Lower middle income,LMIC
TON,2004,Lower middle income,Yes,,2004,Lower middle income,LMIC
TON,1987,Lower middle income,,,1987,Lower middle income,LMIC
TON,1994,Lower middle income,,,1994,Lower middle income,LMIC
TON,1989,Lower middle income,,,1989,Lower middle income,LMIC
TON,2024,Upper middle income,No,,2024,Upper middle income,UMIC
TON,2023,Upper middle income,No,,2023,Upper middle income,UMIC
TON,2014,Upper middle income,No,,2014,Upper middle income,UMIC
TON,2013,Upper middle income,No,,2013,Upper middle income,UMIC
TON,2006,Lower middle income,Yes,,2006,Lower middle income,LMIC
TON,2022,Upper middle income,No,,2022,Upper middle income,UMIC
TON,2005,Lower middle income,Yes,,2005,Lower middle income,LMIC
TON,1995,Lower middle income,,,1995,Lower middle income,LMIC
TON,2000,Lower middle income,No,,2000,Lower middle income,LMIC
TON,2001,Lower middle income,No,,2001,Lower middle income,LMIC
TON,2017,Upper middle income,No,,2017,Upper middle income,UMIC
TON,1996,Lower middle income,,,1996,Lower middle income,LMIC
TON,2012,Upper middle income,No,,2012,Upper middle income,UMIC
TON,2016,Upper middle income,No,,2016,Upper middle income,UMIC
TON,2002,Lower middle income,No,,2002,Lower middle income,LMIC
TON,1993,Lower middle income,,,1993,Lower middle income,LMIC
TON,1997,Lower middle income,,,1997,Lower middle income,LMIC
TON,2008,Lower middle income,Yes,,2008,Lower middle income,LMIC
TON,2009,Lower middle income,No,,2009,Lower middle income,LMIC
TON,2021,Upper middle income,No,,2021,Upper middle income,UMIC
TON,1998,Lower middle income,No,,1998,Lower middle income,LMIC
TON,2003,Lower middle income,No,,2003,Lower middle income,LMIC
TTO,1997,Upper middle income,,,1997,Upper middle income,UMIC
TTO,2013,High income,No,,2013,High income,HIC
TTO,2009,High income,No,,2009,High income,HIC
TTO,2001,Upper middle income,No,,2001,Upper middle income,UMIC
TTO,2011,High income,No,,2011,High income,HIC
TTO,2003,Upper middle income,No,,2003,Upper middle income,UMIC
TTO,2005,Upper middle income,No,,2005,Upper middle income,UMIC
TTO,1992,Upper middle income,,,1992,Upper middle income,UMIC
TTO,1999,Upper middle income,No,,1999,Upper middle income,UMIC
TTO,2024,High income,No,,2024,High income,HIC
TTO,1993,Upper middle income,,,1993,Upper middle income,UMIC
TTO,2019,High income,No,,2019,High income,HIC
TTO,2015,High income,No,,2015,High income,HIC
TTO,2002,Upper middle income,No,,2002,Upper middle income,UMIC
TTO,1991,Upper middle income,,,1991,Upper middle income,UMIC
TTO,2006,High income,No,,2006,High income,HIC
TTO,2000,Upper middle income,No,,2000,Upper middle income,UMIC
TTO,2018,High income,No,,2018,High income,HIC
TTO,2020,High income,No,,2020,High income,HIC
TTO,2007,High income,No,,2007,High income,HIC
TTO,2014,High income,No,,2014,High income,HIC
TTO,2022,High income,No,,2022,High income,HIC
TTO,2012,High income,No,,2012,High income,HIC
TTO,1994,Upper middle income,,,1994,Upper middle income,UMIC
TTO,2021,High income,No,,2021,High income,HIC
TTO,2004,Upper middle income,No,,2004,Upper middle income,UMIC
TTO,1998,Upper middle income,No,,1998,Upper middle income,UMIC
TTO,1989,Upper middle income,,,1989,Upper middle income,UMIC
TTO,2017,High income,No,,2017,High income,HIC
TTO,1988,Upper middle income,,,1988,Upper middle income,UMIC
TTO,1995,Upper middle income,,,1995,Upper middle income,UMIC
TTO,1987,Upper middle income,,,1987,Upper middle income,UMIC
TTO,2023,High income,No,,2023,High income,HIC
TTO,1996,Upper middle income,,,1996,Upper middle income,UMIC
TTO,2016,High income,No,,2016,High income,HIC
TTO,2010,High income,No,,2010,High income,HIC
TTO,2008,High income,No,,2008,High income,HIC
TTO,1990,Upper middle income,,,1990,Upper middle income,UMIC
TUN,1990,Lower middle income,,,1990,Lower middle income,LMIC
TUN,2006,Lower middle income,No,,2006,Lower middle income,LMIC
TUN,2002,Lower middle income,No,,2002,Lower middle income,LMIC
TUN,1993,Lower middle income,,,1993,Lower middle income,LMIC
TUN,2013,Upper middle income,No,,2013,Upper middle income,UMIC
TUN,2024,Lower middle income,No,,2024,Lower middle income,LMIC
TUN,2003,Lower middle income,No,,2003,Lower middle income,LMIC
TUN,2021,Lower middle income,No,,2021,Lower middle income,LMIC
TUN,2019,Lower middle income,No,,2019,Lower middle income,LMIC
TUN,2010,Upper middle income,No,,2010,Upper middle income,UMIC
TUN,2015,Lower middle income,No,,2015,Lower middle income,LMIC
TUN,2017,Lower middle income,No,,2017,Lower middle income,LMIC
TUN,2016,Lower middle income,No,,2016,Lower middle income,LMIC
TUN,2012,Upper middle income,No,,2012,Upper middle income,UMIC
TUN,2004,Lower middle income,No,,2004,Lower middle income,LMIC
TUN,1987,Lower middle income,,,1987,Lower middle income,LMIC
TUN,1999,Lower middle income,No,,1999,Lower middle income,LMIC
TUN,1998,Lower middle income,No,,1998,Lower middle income,LMIC
TUN,2011,Upper middle income,No,,2011,Upper middle income,UMIC
TUN,2001,Lower middle income,No,,2001,Lower middle income,LMIC
TUN,2007,Lower middle income,No,,2007,Lower middle income,LMIC
TUN,2008,Lower middle income,No,,2008,Lower middle income,LMIC
TUN,2009,Lower middle income,No,,2009,Lower middle income,LMIC
TUN,1997,Lower middle income,,,1997,Lower middle income,LMIC
TUN,1995,Lower middle income,,,1995,Lower middle income,LMIC
TUN,2005,Lower middle income,No,,2005,Lower middle income,LMIC
TUN,1991,Lower middle income,,,1991,Lower middle income,LMIC
TUN,1996,Lower middle income,,,1996,Lower middle income,LMIC
TUN,2022,Lower middle income,No,,2022,Lower middle income,LMIC
TUN,1992,Lower middle income,,,1992,Lower middle income,LMIC
TUN,1988,Lower middle income,,,1988,Lower middle income,LMIC
TUN,2020,Lower middle income,No,,2020,Lower middle income,LMIC
TUN,2018,Lower middle income,No,,2018,Lower middle income,LMIC
TUN,2000,Lower middle income,No,,2000,Lower middle income,LMIC
TUN,2023,Lower middle income,No,,2023,Lower middle income,LMIC
TUN,2014,Upper middle income,No,,2014,Upper middle income,UMIC
TUN,1989,Lower middle income,,,1989,Lower middle income,LMIC
TUN,1994,Lower middle income,,,1994,Lower middle income,LMIC
TUR,2022,Upper middle income,No,,2022,Upper middle income,UMIC
TUR,2001,Lower middle income,No,,2001,Lower middle income,LMIC
TUR,1987,Lower middle income,,,1987,Lower middle income,LMIC
TUR,2015,Upper middle income,No,,2015,Upper middle income,UMIC
TUR,2016,Upper middle income,No,,2016,Upper middle income,UMIC
TUR,2010,Upper middle income,No,,2010,Upper middle income,UMIC
TUR,2002,Lower middle income,No,,2002,Lower middle income,LMIC
TUR,1992,Lower middle income,,,1992,Lower middle income,LMIC
TUR,1988,Lower middle income,,,1988,Lower middle income,LMIC
TUR,1990,Lower middle income,,,1990,Lower middle income,LMIC
TUR,2004,Upper middle income,No,,2004,Upper middle income,UMIC
TUR,1999,Lower middle income,No,,1999,Lower middle income,LMIC
TUR,1996,Lower middle income,,,1996,Lower middle income,LMIC
TUR,2006,Upper middle income,No,,2006,Upper middle income,UMIC
TUR,1998,Upper middle income,No,,1998,Upper middle income,UMIC
TUR,2024,Upper middle income,No,,2024,Upper middle income,UMIC
TUR,1993,Lower middle income,,,1993,Lower middle income,LMIC
TUR,2011,Upper middle income,No,,2011,Upper middle income,UMIC
TUR,1991,Lower middle income,,,1991,Lower middle income,LMIC
TUR,1997,Upper middle income,,,1997,Upper middle income,UMIC
TUR,2007,Upper middle income,No,,2007,Upper middle income,UMIC
TUR,2012,Upper middle income,No,,2012,Upper middle income,UMIC
TUR,2021,Upper middle income,No,,2021,Upper middle income,UMIC
TUR,2018,Upper middle income,No,,2018,Upper middle income,UMIC
TUR,2017,Upper middle income,No,,2017,Upper middle income,UMIC
TUR,1994,Lower middle income,,,1994,Lower middle income,LMIC
TUR,2000,Upper middle income,No,,2000,Upper middle income,UMIC
TUR,2020,Upper middle income,No,,2020,Upper middle income,UMIC
TUR,1989,Lower middle income,,,1989,Lower middle income,LMIC
TUR,2019,Upper middle income,No,,2019,Upper middle income,UMIC
TUR,2008,Upper middle income,No,,2008,Upper middle income,UMIC
TUR,1995,Lower middle income,,,1995,Lower middle income,LMIC
TUR,2013,Upper middle income,No,,2013,Upper middle income,UMIC
TUR,2005,Upper middle income,No,,2005,Upper middle income,UMIC
TUR,2023,Upper middle income,No,,2023,Upper middle income,UMIC
TUR,2014,Upper middle income,No,,2014,Upper middle income,UMIC
TUR,2003,Lower middle income,No,,2003,Lower middle income,LMIC
TUR,2009,Upper middle income,No,,2009,Upper middle income,UMIC
TUV,1988,Lower middle income,,,1988,Lower middle income,LMIC
TUV,2015,Upper middle income,Yes,,2015,Upper middle income,UMIC
TUV,2009,Lower middle income,No,,2009,Lower middle income,LMIC
TUV,1997,Lower middle income,,,1997,Lower middle income,LMIC
TUV,1990,Lower middle income,,,1990,Lower middle income,LMIC
TUV,1987,Lower middle income,,,1987,Lower middle income,LMIC
TUV,1993,Lower middle income,,,1993,Lower middle income,LMIC
TUV,2006,Lower middle income,No,,2006,Lower middle income,LMIC
TUV,1992,Lower middle income,,,1992,Lower middle income,LMIC
TUV,2023,Upper middle income,Yes,,2023,Upper middle income,UMIC
TUV,2020,Upper middle income,Yes,,2020,Upper middle income,UMIC
TUV,2008,Lower middle income,No,,2008,Lower middle income,LMIC
TUV,2013,Upper middle income,Yes,,2013,Upper middle income,UMIC
TUV,2017,Upper middle income,Yes,,2017,Upper middle income,UMIC
TUV,2022,Upper middle income,Yes,,2022,Upper middle income,UMIC
TUV,1996,Lower middle income,,,1996,Lower middle income,LMIC
TUV,2000,Lower middle income,No,,2000,Lower middle income,LMIC
TUV,2002,Lower middle income,No,,2002,Lower middle income,LMIC
TUV,2016,Upper middle income,Yes,,2016,Upper middle income,UMIC
TUV,1995,Lower middle income,,,1995,Lower middle income,LMIC
TUV,2011,Upper middle income,Yes,,2011,Upper middle income,UMIC
TUV,2004,Lower middle income,No,,2004,Lower middle income,LMIC
TUV,2024,Upper middle income,Yes,,2024,Upper middle income,UMIC
TUV,2001,Lower middle income,No,,2001,Lower middle income,LMIC
TUV,2018,Upper middle income,Yes,,2018,Upper middle income,UMIC
TUV,2012,Upper middle income,Yes,,2012,Upper middle income,UMIC
TUV,1989,Lower middle income,,,1989,Lower middle income,LMIC
TUV,1999,Lower middle income,No,,1999,Lower middle income,LMIC
TUV,2019,Upper middle income,Yes,,2019,Upper middle income,UMIC
TUV,1991,Lower middle income,,,1991,Lower middle income,LMIC
TUV,1998,Lower middle income,No,,1998,Lower middle income,LMIC
TUV,1994,Lower middle income,,,1994,Lower middle income,LMIC
TUV,2021,Upper middle income,Yes,,2021,Upper middle income,UMIC
TUV,2014,Upper middle income,Yes,,2014,Upper middle income,UMIC
TUV,2005,Lower middle income,No,,2005,Lower middle income,LMIC
TUV,2010,Lower middle income,No,,2010,Lower middle income,LMIC
TUV,2007,Lower middle income,No,,2007,Lower middle income,LMIC
TUV,2003,Lower middle income,No,,2003,Lower middle income,LMIC
TWN,1993,High income,,,1993,High income,HIC
TWN,1996,High income,,,1996,High income,HIC
TWN,1999,High income,No,,1999,High income,HIC
TWN,1987,High income,,,1987,High income,HIC
TWN,1994,High income,,,1994,High income,HIC
TWN,2016,High income,No,,2016,High income,HIC
TWN,2022,High income,No,,2022,High income,HIC
TWN,2020,High income,No,,2020,High income,HIC
TWN,2012,High income,No,,2012,High income,HIC
TWN,1998,High income,No,,1998,High income,HIC
TWN,2024,High income,No,,2024,High income,HIC
TWN,2006,High income,No,,2006,High income,HIC
TWN,1992,High income,,,1992,High income,HIC
TWN,2010,High income,No,,2010,High income,HIC
TWN,2011,High income,No,,2011,High income,HIC
TWN,2007,High income,No,,2007,High income,HIC
TWN,1990,High income,,,1990,High income,HIC
TWN,1988,High income,,,1988,High income,HIC
TWN,2008,High income,No,,2008,High income,HIC
TWN,2021,High income,No,,2021,High income,HIC
TWN,2023,High income,No,,2023,High income,HIC
TWN,2015,High income,No,,2015,High income,HIC
TWN,2014,High income,No,,2014,High income,HIC
TWN,2013,High income,No,,2013,High income,HIC
TWN,1997,High income,,,1997,High income,HIC
TWN,1995,High income,,,1995,High income,HIC
TWN,2001,High income,No,,2001,High income,HIC
TWN,2004,High income,No,,2004,High income,HIC
TWN,2009,High income,No,,2009,High income,HIC
TWN,2000,High income,No,,2000,High income,HIC
TWN,1989,High income,,,1989,High income,HIC
TWN,2005,High income,No,,2005,High income,HIC
TWN,2019,High income,No,,2019,High income,HIC
TWN,2002,High income,No,,2002,High income,HIC
TWN,2017,High income,No,,2017,High income,HIC
TWN,2003,High income,No,,2003,High income,HIC
TWN,2018,High income,No,,2018,High income,HIC
TWN,1991,High income,,,1991,High income,HIC
TZA,2001,Low income,No,Eastern and Southern Africa,2001,Low income,LIC
TZA,2018,Low income,No,Eastern and Southern Africa,2018,Low income,LIC
TZA,2004,Low income,No,Eastern and Southern Africa,2004,Low income,LIC
TZA,2010,Low income,No,Eastern and Southern Africa,2010,Low income,LIC
TZA,2009,Low income,No,Eastern and Southern Africa,2009,Low income,LIC
TZA,2008,Low income,No,Eastern and Southern Africa,2008,Low income,LIC
TZA,2016,Low income,No,Eastern and Southern Africa,2016,Low income,LIC
TZA,1999,Low income,No,Eastern and Southern Africa,1999,Low income,LIC
TZA,2024,Lower middle income,No,Eastern and Southern Africa,2024,Lower middle income,LMIC
TZA,1991,Low income,,Eastern and Southern Africa,1991,Low income,LIC
TZA,1990,Low income,,Eastern and Southern Africa,1990,Low income,LIC
TZA,2021,Lower middle income,No,Eastern and Southern Africa,2021,Lower middle income,LMIC
TZA,1992,Low income,,Eastern and Southern Africa,1992,Low income,LIC
TZA,2023,Lower middle income,No,Eastern and Southern Africa,2023,Lower middle income,LMIC
TZA,1994,Low income,,Eastern and Southern Africa,1994,Low income,LIC
TZA,2005,Low income,No,Eastern and Southern Africa,2005,Low income,LIC
TZA,2002,Low income,No,Eastern and Southern Africa,2002,Low income,LIC
TZA,1995,Low income,,Eastern and Southern Africa,1995,Low income,LIC
TZA,1998,Low income,No,Eastern and Southern Africa,1998,Low income,LIC
TZA,2012,Low income,No,Eastern and Southern Africa,2012,Low income,LIC
TZA,2000,Low income,No,Eastern and Southern Africa,2000,Low income,LIC
TZA,1993,Low income,,Eastern and Southern Africa,1993,Low income,LIC
TZA,2013,Low income,No,Eastern and Southern Africa,2013,Low income,LIC
TZA,2007,Low income,No,Eastern and Southern Africa,2007,Low income,LIC
TZA,1996,Low income,,Eastern and Southern Africa,1996,Low income,LIC
TZA,2003,Low income,No,Eastern and Southern Africa,2003,Low income,LIC
TZA,1989,Low income,,Eastern and Southern Africa,1989,Low income,LIC
TZA,2017,Low income,No,Eastern and Southern Africa,2017,Low income,LIC
TZA,1997,Low income,,Eastern and Southern Africa,1997,Low income,LIC
TZA,2020,Lower middle income,No,Eastern and Southern Africa,2020,Lower middle income,LMIC
TZA,2014,Low income,No,Eastern and Southern Africa,2014,Low income,LIC
TZA,2022,Lower middle income,No,Eastern and Southern Africa,2022,Lower middle income,LMIC
TZA,1988,Low income,,Eastern and Southern Africa,1988,Low income,LIC
TZA,1987,Low income,,Eastern and Southern Africa,1987,Low income,LIC
TZA,2019,Lower middle income,No,Eastern and Southern Africa,2019,Lower middle income,LMIC
TZA,2015,Low income,No,Eastern and Southern Africa,2015,Low income,LIC
TZA,2011,Low income,No,Eastern and Southern Africa,2011,Low income,LIC
UGA,1988,Low income,,Eastern and Southern Africa,1988,Low income,LIC
UGA,2010,Low income,No,Eastern and Southern Africa,2010,Low income,LIC
UGA,2017,Low income,No,Eastern and Southern Africa,2017,Low income,LIC
UGA,2023,Low income,No,Eastern and Southern Africa,2023,Low income,LIC
UGA,1992,Low income,,Eastern and Southern Africa,1992,Low income,LIC
UGA,2014,Low income,No,Eastern and Southern Africa,2014,Low income,LIC
UGA,1994,Low income,,Eastern and Southern Africa,1994,Low income,LIC
UGA,1991,Low income,,Eastern and Southern Africa,1991,Low income,LIC
UGA,1998,Low income,No,Eastern and Southern Africa,1998,Low income,LIC
UGA,2024,Low income,No,Eastern and Southern Africa,2024,Low income,LIC
UGA,1990,Low income,,Eastern and Southern Africa,1990,Low income,LIC
UGA,2001,Low income,No,Eastern and Southern Africa,2001,Low income,LIC
UGA,2006,Low income,No,Eastern and Southern Africa,2006,Low income,LIC
UGA,1997,Low income,,Eastern and Southern Africa,1997,Low income,LIC
UGA,2012,Low income,No,Eastern and Southern Africa,2012,Low income,LIC
UGA,1989,Low income,,Eastern and Southern Africa,1989,Low income,LIC
UGA,1993,Low income,,Eastern and Southern Africa,1993,Low income,LIC
UGA,2008,Low income,No,Eastern and Southern Africa,2008,Low income,LIC
UGA,2002,Low income,No,Eastern and Southern Africa,2002,Low income,LIC
UGA,2016,Low income,No,Eastern and Southern Africa,2016,Low income,LIC
UGA,1996,Low income,,Eastern and Southern Africa,1996,Low income,LIC
UGA,2013,Low income,No,Eastern and Southern Africa,2013,Low income,LIC
UGA,2018,Low income,No,Eastern and Southern Africa,2018,Low income,LIC
UGA,1999,Low income,No,Eastern and Southern Africa,1999,Low income,LIC
UGA,2000,Low income,No,Eastern and Southern Africa,2000,Low income,LIC
UGA,2021,Low income,No,Eastern and Southern Africa,2021,Low income,LIC
UGA,2011,Low income,No,Eastern and Southern Africa,2011,Low income,LIC
UGA,2019,Low income,No,Eastern and Southern Africa,2019,Low income,LIC
UGA,2003,Low income,No,Eastern and Southern Africa,2003,Low income,LIC
UGA,2020,Low income,No,Eastern and Southern Africa,2020,Low income,LIC
UGA,2007,Low income,No,Eastern and Southern Africa,2007,Low income,LIC
UGA,1995,Low income,,Eastern and Southern Africa,1995,Low income,LIC
UGA,2022,Low income,No,Eastern and Southern Africa,2022,Low income,LIC
UGA,2004,Low income,No,Eastern and Southern Africa,2004,Low income,LIC
UGA,2015,Low income,No,Eastern and Southern Africa,2015,Low income,LIC
UGA,2009,Low income,No,Eastern and Southern Africa,2009,Low income,LIC
UGA,2005,Low income,No,Eastern and Southern Africa,2005,Low income,LIC
UKR,1998,Lower middle income,No,,1998,Lower middle income,LMIC
UKR,2009,Lower middle income,No,,2009,Lower middle income,LMIC
UKR,2005,Lower middle income,No,,2005,Lower middle income,LMIC
UKR,2017,Lower middle income,No,,2017,Lower middle income,LMIC
UKR,2021,Lower middle income,Yes,,2021,Lower middle income,LMIC
UKR,2019,Lower middle income,No,,2019,Lower middle income,LMIC
UKR,2014,Lower middle income,No,,2014,Lower middle income,LMIC
UKR,1993,Lower middle income,,,1993,Lower middle income,LMIC
UKR,1995,Lower middle income,,,1995,Lower middle income,LMIC
UKR,2015,Lower middle income,No,,2015,Lower middle income,LMIC
UKR,2018,Lower middle income,No,,2018,Lower middle income,LMIC
UKR,1992,Lower middle income,,,1992,Lower middle income,LMIC
UKR,1990,Lower middle income,,,1990,Lower middle income,LMIC
UKR,2006,Lower middle income,No,,2006,Lower middle income,LMIC
UKR,2024,Upper middle income,Yes,,2024,Upper middle income,UMIC
UKR,2020,Lower middle income,No,,2020,Lower middle income,LMIC
UKR,2007,Lower middle income,No,,2007,Lower middle income,LMIC
UKR,1997,Lower middle income,,,1997,Lower middle income,LMIC
UKR,1999,Low income,No,,1999,Low income,LIC
UKR,2011,Lower middle income,No,,2011,Lower middle income,LMIC
UKR,2004,Lower middle income,No,,2004,Lower middle income,LMIC
UKR,2000,Low income,No,,2000,Low income,LIC
UKR,2023,Upper middle income,Yes,,2023,Upper middle income,UMIC
UKR,1988,Lower middle income,,,1988,Lower middle income,LMIC
UKR,1989,Lower middle income,,,1989,Lower middle income,LMIC
UKR,2008,Lower middle income,No,,2008,Lower middle income,LMIC
UKR,2003,Lower middle income,No,,2003,Lower middle income,LMIC
UKR,2002,Lower middle income,No,,2002,Lower middle income,LMIC
UKR,2013,Lower middle income,No,,2013,Lower middle income,LMIC
UKR,2001,Low income,No,,2001,Low income,LIC
UKR,2012,Lower middle income,No,,2012,Lower middle income,LMIC
UKR,1991,Lower middle income,,,1991,Lower middle income,LMIC
UKR,2016,Lower middle income,No,,2016,Lower middle income,LMIC
UKR,1987,Lower middle income,,,1987,Lower middle income,LMIC
UKR,2010,Lower middle income,No,,2010,Lower middle income,LMIC
UKR,1994,Lower middle income,,,1994,Lower middle income,LMIC
UKR,2022,Lower middle income,Yes,,2022,Lower middle income,LMIC
UKR,1996,Lower middle income,,,1996,Lower middle income,LMIC
URY,2020,High income,No,,2020,High income,HIC
URY,1999,Upper middle income,No,,1999,Upper middle income,UMIC
URY,2010,Upper middle income,No,,2010,Upper middle income,UMIC
URY,1993,Upper middle income,,,1993,Upper middle income,UMIC
URY,2016,High income,No,,2016,High income,HIC
URY,2009,Upper middle income,No,,2009,Upper middle income,UMIC
URY,1990,Upper middle income,,,1990,Upper middle income,UMIC
URY,1997,Upper middle income,,,1997,Upper middle income,UMIC
URY,2022,High income,No,,2022,High income,HIC
URY,1995,Upper middle income,,,1995,Upper middle income,UMIC
URY,2005,Upper middle income,No,,2005,Upper middle income,UMIC
URY,1998,Upper middle income,No,,1998,Upper middle income,UMIC
URY,1994,Upper middle income,,,1994,Upper middle income,UMIC
URY,2011,Upper middle income,No,,2011,Upper middle income,UMIC
URY,2007,Upper middle income,No,,2007,Upper middle income,UMIC
URY,2021,High income,No,,2021,High income,HIC
URY,1988,Upper middle income,,,1988,Upper middle income,UMIC
URY,2024,High income,No,,2024,High income,HIC
URY,2006,Upper middle income,No,,2006,Upper middle income,UMIC
URY,2003,Upper middle income,No,,2003,Upper middle income,UMIC
URY,2015,High income,No,,2015,High income,HIC
URY,2012,High income,No,,2012,High income,HIC
URY,2014,High income,No,,2014,High income,HIC
URY,1987,Upper middle income,,,1987,Upper middle income,UMIC
URY,2000,Upper middle income,No,,2000,Upper middle income,UMIC
URY,1996,Upper middle income,,,1996,Upper middle income,UMIC
URY,2004,Upper middle income,No,,2004,Upper middle income,UMIC
URY,2023,High income,No,,2023,High income,HIC
URY,2001,Upper middle income,No,,2001,Upper middle income,UMIC
URY,2018,High income,No,,2018,High income,HIC
URY,2017,High income,No,,2017,High income,HIC
URY,2002,Upper middle income,No,,2002,Upper middle income,UMIC
URY,1991,Upper middle income,,,1991,Upper middle income,UMIC
URY,2013,High income,No,,2013,High income,HIC
URY,1992,Upper middle income,,,1992,Upper middle income,UMIC
URY,2008,Upper middle income,No,,2008,Upper middle income,UMIC
URY,2019,High income,No,,2019,High income,HIC
URY,1989,Upper middle income,,,1989,Upper middle income,UMIC
USA,2022,High income,No,,2022,High income,HIC
USA,1992,High income,,,1992,High income,HIC
USA,1995,High income,,,1995,High income,HIC
USA,2004,High income,No,,2004,High income,HIC
USA,1987,High income,,,1987,High income,HIC
USA,1994,High income,,,1994,High income,HIC
USA,2013,High income,No,,2013,High income,HIC
USA,2000,High income,No,,2000,High income,HIC
USA,2019,High income,No,,2019,High income,HIC
USA,1989,High income,,,1989,High income,HIC
USA,1997,High income,,,1997,High income,HIC
USA,2016,High income,No,,2016,High income,HIC
USA,2006,High income,No,,2006,High income,HIC
USA,1999,High income,No,,1999,High income,HIC
USA,1990,High income,,,1990,High income,HIC
USA,1991,High income,,,1991,High income,HIC
USA,2002,High income,No,,2002,High income,HIC
USA,2018,High income,No,,2018,High income,HIC
USA,2011,High income,No,,2011,High income,HIC
USA,2023,High income,No,,2023,High income,HIC
USA,2010,High income,No,,2010,High income,HIC
USA,2008,High income,No,,2008,High income,HIC
USA,2014,High income,No,,2014,High income,HIC
USA,2009,High income,No,,2009,High income,HIC
USA,2001,High income,No,,2001,High income,HIC
USA,1996,High income,,,1996,High income,HIC
USA,2017,High income,No,,2017,High income,HIC
USA,1993,High income,,,1993,High income,HIC
USA,1988,High income,,,1988,High income,HIC
USA,2021,High income,No,,2021,High income,HIC
USA,2020,High income,No,,2020,High income,HIC
USA,2012,High income,No,,2012,High income,HIC
USA,2015,High income,No,,2015,High income,HIC
USA,2007,High income,No,,2007,High income,HIC
USA,2005,High income,No,,2005,High income,HIC
USA,1998,High income,No,,1998,High income,HIC
USA,2003,High income,No,,2003,High income,HIC
USA,2024,High income,No,,2024,High income,HIC
UZB,2011,Lower middle income,No,,2011,Lower middle income,LMIC
UZB,2021,Lower middle income,No,,2021,Lower middle income,LMIC
UZB,2014,Lower middle income,No,,2014,Lower middle income,LMIC
UZB,2006,Low income,Yes,,2006,Low income,LIC
UZB,1988,Lower middle income,,,1988,Lower middle income,LMIC
UZB,2016,Lower middle income,No,,2016,Lower middle income,LMIC
UZB,2017,Lower middle income,No,,2017,Lower middle income,LMIC
UZB,2015,Lower middle income,No,,2015,Lower middle income,LMIC
UZB,2003,Low income,Yes,,2003,Low income,LIC
UZB,1987,Lower middle income,,,1987,Lower middle income,LMIC
UZB,2019,Lower middle income,No,,2019,Lower middle income,LMIC
UZB,2022,Lower middle income,No,,2022,Lower middle income,LMIC
UZB,1991,Lower middle income,,,1991,Lower middle income,LMIC
UZB,1995,Lower middle income,,,1995,Lower middle income,LMIC
UZB,2008,Low income,No,,2008,Low income,LIC
UZB,1996,Lower middle income,,,1996,Lower middle income,LMIC
UZB,1993,Lower middle income,,,1993,Lower middle income,LMIC
UZB,1997,Lower middle income,,,1997,Lower middle income,LMIC
UZB,2001,Low income,Yes,,2001,Low income,LIC
UZB,2012,Lower middle income,No,,2012,Lower middle income,LMIC
UZB,1992,Lower middle income,,,1992,Lower middle income,LMIC
UZB,2018,Lower middle income,No,,2018,Lower middle income,LMIC
UZB,2004,Low income,Yes,,2004,Low income,LIC
UZB,1990,Lower middle income,,,1990,Lower middle income,LMIC
UZB,1998,Lower middle income,Yes,,1998,Lower middle income,LMIC
UZB,2000,Low income,Yes,,2000,Low income,LIC
UZB,2023,Lower middle income,No,,2023,Lower middle income,LMIC
UZB,2013,Lower middle income,No,,2013,Lower middle income,LMIC
UZB,2002,Low income,Yes,,2002,Low income,LIC
UZB,1994,Lower middle income,,,1994,Lower middle income,LMIC
UZB,2009,Lower middle income,No,,2009,Lower middle income,LMIC
UZB,2005,Low income,Yes,,2005,Low income,LIC
UZB,2010,Lower middle income,No,,2010,Lower middle income,LMIC
UZB,2007,Low income,Yes,,2007,Low income,LIC
UZB,2024,Lower middle income,No,,2024,Lower middle income,LMIC
UZB,2020,Lower middle income,No,,2020,Lower middle income,LMIC
UZB,1999,Low income,Yes,,1999,Low income,LIC
UZB,1989,Lower middle income,,,1989,Lower middle income,LMIC
VCT,2017,Upper middle income,No,,2017,Upper middle income,UMIC
VCT,2010,Upper middle income,No,,2010,Upper middle income,UMIC
VCT,1998,Lower middle income,No,,1998,Lower middle income,LMIC
VCT,1990,Lower middle income,,,1990,Lower middle income,LMIC
VCT,2011,Upper middle income,No,,2011,Upper middle income,UMIC
VCT,2015,Upper middle income,No,,2015,Upper middle income,UMIC
VCT,1994,Lower middle income,,,1994,Lower middle income,LMIC
VCT,2020,Upper middle income,No,,2020,Upper middle income,UMIC
VCT,2014,Upper middle income,No,,2014,Upper middle income,UMIC
VCT,2003,Upper middle income,No,,2003,Upper middle income,UMIC
VCT,1988,Lower middle income,,,1988,Lower middle income,LMIC
VCT,2004,Upper middle income,No,,2004,Upper middle income,UMIC
VCT,1999,Lower middle income,No,,1999,Lower middle income,LMIC
VCT,1995,Lower middle income,,,1995,Lower middle income,LMIC
VCT,2008,Upper middle income,No,,2008,Upper middle income,UMIC
VCT,2002,Lower middle income,No,,2002,Lower middle income,LMIC
VCT,1997,Lower middle income,,,1997,Lower middle income,LMIC
VCT,2001,Lower middle income,No,,2001,Lower middle income,LMIC
VCT,2023,Upper middle income,No,,2023,Upper middle income,UMIC
VCT,2024,Upper middle income,No,,2024,Upper middle income,UMIC
VCT,2022,Upper middle income,No,,2022,Upper middle income,UMIC
VCT,2006,Upper middle income,No,,2006,Upper middle income,UMIC
VCT,1987,Lower middle income,,,1987,Lower middle income,LMIC
VCT,2021,Upper middle income,No,,2021,Upper middle income,UMIC
VCT,2013,Upper middle income,No,,2013,Upper middle income,UMIC
VCT,2016,Upper middle income,No,,2016,Upper middle income,UMIC
VCT,2009,Upper middle income,No,,2009,Upper middle income,UMIC
VCT,2007,Upper middle income,No,,2007,Upper middle income,UMIC
VCT,1993,Lower middle income,,,1993,Lower middle income,LMIC
VCT,1991,Lower middle income,,,1991,Lower middle income,LMIC
VCT,1996,Lower middle income,,,1996,Lower middle income,LMIC
VCT,1989,Lower middle income,,,1989,Lower middle income,LMIC
VCT,2000,Lower middle income,No,,2000,Lower middle income,LMIC
VCT,1992,Lower middle income,,,1992,Lower middle income,LMIC
VCT,2018,Upper middle income,No,,2018,Upper middle income,UMIC
VCT,2019,Upper middle income,No,,2019,Upper middle income,UMIC
VCT,2012,Upper middle income,No,,2012,Upper middle income,UMIC
VCT,2005,Upper middle income,No,,2005,Upper middle income,UMIC
VEN,1995,Lower middle income,,,1995,Lower middle income,LMIC
VEN,1999,Upper middle income,No,,1999,Upper middle income,UMIC
VEN,1997,Upper middle income,,,1997,Upper middle income,UMIC
VEN,2023,Upper middle income,Yes,,2023,Upper middle income,UMIC
VEN,2003,Upper middle income,No,,2003,Upper middle income,UMIC
VEN,2009,Upper middle income,No,,2009,Upper middle income,UMIC
VEN,1992,Upper middle income,,,1992,Upper middle income,UMIC
VEN,2007,Upper middle income,No,,2007,Upper middle income,UMIC
VEN,2024,Upper middle income,Yes,,2024,Upper middle income,UMIC
VEN,1998,Upper middle income,No,,1998,Upper middle income,UMIC
VEN,2014,High income,No,,2014,High income,HIC
VEN,2018,Upper middle income,Yes,,2018,Upper middle income,UMIC
VEN,1988,Upper middle income,,,1988,Upper middle income,UMIC
VEN,1994,Lower middle income,,,1994,Lower middle income,LMIC
VEN,1993,Upper middle income,,,1993,Upper middle income,UMIC
VEN,2012,Upper middle income,No,,2012,Upper middle income,UMIC
VEN,2020,Upper middle income,Yes,,2020,Upper middle income,UMIC
VEN,1990,Upper middle income,,,1990,Upper middle income,UMIC
VEN,2017,Upper middle income,No,,2017,Upper middle income,UMIC
VEN,1991,Upper middle income,,,1991,Upper middle income,UMIC
VEN,2002,Upper middle income,No,,2002,Upper middle income,UMIC
VEN,1996,Lower middle income,,,1996,Lower middle income,LMIC
VEN,2021,Upper middle income,Yes,,2021,Upper middle income,UMIC
VEN,1989,Upper middle income,,,1989,Upper middle income,UMIC
VEN,2022,Upper middle income,Yes,,2022,Upper middle income,UMIC
VEN,2019,Upper middle income,Yes,,2019,Upper middle income,UMIC
VEN,2010,Upper middle income,No,,2010,Upper middle income,UMIC
VEN,2008,Upper middle income,No,,2008,Upper middle income,UMIC
VEN,2004,Upper middle income,No,,2004,Upper middle income,UMIC
VEN,2016,Upper middle income,No,,2016,Upper middle income,UMIC
VEN,2015,Upper middle income,No,,2015,Upper middle income,UMIC
VEN,2006,Upper middle income,No,,2006,Upper middle income,UMIC
VEN,2000,Upper middle income,No,,2000,Upper middle income,UMIC
VEN,2011,Upper middle income,No,,2011,Upper middle income,UMIC
VEN,1987,Upper middle income,,,1987,Upper middle income,UMIC
VEN,2005,Upper middle income,No,,2005,Upper middle income,UMIC
VEN,2013,Upper middle income,No,,2013,Upper middle income,UMIC
VEN,2001,Upper middle income,No,,2001,Upper middle income,UMIC
VGB,1996,High income,,,1996,High income,HIC
VGB,2008,High income,No,,2008,High income,HIC
VGB,2004,High income,No,,2004,High income,HIC
VGB,2014,High income,No,,2014,High income,HIC
VGB,1987,High income,,,1987,High income,HIC
VGB,1992,High income,,,1992,High income,HIC
VGB,2007,High income,No,,2007,High income,HIC
VGB,2024,High income,No,,2024,High income,HIC
VGB,2003,High income,No,,2003,High income,HIC
VGB,2015,High income,No,,2015,High income,HIC
VGB,2001,High income,No,,2001,High income,HIC
VGB,2019,High income,No,,2019,High income,HIC
VGB,2010,High income,No,,2010,High income,HIC
VGB,2020,High income,No,,2020,High income,HIC
VGB,2011,High income,No,,2011,High income,HIC
VGB,1991,High income,,,1991,High income,HIC
VGB,1998,High income,No,,1998,High income,HIC
VGB,2000,High income,No,,2000,High income,HIC
VGB,1994,High income,,,1994,High income,HIC
VGB,2017,High income,No,,2017,High income,HIC
VGB,2006,High income,No,,2006,High income,HIC
VGB,2021,High income,No,,2021,High income,HIC
VGB,1995,High income,,,1995,High income,HIC
VGB,2002,High income,No,,2002,High income,HIC
VGB,1999,High income,No,,1999,High income,HIC
VGB,1988,High income,,,1988,High income,HIC
VGB,2018,High income,No,,2018,High income,HIC
VGB,1993,High income,,,1993,High income,HIC
VGB,2005,High income,No,,2005,High income,HIC
VGB,1989,High income,,,1989,High income,HIC
VGB,2016,High income,No,,2016,High income,HIC
VGB,2013,High income,No,,2013,High income,HIC
VGB,1997,High income,,,1997,High income,HIC
VGB,2009,High income,No,,2009,High income,HIC
VGB,2012,High income,No,,2012,High income,HIC
VGB,2022,High income,No,,2022,High income,HIC
VGB,1990,High income,,,1990,High income,HIC
VGB,2023,High income,No,,2023,High income,HIC
VIR,2006,High income,No,,2006,High income,HIC
VIR,2011,High income,No,,2011,High income,HIC
VIR,1996,High income,,,1996,High income,HIC
VIR,1998,High income,No,,1998,High income,HIC
VIR,1997,High income,,,1997,High income,HIC
VIR,1987,High income,,,1987,High income,HIC
VIR,2016,High income,No,,2016,High income,HIC
VIR,2000,High income,No,,2000,High income,HIC
VIR,2014,High income,No,,2014,High income,HIC
VIR,1995,High income,,,1995,High income,HIC
VIR,2015,High income,No,,2015,High income,HIC
VIR,2008,High income,No,,2008,High income,HIC
VIR,1993,High income,,,1993,High income,HIC
VIR,2022,High income,No,,2022,High income,HIC
VIR,1991,High income,,,1991,High income,HIC
VIR,1989,High income,,,1989,High income,HIC
VIR,2001,High income,No,,2001,High income,HIC
VIR,2021,High income,No,,2021,High income,HIC
VIR,2012,High income,No,,2012,High income,HIC
VIR,2019,High income,No,,2019,High income,HIC
VIR,2003,High income,No,,2003,High income,HIC
VIR,2004,High income,No,,2004,High income,HIC
VIR,2010,High income,No,,2010,High income,HIC
VIR,1994,High income,,,1994,High income,HIC
VIR,2024,High income,No,,2024,High income,HIC
VIR,1992,High income,,,1992,High income,HIC
VIR,2023,High income,No,,2023,High income,HIC
VIR,1988,High income,,,1988,High income,HIC
VIR,2002,High income,No,,2002,High income,HIC
VIR,2013,High income,No,,2013,High income,HIC
VIR,1990,High income,,,1990,High income,HIC
VIR,2020,High income,No,,2020,High income,HIC
VIR,1999,High income,No,,1999,High income,HIC
VIR,2018,High income,No,,2018,High income,HIC
VIR,2017,High income,No,,2017,High income,HIC
VIR,2009,High income,No,,2009,High income,HIC
VIR,2005,High income,No,,2005,High income,HIC
VIR,2007,High income,No,,2007,High income,HIC
VNM,2011,Lower middle income,No,,2011,Lower middle income,LMIC
VNM,1988,Low income,,,1988,Low income,LIC
VNM,1995,Low income,,,1995,Low income,LIC
VNM,1992,Low income,,,1992,Low income,LIC
VNM,2014,Lower middle income,No,,2014,Lower middle income,LMIC
VNM,2003,Low income,No,,2003,Low income,LIC
VNM,2005,Low income,No,,2005,Low income,LIC
VNM,2020,Lower middle income,No,,2020,Lower middle income,LMIC
VNM,2001,Low income,No,,2001,Low income,LIC
VNM,2004,Low income,No,,2004,Low income,LIC
VNM,1993,Low income,,,1993,Low income,LIC
VNM,1996,Low income,,,1996,Low income,LIC
VNM,2013,Lower middle income,No,,2013,Lower middle income,LMIC
VNM,2024,Lower middle income,No,,2024,Lower middle income,LMIC
VNM,1999,Low income,No,,1999,Low income,LIC
VNM,1987,Low income,,,1987,Low income,LIC
VNM,2018,Lower middle income,No,,2018,Lower middle income,LMIC
VNM,1998,Low income,No,,1998,Low income,LIC
VNM,2009,Lower middle income,No,,2009,Lower middle income,LMIC
VNM,2007,Low income,No,,2007,Low income,LIC
VNM,2022,Lower middle income,No,,2022,Lower middle income,LMIC
VNM,2006,Low income,No,,2006,Low income,LIC
VNM,1989,Low income,,,1989,Low income,LIC
VNM,2008,Low income,No,,2008,Low income,LIC
VNM,1990,Low income,,,1990,Low income,LIC
VNM,2023,Lower middle income,No,,2023,Lower middle income,LMIC
VNM,2002,Low income,No,,2002,Low income,LIC
VNM,2021,Lower middle income,No,,2021,Lower middle income,LMIC
VNM,2019,Lower middle income,No,,2019,Lower middle income,LMIC
VNM,2016,Lower middle income,No,,2016,Lower middle income,LMIC
VNM,2017,Lower middle income,No,,2017,Lower middle income,LMIC
VNM,2000,Low income,No,,2000,Low income,LIC
VNM,2012,Lower middle income,No,,2012,Lower middle income,LMIC
VNM,2015,Lower middle income,No,,2015,Lower middle income,LMIC
VNM,1994,Low income,,,1994,Low income,LIC
VNM,1991,Low income,,,1991,Low income,LIC
VNM,1997,Low income,,,1997,Low income,LIC
VNM,2010,Lower middle income,No,,2010,Lower middle income,LMIC
VUT,1987,Lower middle income,,,1987,Lower middle income,LMIC
VUT,2006,Lower middle income,Yes,,2006,Lower middle income,LMIC
VUT,2013,Lower middle income,No,,2013,Lower middle income,LMIC
VUT,1999,Lower middle income,No,,1999,Lower middle income,LMIC
VUT,1997,Lower middle income,,,1997,Lower middle income,LMIC
VUT,2024,Lower middle income,No,,2024,Lower middle income,LMIC
VUT,2015,Lower middle income,No,,2015,Lower middle income,LMIC
VUT,2021,Lower middle income,No,,2021,Lower middle income,LMIC
VUT,1994,Lower middle income,,,1994,Lower middle income,LMIC
VUT,1992,Lower middle income,,,1992,Lower middle income,LMIC
VUT,2019,Lower middle income,No,,2019,Lower middle income,LMIC
VUT,2016,Lower middle income,No,,2016,Lower middle income,LMIC
VUT,1996,Lower middle income,,,1996,Lower middle income,LMIC
VUT,2009,Lower middle income,No,,2009,Lower middle income,LMIC
VUT,2005,Lower middle income,Yes,,2005,Lower middle income,LMIC
VUT,2023,Lower middle income,No,,2023,Lower middle income,LMIC
VUT,2014,Lower middle income,No,,2014,Lower middle income,LMIC
VUT,1995,Lower middle income,,,1995,Lower middle income,LMIC
VUT,2001,Lower middle income,No,,2001,Lower middle income,LMIC
VUT,1989,Lower middle income,,,1989,Lower middle income,LMIC
VUT,2000,Lower middle income,No,,2000,Lower middle income,LMIC
VUT,2018,Lower middle income,No,,2018,Lower middle income,LMIC
VUT,2012,Lower middle income,No,,2012,Lower middle income,LMIC
VUT,2022,Lower middle income,No,,2022,Lower middle income,LMIC
VUT,1990,Lower middle income,,,1990,Lower middle income,LMIC
VUT,2010,Lower middle income,No,,2010,Lower middle income,LMIC
VUT,1993,Lower middle income,,,1993,Lower middle income,LMIC
VUT,2020,Lower middle income,No,,2020,Lower middle income,LMIC
VUT,2008,Lower middle income,No,,2008,Lower middle income,LMIC
VUT,2003,Lower middle income,No,,2003,Lower middle income,LMIC
VUT,1998,Lower middle income,No,,1998,Lower middle income,LMIC
VUT,2007,Lower middle income,No,,2007,Lower middle income,LMIC
VUT,2002,Lower middle income,No,,2002,Lower middle income,LMIC
VUT,2017,Lower middle income,No,,2017,Lower middle income,LMIC
VUT,2004,Lower middle income,Yes,,2004,Lower middle income,LMIC
VUT,1991,Lower middle income,,,1991,Lower middle income,LMIC
VUT,1988,Lower middle income,,,1988,Lower middle income,LMIC
VUT,2011,Lower middle income,No,,2011,Lower middle income,LMIC
WSM,2021,Lower middle income,No,,2021,Lower middle income,LMIC
WSM,2024,Upper middle income,No,,2024,Upper middle income,UMIC
WSM,1995,Lower middle income,,,1995,Lower middle income,LMIC
WSM,1991,Lower middle income,,,1991,Lower middle income,LMIC
WSM,2009,Lower middle income,No,,2009,Lower middle income,LMIC
WSM,1997,Lower middle income,,,1997,Lower middle income,LMIC
WSM,2020,Lower middle income,No,,2020,Lower middle income,LMIC
WSM,2022,Lower middle income,No,,2022,Lower middle income,LMIC
WSM,2008,Lower middle income,No,,2008,Lower middle income,LMIC
WSM,1999,Lower middle income,No,,1999,Lower middle income,LMIC
WSM,1990,Lower middle income,,,1990,Lower middle income,LMIC
WSM,2017,Upper middle income,No,,2017,Upper middle income,UMIC
WSM,2003,Lower middle income,No,,2003,Lower middle income,LMIC
WSM,2014,Lower middle income,No,,2014,Lower middle income,LMIC
WSM,2018,Upper middle income,No,,2018,Upper middle income,UMIC
WSM,2006,Lower middle income,No,,2006,Lower middle income,LMIC
WSM,1992,Lower middle income,,,1992,Lower middle income,LMIC
WSM,2023,Lower middle income,No,,2023,Lower middle income,LMIC
WSM,2010,Lower middle income,No,,2010,Lower middle income,LMIC
WSM,2012,Lower middle income,No,,2012,Lower middle income,LMIC
WSM,2001,Lower middle income,No,,2001,Lower middle income,LMIC
WSM,1998,Lower middle income,No,,1998,Lower middle income,LMIC
WSM,2005,Lower middle income,No,,2005,Lower middle income,LMIC
WSM,1993,Lower middle income,,,1993,Lower middle income,LMIC
WSM,2013,Lower middle income,No,,2013,Lower middle income,LMIC
WSM,1996,Lower middle income,,,1996,Lower middle income,LMIC
WSM,2016,Upper middle income,No,,2016,Upper middle income,UMIC
WSM,2000,Lower middle income,No,,2000,Lower middle income,LMIC
WSM,1988,Lower middle income,,,1988,Lower middle income,LMIC
WSM,2007,Lower middle income,No,,2007,Lower middle income,LMIC
WSM,1994,Lower middle income,,,1994,Lower middle income,LMIC
WSM,2004,Lower middle income,No,,2004,Lower middle income,LMIC
WSM,2019,Upper middle income,No,,2019,Upper middle income,UMIC
WSM,2002,Lower middle income,No,,2002,Lower middle income,LMIC
WSM,2015,Lower middle income,No,,2015,Lower middle income,LMIC
WSM,1987,Lower middle income,,,1987,Lower middle income,LMIC
WSM,2011,Lower middle income,No,,2011,Lower middle income,LMIC
WSM,1989,Lower middle income,,,1989,Lower middle income,LMIC
XKX,1997,Lower middle income,,,1997,Lower middle income,LMIC
XKX,2005,Lower middle income,Yes,,2005,Lower middle income,LMIC
XKX,2024,Upper middle income,No,,2024,Upper middle income,UMIC
XKX,2007,Upper middle income,Yes,,2007,Upper middle income,UMIC
XKX,2016,Lower middle income,Yes,,2016,Lower middle income,LMIC
XKX,2006,Upper middle income,Yes,,2006,Upper middle income,UMIC
XKX,1993,Lower middle income,,,1993,Lower middle income,LMIC
XKX,2015,Lower middle income,Yes,,2015,Lower middle income,LMIC
XKX,2009,Lower middle income,Yes,,2009,Lower middle income,LMIC
XKX,2021,Upper middle income,Yes,,2021,Upper middle income,UMIC
XKX,2013,Lower middle income,Yes,,2013,Lower middle income,LMIC
XKX,2018,Upper middle income,Yes,,2018,Upper middle income,UMIC
XKX,1989,Upper middle income,,,1989,Upper middle income,UMIC
XKX,2004,Lower middle income,Yes,,2004,Lower middle income,LMIC
XKX,1998,Lower middle income,No,,1998,Lower middle income,LMIC
XKX,2002,Lower middle income,Yes,,2002,Lower middle income,LMIC
XKX,1990,Upper middle income,,,1990,Upper middle income,UMIC
XKX,2010,Lower middle income,Yes,,2010,Lower middle income,LMIC
XKX,2011,Lower middle income,Yes,,2011,Lower middle income,LMIC
XKX,2023,Upper middle income,Yes,,2023,Upper middle income,UMIC
XKX,1988,Upper middle income,,,1988,Upper middle income,UMIC
XKX,1994,Lower middle income,,,1994,Lower middle income,LMIC
XKX,2012,Lower middle income,Yes,,2012,Lower middle income,LMIC
XKX,2019,Upper middle income,Yes,,2019,Upper middle income,UMIC
XKX,1995,Lower middle income,,,1995,Lower middle income,LMIC
XKX,2003,Lower middle income,Yes,,2003,Lower middle income,LMIC
XKX,2008,Lower middle income,Yes,,2008,Lower middle income,LMIC
XKX,2014,Lower middle income,Yes,,2014,Lower middle income,LMIC
XKX,2017,Lower middle income,Yes,,2017,Lower middle income,LMIC
XKX,2001,Lower middle income,Yes,,2001,Lower middle income,LMIC
XKX,2000,Lower middle income,No,,2000,Lower middle income,LMIC
XKX,1996,Lower middle income,,,1996,Lower middle income,LMIC
XKX,2020,Upper middle income,Yes,,2020,Upper middle income,UMIC
XKX,1992,Lower middle income,,,1992,Lower middle income,LMIC
XKX,1987,Upper middle income,,,1987,Upper middle income,UMIC
XKX,2022,Upper middle income,Yes,,2022,Upper middle income,UMIC
XKX,1999,Lower middle income,No,,1999,Lower middle income,LMIC
XKX,1991,Upper middle income,,,1991,Upper middle income,UMIC
YEM,1989,Lower middle income,,,1989,Lower middle income,LMIC
YEM,2004,Low income,No,,2004,Low income,LIC
YEM,2018,Low income,Yes,,2018,Low income,LIC
YEM,1992,Low income,,,1992,Low income,LIC
YEM,2012,Lower middle income,Yes,,2012,Lower middle income,LMIC
YEM,2024,Low income,Yes,,2024,Low income,LIC
YEM,2013,Lower middle income,Yes,,2013,Lower middle income,LMIC
YEM,2021,Low income,Yes,,2021,Low income,LIC
YEM,2023,Low income,Yes,,2023,Low income,LIC
YEM,1993,Low income,,,1993,Low income,LIC
YEM,2016,Lower middle income,Yes,,2016,Lower middle income,LMIC
YEM,1999,Low income,No,,1999,Low income,LIC
YEM,2019,Low income,Yes,,2019,Low income,LIC
YEM,1998,Low income,No,,1998,Low income,LIC
YEM,2001,Low income,No,,2001,Low income,LIC
YEM,2011,Lower middle income,Yes,,2011,Lower middle income,LMIC
YEM,2002,Low income,No,,2002,Low income,LIC
YEM,2022,Low income,Yes,,2022,Low income,LIC
YEM,2010,Lower middle income,Yes,,2010,Lower middle income,LMIC
YEM,2007,Low income,Yes,,2007,Low income,LIC
YEM,1987,Lower middle income,,,1987,Lower middle income,LMIC
YEM,1995,Low income,,,1995,Low income,LIC
YEM,1996,Low income,,,1996,Low income,LIC
YEM,2006,Low income,No,,2006,Low income,LIC
YEM,2015,Lower middle income,Yes,,2015,Lower middle income,LMIC
YEM,2005,Low income,No,,2005,Low income,LIC
YEM,1990,Lower middle income,,,1990,Lower middle income,LMIC
YEM,2009,Lower middle income,Yes,,2009,Lower middle income,LMIC
YEM,2020,Low income,Yes,,2020,Low income,LIC
YEM,2000,Low income,No,,2000,Low income,LIC
YEM,2003,Low income,No,,2003,Low income,LIC
YEM,1994,Low income,,,1994,Low income,LIC
YEM,1997,Low income,,,1997,Low income,LIC
YEM,2017,Low income,Yes,,2017,Low income,LIC
YEM,2008,Low income,Yes,,2008,Low income,LIC
YEM,1991,Low income,,,1991,Low income,LIC
YEM,2014,Lower middle income,Yes,,2014,Lower middle income,LMIC
YEM,1988,Lower middle income,,,1988,Lower middle income,LMIC
ZAF,1994,Upper middle income,,Eastern and Southern Africa,1994,Upper middle income,UMIC
ZAF,2015,Upper middle income,No,Eastern and Southern Africa,2015,Upper middle income,UMIC
ZAF,2021,Upper middle income,No,Eastern and Southern Africa,2021,Upper middle income,UMIC
ZAF,2024,Upper middle income,No,Eastern and Southern Africa,2024,Upper middle income,UMIC
ZAF,1989,Upper middle income,,Eastern and Southern Africa,1989,Upper middle income,UMIC
ZAF,2012,Upper middle income,No,Eastern and Southern Africa,2012,Upper middle income,UMIC
ZAF,2009,Upper middle income,No,Eastern and Southern Africa,2009,Upper middle income,UMIC
ZAF,1995,Upper middle income,,Eastern and Southern Africa,1995,Upper middle income,UMIC
ZAF,2003,Lower middle income,No,Eastern and Southern Africa,2003,Lower middle income,LMIC
ZAF,2018,Upper middle income,No,Eastern and Southern Africa,2018,Upper middle income,UMIC
ZAF,2019,Upper middle income,No,Eastern and Southern Africa,2019,Upper middle income,UMIC
ZAF,1998,Lower middle income,No,Eastern and Southern Africa,1998,Lower middle income,LMIC
ZAF,2001,Lower middle income,No,Eastern and Southern Africa,2001,Lower middle income,LMIC
ZAF,1999,Upper middle income,No,Eastern and Southern Africa,1999,Upper middle income,UMIC
ZAF,1992,Upper middle income,,Eastern and Southern Africa,1992,Upper middle income,UMIC
ZAF,1990,Upper middle income,,Eastern and Southern Africa,1990,Upper middle income,UMIC
ZAF,1996,Upper middle income,,Eastern and Southern Africa,1996,Upper middle income,UMIC
ZAF,2017,Upper middle income,No,Eastern and Southern Africa,2017,Upper middle income,UMIC
ZAF,1993,Upper middle income,,Eastern and Southern Africa,1993,Upper middle income,UMIC
ZAF,2002,Lower middle income,No,Eastern and Southern Africa,2002,Lower middle income,LMIC
ZAF,2010,Upper middle income,No,Eastern and Southern Africa,2010,Upper middle income,UMIC
ZAF,2020,Upper middle income,No,Eastern and Southern Africa,2020,Upper middle income,UMIC
ZAF,1997,Upper middle income,,Eastern and Southern Africa,1997,Upper middle income,UMIC
ZAF,2005,Upper middle income,No,Eastern and Southern Africa,2005,Upper middle income,UMIC
ZAF,2006,Upper middle income,No,Eastern and Southern Africa,2006,Upper middle income,UMIC
ZAF,2007,Upper middle income,No,Eastern and Southern Africa,2007,Upper middle income,UMIC
ZAF,2004,Upper middle income,No,Eastern and Southern Africa,2004,Upper middle income,UMIC
ZAF,2000,Upper middle income,No,Eastern and Southern Africa,2000,Upper middle income,UMIC
ZAF,2016,Upper middle income,No,Eastern and Southern Africa,2016,Upper middle income,UMIC
ZAF,2013,Upper middle income,No,Eastern and Southern Africa,2013,Upper middle income,UMIC
ZAF,1988,Upper middle income,,Eastern and Southern Africa,1988,Upper middle income,UMIC
ZAF,2008,Upper middle income,No,Eastern and Southern Africa,2008,Upper middle income,UMIC
ZAF,2023,Upper middle income,No,Eastern and Southern Africa,2023,Upper middle income,UMIC
ZAF,1991,Upper middle income,,Eastern and Southern Africa,1991,Upper middle income,UMIC
ZAF,2011,Upper middle income,No,Eastern and Southern Africa,2011,Upper middle income,UMIC
ZAF,2022,Upper middle income,No,Eastern and Southern Africa,2022,Upper middle income,UMIC
ZAF,1987,Lower middle income,,Eastern and Southern Africa,1987,Lower middle income,LMIC
ZMB,1991,Low income,,Eastern and Southern Africa,1991,Low income,LIC
ZMB,2017,Lower middle income,No,Eastern and Southern Africa,2017,Lower middle income,LMIC
ZMB,2012,Lower middle income,No,Eastern and Southern Africa,2012,Lower middle income,LMIC
ZMB,2019,Lower middle income,No,Eastern and Southern Africa,2019,Lower middle income,LMIC
ZMB,2004,Low income,No,Eastern and Southern Africa,2004,Low income,LIC
ZMB,1992,Low income,,Eastern and Southern Africa,1992,Low income,LIC
ZMB,2024,Lower middle income,No,Eastern and Southern Africa,2024,Lower middle income,LMIC
ZMB,2009,Low income,No,Eastern and Southern Africa,2009,Low income,LIC
ZMB,2008,Low income,No,Eastern and Southern Africa,2008,Low income,LIC
ZMB,1988,Low income,,Eastern and Southern Africa,1988,Low income,LIC
ZMB,2000,Low income,No,Eastern and Southern Africa,2000,Low income,LIC
ZMB,2001,Low income,No,Eastern and Southern Africa,2001,Low income,LIC
ZMB,2015,Lower middle income,No,Eastern and Southern Africa,2015,Lower middle income,LMIC
ZMB,2014,Lower middle income,No,Eastern and Southern Africa,2014,Lower middle income,LMIC
ZMB,2013,Lower middle income,No,Eastern and Southern Africa,2013,Lower middle income,LMIC
ZMB,2005,Low income,No,Eastern and Southern Africa,2005,Low income,LIC
ZMB,2022,Lower middle income,No,Eastern and Southern Africa,2022,Lower middle income,LMIC
ZMB,2016,Lower middle income,No,Eastern and Southern Africa,2016,Lower middle income,LMIC
ZMB,1996,Low income,,Eastern and Southern Africa,1996,Low income,LIC
ZMB,1995,Low income,,Eastern and Southern Africa,1995,Low income,LIC
ZMB,2021,Low income,No,Eastern and Southern Africa,2021,Low income,LIC
ZMB,1999,Low income,No,Eastern and Southern Africa,1999,Low income,LIC
ZMB,2002,Low income,No,Eastern and Southern Africa,2002,Low income,LIC
ZMB,1990,Low income,,Eastern and Southern Africa,1990,Low income,LIC
ZMB,1989,Low income,,Eastern and Southern Africa,1989,Low income,LIC
ZMB,1993,Low income,,Eastern and Southern Africa,1993,Low income,LIC
ZMB,1997,Low income,,Eastern and Southern Africa,1997,Low income,LIC
ZMB,2003,Low income,No,Eastern and Southern Africa,2003,Low income,LIC
ZMB,2006,Low income,No,Eastern and Southern Africa,2006,Low income,LIC
ZMB,1994,Low income,,Eastern and Southern Africa,1994,Low income,LIC
ZMB,2010,Lower middle income,No,Eastern and Southern Africa,2010,Lower middle income,LMIC
ZMB,2018,Lower middle income,No,Eastern and Southern Africa,2018,Lower middle income,LMIC
ZMB,1998,Low income,No,Eastern and Southern Africa,1998,Low income,LIC
ZMB,2020,Lower middle income,No,Eastern and Southern Africa,2020,Lower middle income,LMIC
ZMB,2011,Lower middle income,No,Eastern and Southern Africa,2011,Lower middle income,LMIC
ZMB,1987,Low income,,Eastern and Southern Africa,1987,Low income,LIC
ZMB,2023,Lower middle income,No,Eastern and Southern Africa,2023,Lower middle income,LMIC
ZWE,1998,Low income,No,Eastern and Southern Africa,1998,Low income,LIC
ZWE,2010,Low income,Yes,Eastern and Southern Africa,2010,Low income,LIC
ZWE,1990,Lower middle income,,Eastern and Southern Africa,1990,Lower middle income,LMIC
ZWE,2021,Lower middle income,Yes,Eastern and Southern Africa,2021,Lower middle income,LMIC
ZWE,2014,Low income,Yes,Eastern and Southern Africa,2014,Low income,LIC
ZWE,2012,Low income,Yes,Eastern and Southern Africa,2012,Low income,LIC
ZWE,1988,Lower middle income,,Eastern and Southern Africa,1988,Lower middle income,LMIC
ZWE,1991,Low income,,Eastern and Southern Africa,1991,Low income,LIC
ZWE,1994,Low income,,Eastern and Southern Africa,1994,Low income,LIC
ZWE,2004,Low income,Yes,Eastern and Southern Africa,2004,Low income,LIC
ZWE,2019,Lower middle income,Yes,Eastern and Southern Africa,2019,Lower middle income,LMIC
ZWE,2015,Low income,Yes,Eastern and Southern Africa,2015,Low income,LIC
ZWE,2008,Low income,Yes,Eastern and Southern Africa,2008,Low income,LIC
ZWE,2011,Low income,Yes,Eastern and Southern Africa,2011,Low income,LIC
ZWE,1995,Low income,,Eastern and Southern Africa,1995,Low income,LIC
ZWE,2000,Low income,Yes,Eastern and Southern Africa,2000,Low income,LIC
ZWE,2017,Low income,Yes,Eastern and Southern Africa,2017,Low income,LIC
ZWE,2020,Lower middle income,Yes,Eastern and Southern Africa,2020,Lower middle income,LMIC
ZWE,2013,Low income,Yes,Eastern and Southern Africa,2013,Low income,LIC
ZWE,1992,Low income,,Eastern and Southern Africa,1992,Low income,LIC
ZWE,2001,Low income,Yes,Eastern and Southern Africa,2001,Low income,LIC
ZWE,2002,Low income,Yes,Eastern and Southern Africa,2002,Low income,LIC
ZWE,2016,Low income,Yes,Eastern and Southern Africa,2016,Low income,LIC
ZWE,2009,Low income,Yes,Eastern and Southern Africa,2009,Low income,LIC
ZWE,1996,Low income,,Eastern and Southern Africa,1996,Low income,LIC
ZWE,1993,Low income,,Eastern and Southern Africa,1993,Low income,LIC
ZWE,2006,Low income,Yes,Eastern and Southern Africa,2006,Low income,LIC
ZWE,2007,Low income,Yes,Eastern and Southern Africa,2007,Low income,LIC
ZWE,1997,Low income,,Eastern and Southern Africa,1997,Low income,LIC
ZWE,2018,Lower middle income,Yes,Eastern and Southern Africa,2018,Lower middle income,LMIC
ZWE,2003,Low income,Yes,Eastern and Southern Africa,2003,Low income,LIC
ZWE,2023,Lower middle income,Yes,Eastern and Southern Africa,2023,Lower middle income,LMIC
ZWE,2024,Lower middle income,Yes,Eastern and Southern Africa,2024,Lower middle income,LMIC
ZWE,2005,Low income,Yes,Eastern and Southern Africa,2005,Low income,LIC
ZWE,1987,Lower middle income,,Eastern and Southern Africa,1987,Lower middle income,LMIC
ZWE,2022,Lower middle income,Yes,Eastern and Southern Africa,2022,Lower middle income,LMIC
ZWE,1989,Lower middle income,,Eastern and Southern Africa,1989,Lower middle income,LMIC
